-- phpMyAdmin SQL Dump
-- version 5.2.0
-- https://www.phpmyadmin.net/
--
-- Servidor: 127.0.0.1
-- Tiempo de generación: 19-11-2022 a las 08:11:24
-- Versión del servidor: 10.4.24-MariaDB
-- Versión de PHP: 8.1.6

SET SQL_MODE = "NO_AUTO_VALUE_ON_ZERO";
START TRANSACTION;
SET time_zone = "+00:00";


/*!40101 SET @OLD_CHARACTER_SET_CLIENT=@@CHARACTER_SET_CLIENT */;
/*!40101 SET @OLD_CHARACTER_SET_RESULTS=@@CHARACTER_SET_RESULTS */;
/*!40101 SET @OLD_COLLATION_CONNECTION=@@COLLATION_CONNECTION */;
/*!40101 SET NAMES utf8mb4 */;

--
-- Base de datos: `decoraci_decopino`
--

-- --------------------------------------------------------

--
-- Estructura de tabla para la tabla `departamentos`
--

CREATE TABLE `departamentos` (
  `id` int(11) NOT NULL COMMENT 'Identificador único del registro',
  `departamento` varchar(100) DEFAULT NULL COMMENT 'Nombre del departamento que se registra',
  `pais` int(11) NOT NULL COMMENT 'Identificador del pais al que pertenece el departamento',
  `estado` int(1) DEFAULT NULL COMMENT '0 inactivo, 1 activo',
  `fregistro` timestamp NOT NULL DEFAULT current_timestamp() COMMENT 'Fecha de registro del departamento',
  `factualizado` timestamp NULL DEFAULT NULL COMMENT 'Fecha en que se hizo una modificación al campo de departamento'
) ENGINE=InnoDB DEFAULT CHARSET=latin1;

--
-- Volcado de datos para la tabla `departamentos`
--

INSERT INTO `departamentos` (`id`, `departamento`, `pais`, `estado`, `fregistro`, `factualizado`) VALUES
(5, 'ANTIOQUIA', 82, 1, '2022-10-18 23:11:26', NULL),
(8, 'ATLÁNTICO', 82, 1, '2022-10-18 23:11:26', NULL),
(11, 'BOGOTÁ, D.C.', 82, 1, '2022-10-18 23:11:26', NULL),
(13, 'BOLÍVAR', 82, 1, '2022-10-18 23:11:26', NULL),
(15, 'BOYACÁ', 82, 1, '2022-10-18 23:11:26', NULL),
(17, 'CALDAS', 82, 1, '2022-10-18 23:11:26', NULL),
(18, 'CAQUETÁ', 82, 1, '2022-10-18 23:11:26', NULL),
(19, 'CAUCA', 82, 1, '2022-10-18 23:11:26', NULL),
(20, 'CESAR', 82, 1, '2022-10-18 23:11:26', NULL),
(23, 'CÓRDOBA', 82, 1, '2022-10-18 23:11:26', NULL),
(25, 'CUNDINAMARCA', 82, 1, '2022-10-18 23:11:26', NULL),
(27, 'CHOCÓ', 82, 1, '2022-10-18 23:11:26', NULL),
(41, 'HUILA', 82, 1, '2022-10-18 23:11:26', NULL),
(44, 'LA GUAJIRA', 82, 1, '2022-10-18 23:11:26', NULL),
(47, 'MAGDALENA', 82, 1, '2022-10-18 23:11:26', NULL),
(50, 'META', 82, 1, '2022-10-18 23:11:26', NULL),
(52, 'NARIÑO', 82, 1, '2022-10-18 23:11:26', NULL),
(54, 'NORTE DE SANTANDER', 82, 1, '2022-10-18 23:11:26', NULL),
(63, 'QUINDIO', 82, 1, '2022-10-18 23:11:26', NULL),
(66, 'RISARALDA', 82, 1, '2022-10-18 23:11:26', NULL),
(68, 'SANTANDER', 82, 1, '2022-10-18 23:11:26', NULL),
(70, 'SUCRE', 82, 1, '2022-10-18 23:11:26', NULL),
(73, 'TOLIMA', 82, 1, '2022-10-18 23:11:26', NULL),
(76, 'VALLE DEL CAUCA', 82, 1, '2022-10-18 23:11:26', NULL),
(81, 'ARAUCA', 82, 1, '2022-10-18 23:11:26', NULL),
(85, 'CASANARE', 82, 1, '2022-10-18 23:11:26', NULL),
(86, 'PUTUMAYO', 82, 1, '2022-10-18 23:11:26', NULL),
(88, 'ARCHIPIÉLAGO DE SAN ANDRÉS, PROVIDENCIA Y SANTA CATALINA', 82, 1, '2022-10-18 23:11:26', NULL),
(91, 'AMAZONAS', 82, 1, '2022-10-18 23:11:26', NULL),
(94, 'GUAINÍA', 82, 1, '2022-10-18 23:11:26', NULL),
(95, 'GUAVIARE', 82, 1, '2022-10-18 23:11:26', NULL),
(97, 'VAUPÉS', 82, 1, '2022-10-18 23:11:26', NULL),
(99, 'VICHADA', 82, 1, '2022-10-18 23:11:26', NULL);

-- --------------------------------------------------------

--
-- Estructura de tabla para la tabla `madciudades`
--

CREATE TABLE `madciudades` (
  `id` int(11) NOT NULL COMMENT 'Identificador unico del registro',
  `ciudad` varchar(100) NOT NULL COMMENT 'Nombre de la ciudad registrada',
  `departamento` int(11) NOT NULL COMMENT 'Identificador del departamento al que pertenece la ciudad',
  `estado` int(1) DEFAULT NULL COMMENT '0 inactivo, 1 activo',
  `fregistro` timestamp NOT NULL DEFAULT current_timestamp() COMMENT ' Fecha de registro de la ciudad',
  `factualizado` timestamp NULL DEFAULT NULL COMMENT 'Fecha en que se hizo una modificación al campo de ciudad'
) ENGINE=InnoDB DEFAULT CHARSET=latin1;

--
-- Volcado de datos para la tabla `madciudades`
--

INSERT INTO `madciudades` (`id`, `ciudad`, `departamento`, `estado`, `fregistro`, `factualizado`) VALUES
(1, 'Abriaquí', 5, 1, '2022-10-18 23:11:42', NULL),
(2, 'Acacías', 50, 1, '2022-10-18 23:11:42', NULL),
(3, 'Acandí', 27, 1, '2022-10-18 23:11:42', NULL),
(4, 'Acevedo', 41, 1, '2022-10-18 23:11:42', NULL),
(5, 'Achí', 13, 1, '2022-10-18 23:11:42', NULL),
(6, 'Agrado', 41, 1, '2022-10-18 23:11:42', NULL),
(7, 'Agua de Dios', 25, 1, '2022-10-18 23:11:42', NULL),
(8, 'Aguachica', 20, 1, '2022-10-18 23:11:42', NULL),
(9, 'Aguada', 68, 1, '2022-10-18 23:11:42', NULL),
(10, 'Aguadas', 17, 1, '2022-10-18 23:11:42', NULL),
(11, 'Aguazul', 85, 1, '2022-10-18 23:11:42', NULL),
(12, 'Agustín Codazzi', 20, 1, '2022-10-18 23:11:42', NULL),
(13, 'Aipe', 41, 1, '2022-10-18 23:11:42', NULL),
(14, 'Albania', 18, 1, '2022-10-18 23:11:42', NULL),
(15, 'Albania', 44, 1, '2022-10-18 23:11:42', NULL),
(16, 'Albania', 68, 1, '2022-10-18 23:11:42', NULL),
(17, 'Albán', 25, 1, '2022-10-18 23:11:42', NULL),
(18, 'Albán (San José)', 52, 1, '2022-10-18 23:11:42', NULL),
(19, 'Alcalá', 76, 1, '2022-10-18 23:11:42', NULL),
(20, 'Alejandria', 5, 1, '2022-10-18 23:11:42', NULL),
(21, 'Algarrobo', 47, 1, '2022-10-18 23:11:42', NULL),
(22, 'Algeciras', 41, 1, '2022-10-18 23:11:42', NULL),
(23, 'Almaguer', 19, 1, '2022-10-18 23:11:42', NULL),
(24, 'Almeida', 15, 1, '2022-10-18 23:11:42', NULL),
(25, 'Alpujarra', 73, 1, '2022-10-18 23:11:42', NULL),
(26, 'Altamira', 41, 1, '2022-10-18 23:11:42', NULL),
(27, 'Alto Baudó (Pie de Pato)', 27, 1, '2022-10-18 23:11:42', NULL),
(28, 'Altos del Rosario', 13, 1, '2022-10-18 23:11:42', NULL),
(29, 'Alvarado', 73, 1, '2022-10-18 23:11:42', NULL),
(30, 'Amagá', 5, 1, '2022-10-18 23:11:42', NULL),
(31, 'Amalfi', 5, 1, '2022-10-18 23:11:42', NULL),
(32, 'Ambalema', 73, 1, '2022-10-18 23:11:42', NULL),
(33, 'Anapoima', 25, 1, '2022-10-18 23:11:42', NULL),
(34, 'Ancuya', 52, 1, '2022-10-18 23:11:42', NULL),
(35, 'Andalucía', 76, 1, '2022-10-18 23:11:42', NULL),
(36, 'Andes', 5, 1, '2022-10-18 23:11:42', NULL),
(37, 'Angelópolis', 5, 1, '2022-10-18 23:11:42', NULL),
(38, 'Angostura', 5, 1, '2022-10-18 23:11:42', NULL),
(39, 'Anolaima', 25, 1, '2022-10-18 23:11:42', NULL),
(40, 'Anorí', 5, 1, '2022-10-18 23:11:42', NULL),
(41, 'Anserma', 17, 1, '2022-10-18 23:11:42', NULL),
(42, 'Ansermanuevo', 76, 1, '2022-10-18 23:11:42', NULL),
(43, 'Anzoátegui', 73, 1, '2022-10-18 23:11:42', NULL),
(44, 'Anzá', 5, 1, '2022-10-18 23:11:42', NULL),
(45, 'Apartadó', 5, 1, '2022-10-18 23:11:42', NULL),
(46, 'Apulo', 25, 1, '2022-10-18 23:11:42', NULL),
(47, 'Apía', 66, 1, '2022-10-18 23:11:42', NULL),
(48, 'Aquitania', 15, 1, '2022-10-18 23:11:42', NULL),
(49, 'Aracataca', 47, 1, '2022-10-18 23:11:42', NULL),
(50, 'Aranzazu', 17, 1, '2022-10-18 23:11:42', NULL),
(51, 'Aratoca', 68, 1, '2022-10-18 23:11:42', NULL),
(52, 'Arauca', 81, 1, '2022-10-18 23:11:42', NULL),
(53, 'Arauquita', 81, 1, '2022-10-18 23:11:42', NULL),
(54, 'Arbeláez', 25, 1, '2022-10-18 23:11:42', NULL),
(55, 'Arboleda (Berruecos)', 52, 1, '2022-10-18 23:11:42', NULL),
(56, 'Arboledas', 54, 1, '2022-10-18 23:11:42', NULL),
(57, 'Arboletes', 5, 1, '2022-10-18 23:11:42', NULL),
(58, 'Arcabuco', 15, 1, '2022-10-18 23:11:42', NULL),
(59, 'Arenal', 13, 1, '2022-10-18 23:11:42', NULL),
(60, 'Argelia', 5, 1, '2022-10-18 23:11:42', NULL),
(61, 'Argelia', 19, 1, '2022-10-18 23:11:42', NULL),
(62, 'Argelia', 76, 1, '2022-10-18 23:11:42', NULL),
(63, 'Ariguaní (El Difícil)', 47, 1, '2022-10-18 23:11:42', NULL),
(64, 'Arjona', 13, 1, '2022-10-18 23:11:42', NULL),
(65, 'Armenia', 5, 1, '2022-10-18 23:11:42', NULL),
(66, 'Armenia', 63, 1, '2022-10-18 23:11:42', NULL),
(67, 'Armero (Guayabal)', 73, 1, '2022-10-18 23:11:42', NULL),
(68, 'Arroyohondo', 13, 1, '2022-10-18 23:11:42', NULL),
(69, 'Astrea', 20, 1, '2022-10-18 23:11:42', NULL),
(70, 'Ataco', 73, 1, '2022-10-18 23:11:42', NULL),
(71, 'Atrato (Yuto)', 27, 1, '2022-10-18 23:11:42', NULL),
(72, 'Ayapel', 23, 1, '2022-10-18 23:11:42', NULL),
(73, 'Bagadó', 27, 1, '2022-10-18 23:11:42', NULL),
(74, 'Bahía Solano (Mútis)', 27, 1, '2022-10-18 23:11:42', NULL),
(75, 'Bajo Baudó (Pizarro)', 27, 1, '2022-10-18 23:11:42', NULL),
(76, 'Balboa', 19, 1, '2022-10-18 23:11:42', NULL),
(77, 'Balboa', 66, 1, '2022-10-18 23:11:42', NULL),
(78, 'Baranoa', 8, 1, '2022-10-18 23:11:42', NULL),
(79, 'Baraya', 41, 1, '2022-10-18 23:11:42', NULL),
(80, 'Barbacoas', 52, 1, '2022-10-18 23:11:42', NULL),
(81, 'Barbosa', 5, 1, '2022-10-18 23:11:42', NULL),
(82, 'Barbosa', 68, 1, '2022-10-18 23:11:42', NULL),
(83, 'Barichara', 68, 1, '2022-10-18 23:11:42', NULL),
(84, 'Barranca de Upía', 50, 1, '2022-10-18 23:11:42', NULL),
(85, 'Barrancabermeja', 68, 1, '2022-10-18 23:11:42', NULL),
(86, 'Barrancas', 44, 1, '2022-10-18 23:11:42', NULL),
(87, 'Barranco de Loba', 13, 1, '2022-10-18 23:11:42', NULL),
(88, 'Barranquilla', 8, 1, '2022-10-18 23:11:42', NULL),
(89, 'Becerríl', 20, 1, '2022-10-18 23:11:42', NULL),
(90, 'Belalcázar', 17, 1, '2022-10-18 23:11:42', NULL),
(91, 'Bello', 5, 1, '2022-10-18 23:11:42', NULL),
(92, 'Belmira', 5, 1, '2022-10-18 23:11:42', NULL),
(93, 'Beltrán', 25, 1, '2022-10-18 23:11:42', NULL),
(94, 'Belén', 15, 1, '2022-10-18 23:11:42', NULL),
(95, 'Belén', 52, 1, '2022-10-18 23:11:42', NULL),
(96, 'Belén de Bajirá', 27, 1, '2022-10-18 23:11:42', NULL),
(97, 'Belén de Umbría', 66, 1, '2022-10-18 23:11:42', NULL),
(98, 'Belén de los Andaquíes', 18, 1, '2022-10-18 23:11:42', NULL),
(99, 'Berbeo', 15, 1, '2022-10-18 23:11:42', NULL),
(100, 'Betania', 5, 1, '2022-10-18 23:11:42', NULL),
(101, 'Beteitiva', 15, 1, '2022-10-18 23:11:42', NULL),
(102, 'Betulia', 5, 1, '2022-10-18 23:11:42', NULL),
(103, 'Betulia', 68, 1, '2022-10-18 23:11:42', NULL),
(104, 'Bituima', 25, 1, '2022-10-18 23:11:42', NULL),
(105, 'Boavita', 15, 1, '2022-10-18 23:11:42', NULL),
(106, 'Bochalema', 54, 1, '2022-10-18 23:11:42', NULL),
(107, 'Bogotá D.C.', 11, 1, '2022-10-18 23:11:42', NULL),
(108, 'Bojacá', 25, 1, '2022-10-18 23:11:42', NULL),
(109, 'Bojayá (Bellavista)', 27, 1, '2022-10-18 23:11:42', NULL),
(110, 'Bolívar', 5, 1, '2022-10-18 23:11:42', NULL),
(111, 'Bolívar', 19, 1, '2022-10-18 23:11:42', NULL),
(112, 'Bolívar', 68, 1, '2022-10-18 23:11:42', NULL),
(113, 'Bolívar', 76, 1, '2022-10-18 23:11:42', NULL),
(114, 'Bosconia', 20, 1, '2022-10-18 23:11:42', NULL),
(115, 'Boyacá', 15, 1, '2022-10-18 23:11:42', NULL),
(116, 'Briceño', 5, 1, '2022-10-18 23:11:42', NULL),
(117, 'Briceño', 15, 1, '2022-10-18 23:11:42', NULL),
(118, 'Bucaramanga', 68, 1, '2022-10-18 23:11:42', NULL),
(119, 'Bucarasica', 54, 1, '2022-10-18 23:11:42', NULL),
(120, 'Buenaventura', 76, 1, '2022-10-18 23:11:42', NULL),
(121, 'Buenavista', 15, 1, '2022-10-18 23:11:42', NULL),
(122, 'Buenavista', 23, 1, '2022-10-18 23:11:42', NULL),
(123, 'Buenavista', 63, 1, '2022-10-18 23:11:42', NULL),
(124, 'Buenavista', 70, 1, '2022-10-18 23:11:42', NULL),
(125, 'Buenos Aires', 19, 1, '2022-10-18 23:11:42', NULL),
(126, 'Buesaco', 52, 1, '2022-10-18 23:11:42', NULL),
(127, 'Buga', 76, 1, '2022-10-18 23:11:42', NULL),
(128, 'Bugalagrande', 76, 1, '2022-10-18 23:11:42', NULL),
(129, 'Burítica', 5, 1, '2022-10-18 23:11:42', NULL),
(130, 'Busbanza', 15, 1, '2022-10-18 23:11:42', NULL),
(131, 'Cabrera', 25, 1, '2022-10-18 23:11:42', NULL),
(132, 'Cabrera', 68, 1, '2022-10-18 23:11:42', NULL),
(133, 'Cabuyaro', 50, 1, '2022-10-18 23:11:42', NULL),
(134, 'Cachipay', 25, 1, '2022-10-18 23:11:42', NULL),
(135, 'Caicedo', 5, 1, '2022-10-18 23:11:42', NULL),
(136, 'Caicedonia', 76, 1, '2022-10-18 23:11:42', NULL),
(137, 'Caimito', 70, 1, '2022-10-18 23:11:42', NULL),
(138, 'Cajamarca', 73, 1, '2022-10-18 23:11:42', NULL),
(139, 'Cajibío', 19, 1, '2022-10-18 23:11:42', NULL),
(140, 'Cajicá', 25, 1, '2022-10-18 23:11:42', NULL),
(141, 'Calamar', 13, 1, '2022-10-18 23:11:42', NULL),
(142, 'Calamar', 95, 1, '2022-10-18 23:11:42', NULL),
(143, 'Calarcá', 63, 1, '2022-10-18 23:11:42', NULL),
(144, 'Caldas', 5, 1, '2022-10-18 23:11:42', NULL),
(145, 'Caldas', 15, 1, '2022-10-18 23:11:42', NULL),
(146, 'Caldono', 19, 1, '2022-10-18 23:11:42', NULL),
(147, 'California', 68, 1, '2022-10-18 23:11:42', NULL),
(148, 'Calima (Darién)', 76, 1, '2022-10-18 23:11:42', NULL),
(149, 'Caloto', 19, 1, '2022-10-18 23:11:42', NULL),
(150, 'Calí', 76, 1, '2022-10-18 23:11:42', NULL),
(151, 'Campamento', 5, 1, '2022-10-18 23:11:42', NULL),
(152, 'Campo de la Cruz', 8, 1, '2022-10-18 23:11:42', NULL),
(153, 'Campoalegre', 41, 1, '2022-10-18 23:11:42', NULL),
(154, 'Campohermoso', 15, 1, '2022-10-18 23:11:42', NULL),
(155, 'Canalete', 23, 1, '2022-10-18 23:11:42', NULL),
(156, 'Candelaria', 8, 1, '2022-10-18 23:11:42', NULL),
(157, 'Candelaria', 76, 1, '2022-10-18 23:11:42', NULL),
(158, 'Cantagallo', 13, 1, '2022-10-18 23:11:42', NULL),
(159, 'Cantón de San Pablo', 27, 1, '2022-10-18 23:11:42', NULL),
(160, 'Caparrapí', 25, 1, '2022-10-18 23:11:42', NULL),
(161, 'Capitanejo', 68, 1, '2022-10-18 23:11:42', NULL),
(162, 'Caracolí', 5, 1, '2022-10-18 23:11:42', NULL),
(163, 'Caramanta', 5, 1, '2022-10-18 23:11:42', NULL),
(164, 'Carcasí', 68, 1, '2022-10-18 23:11:42', NULL),
(165, 'Carepa', 5, 1, '2022-10-18 23:11:42', NULL),
(166, 'Carmen de Apicalá', 73, 1, '2022-10-18 23:11:42', NULL),
(167, 'Carmen de Carupa', 25, 1, '2022-10-18 23:11:42', NULL),
(168, 'Carmen de Viboral', 5, 1, '2022-10-18 23:11:42', NULL),
(169, 'Carmen del Darién (CURBARADÓ)', 27, 1, '2022-10-18 23:11:42', NULL),
(170, 'Carolina', 5, 1, '2022-10-18 23:11:42', NULL),
(171, 'Cartagena', 13, 1, '2022-10-18 23:11:42', NULL),
(172, 'Cartagena del Chairá', 18, 1, '2022-10-18 23:11:42', NULL),
(173, 'Cartago', 76, 1, '2022-10-18 23:11:42', NULL),
(174, 'Carurú', 97, 1, '2022-10-18 23:11:42', NULL),
(175, 'Casabianca', 73, 1, '2022-10-18 23:11:42', NULL),
(176, 'Castilla la Nueva', 50, 1, '2022-10-18 23:11:42', NULL),
(177, 'Caucasia', 5, 1, '2022-10-18 23:11:42', NULL),
(178, 'Cañasgordas', 5, 1, '2022-10-18 23:11:42', NULL),
(179, 'Cepita', 68, 1, '2022-10-18 23:11:42', NULL),
(180, 'Cereté', 23, 1, '2022-10-18 23:11:42', NULL),
(181, 'Cerinza', 15, 1, '2022-10-18 23:11:42', NULL),
(182, 'Cerrito', 68, 1, '2022-10-18 23:11:42', NULL),
(183, 'Cerro San Antonio', 47, 1, '2022-10-18 23:11:42', NULL),
(184, 'Chachaguí', 52, 1, '2022-10-18 23:11:42', NULL),
(185, 'Chaguaní', 25, 1, '2022-10-18 23:11:42', NULL),
(186, 'Chalán', 70, 1, '2022-10-18 23:11:42', NULL),
(187, 'Chaparral', 73, 1, '2022-10-18 23:11:42', NULL),
(188, 'Charalá', 68, 1, '2022-10-18 23:11:42', NULL),
(189, 'Charta', 68, 1, '2022-10-18 23:11:42', NULL),
(190, 'Chigorodó', 5, 1, '2022-10-18 23:11:42', NULL),
(191, 'Chima', 68, 1, '2022-10-18 23:11:42', NULL),
(192, 'Chimichagua', 20, 1, '2022-10-18 23:11:42', NULL),
(193, 'Chimá', 23, 1, '2022-10-18 23:11:42', NULL),
(194, 'Chinavita', 15, 1, '2022-10-18 23:11:42', NULL),
(195, 'Chinchiná', 17, 1, '2022-10-18 23:11:42', NULL),
(196, 'Chinácota', 54, 1, '2022-10-18 23:11:42', NULL),
(197, 'Chinú', 23, 1, '2022-10-18 23:11:42', NULL),
(198, 'Chipaque', 25, 1, '2022-10-18 23:11:42', NULL),
(199, 'Chipatá', 68, 1, '2022-10-18 23:11:42', NULL),
(200, 'Chiquinquirá', 15, 1, '2022-10-18 23:11:42', NULL),
(201, 'Chiriguaná', 20, 1, '2022-10-18 23:11:42', NULL),
(202, 'Chiscas', 15, 1, '2022-10-18 23:11:42', NULL),
(203, 'Chita', 15, 1, '2022-10-18 23:11:42', NULL),
(204, 'Chitagá', 54, 1, '2022-10-18 23:11:42', NULL),
(205, 'Chitaraque', 15, 1, '2022-10-18 23:11:42', NULL),
(206, 'Chivatá', 15, 1, '2022-10-18 23:11:42', NULL),
(207, 'Chivolo', 47, 1, '2022-10-18 23:11:42', NULL),
(208, 'Choachí', 25, 1, '2022-10-18 23:11:42', NULL),
(209, 'Chocontá', 25, 1, '2022-10-18 23:11:42', NULL),
(210, 'Chámeza', 85, 1, '2022-10-18 23:11:42', NULL),
(211, 'Chía', 25, 1, '2022-10-18 23:11:42', NULL),
(212, 'Chíquiza', 15, 1, '2022-10-18 23:11:42', NULL),
(213, 'Chívor', 15, 1, '2022-10-18 23:11:42', NULL),
(214, 'Cicuco', 13, 1, '2022-10-18 23:11:42', NULL),
(215, 'Cimitarra', 68, 1, '2022-10-18 23:11:42', NULL),
(216, 'Circasia', 63, 1, '2022-10-18 23:11:42', NULL),
(217, 'Cisneros', 5, 1, '2022-10-18 23:11:42', NULL),
(218, 'Ciénaga', 15, 1, '2022-10-18 23:11:42', NULL),
(219, 'Ciénaga', 47, 1, '2022-10-18 23:11:42', NULL),
(220, 'Ciénaga de Oro', 23, 1, '2022-10-18 23:11:42', NULL),
(221, 'Clemencia', 13, 1, '2022-10-18 23:11:42', NULL),
(222, 'Cocorná', 5, 1, '2022-10-18 23:11:42', NULL),
(223, 'Coello', 73, 1, '2022-10-18 23:11:42', NULL),
(224, 'Cogua', 25, 1, '2022-10-18 23:11:42', NULL),
(225, 'Colombia', 41, 1, '2022-10-18 23:11:42', NULL),
(226, 'Colosó (Ricaurte)', 70, 1, '2022-10-18 23:11:42', NULL),
(227, 'Colón', 86, 1, '2022-10-18 23:11:42', NULL),
(228, 'Colón (Génova)', 52, 1, '2022-10-18 23:11:42', NULL),
(229, 'Concepción', 5, 1, '2022-10-18 23:11:42', NULL),
(230, 'Concepción', 68, 1, '2022-10-18 23:11:42', NULL),
(231, 'Concordia', 5, 1, '2022-10-18 23:11:42', NULL),
(232, 'Concordia', 47, 1, '2022-10-18 23:11:42', NULL),
(233, 'Condoto', 27, 1, '2022-10-18 23:11:42', NULL),
(234, 'Confines', 68, 1, '2022-10-18 23:11:42', NULL),
(235, 'Consaca', 52, 1, '2022-10-18 23:11:42', NULL),
(236, 'Contadero', 52, 1, '2022-10-18 23:11:42', NULL),
(237, 'Contratación', 68, 1, '2022-10-18 23:11:42', NULL),
(238, 'Convención', 54, 1, '2022-10-18 23:11:42', NULL),
(239, 'Copacabana', 5, 1, '2022-10-18 23:11:42', NULL),
(240, 'Coper', 15, 1, '2022-10-18 23:11:42', NULL),
(241, 'Cordobá', 63, 1, '2022-10-18 23:11:42', NULL),
(242, 'Corinto', 19, 1, '2022-10-18 23:11:42', NULL),
(243, 'Coromoro', 68, 1, '2022-10-18 23:11:42', NULL),
(244, 'Corozal', 70, 1, '2022-10-18 23:11:42', NULL),
(245, 'Corrales', 15, 1, '2022-10-18 23:11:42', NULL),
(246, 'Cota', 25, 1, '2022-10-18 23:11:42', NULL),
(247, 'Cotorra', 23, 1, '2022-10-18 23:11:42', NULL),
(248, 'Covarachía', 15, 1, '2022-10-18 23:11:42', NULL),
(249, 'Coveñas', 70, 1, '2022-10-18 23:11:42', NULL),
(250, 'Coyaima', 73, 1, '2022-10-18 23:11:42', NULL),
(251, 'Cravo Norte', 81, 1, '2022-10-18 23:11:42', NULL),
(252, 'Cuaspud (Carlosama)', 52, 1, '2022-10-18 23:11:42', NULL),
(253, 'Cubarral', 50, 1, '2022-10-18 23:11:42', NULL),
(254, 'Cubará', 15, 1, '2022-10-18 23:11:42', NULL),
(255, 'Cucaita', 15, 1, '2022-10-18 23:11:42', NULL),
(256, 'Cucunubá', 25, 1, '2022-10-18 23:11:42', NULL),
(257, 'Cucutilla', 54, 1, '2022-10-18 23:11:42', NULL),
(258, 'Cuitiva', 15, 1, '2022-10-18 23:11:42', NULL),
(259, 'Cumaral', 50, 1, '2022-10-18 23:11:42', NULL),
(260, 'Cumaribo', 99, 1, '2022-10-18 23:11:42', NULL),
(261, 'Cumbal', 52, 1, '2022-10-18 23:11:42', NULL),
(262, 'Cumbitara', 52, 1, '2022-10-18 23:11:42', NULL),
(263, 'Cunday', 73, 1, '2022-10-18 23:11:42', NULL),
(264, 'Curillo', 18, 1, '2022-10-18 23:11:42', NULL),
(265, 'Curití', 68, 1, '2022-10-18 23:11:42', NULL),
(266, 'Curumaní', 20, 1, '2022-10-18 23:11:42', NULL),
(267, 'Cáceres', 5, 1, '2022-10-18 23:11:42', NULL),
(268, 'Cáchira', 54, 1, '2022-10-18 23:11:42', NULL),
(269, 'Cácota', 54, 1, '2022-10-18 23:11:42', NULL),
(270, 'Cáqueza', 25, 1, '2022-10-18 23:11:42', NULL),
(271, 'Cértegui', 27, 1, '2022-10-18 23:11:42', NULL),
(272, 'Cómbita', 15, 1, '2022-10-18 23:11:42', NULL),
(273, 'Córdoba', 13, 1, '2022-10-18 23:11:42', NULL),
(274, 'Córdoba', 52, 1, '2022-10-18 23:11:42', NULL),
(275, 'Cúcuta', 54, 1, '2022-10-18 23:11:42', NULL),
(276, 'Dabeiba', 5, 1, '2022-10-18 23:11:42', NULL),
(277, 'Dagua', 76, 1, '2022-10-18 23:11:42', NULL),
(278, 'Dibulla', 44, 1, '2022-10-18 23:11:42', NULL),
(279, 'Distracción', 44, 1, '2022-10-18 23:11:42', NULL),
(280, 'Dolores', 73, 1, '2022-10-18 23:11:42', NULL),
(281, 'Don Matías', 5, 1, '2022-10-18 23:11:42', NULL),
(282, 'Dos Quebradas', 66, 1, '2022-10-18 23:11:42', NULL),
(283, 'Duitama', 15, 1, '2022-10-18 23:11:42', NULL),
(284, 'Durania', 54, 1, '2022-10-18 23:11:42', NULL),
(285, 'Ebéjico', 5, 1, '2022-10-18 23:11:42', NULL),
(286, 'El Bagre', 5, 1, '2022-10-18 23:11:42', NULL),
(287, 'El Banco', 47, 1, '2022-10-18 23:11:42', NULL),
(288, 'El Cairo', 76, 1, '2022-10-18 23:11:42', NULL),
(289, 'El Calvario', 50, 1, '2022-10-18 23:11:42', NULL),
(290, 'El Carmen', 54, 1, '2022-10-18 23:11:42', NULL),
(291, 'El Carmen', 68, 1, '2022-10-18 23:11:42', NULL),
(292, 'El Carmen de Atrato', 27, 1, '2022-10-18 23:11:42', NULL),
(293, 'El Carmen de Bolívar', 13, 1, '2022-10-18 23:11:42', NULL),
(294, 'El Castillo', 50, 1, '2022-10-18 23:11:42', NULL),
(295, 'El Cerrito', 76, 1, '2022-10-18 23:11:42', NULL),
(296, 'El Charco', 52, 1, '2022-10-18 23:11:42', NULL),
(297, 'El Cocuy', 15, 1, '2022-10-18 23:11:42', NULL),
(298, 'El Colegio', 25, 1, '2022-10-18 23:11:42', NULL),
(299, 'El Copey', 20, 1, '2022-10-18 23:11:42', NULL),
(300, 'El Doncello', 18, 1, '2022-10-18 23:11:42', NULL),
(301, 'El Dorado', 50, 1, '2022-10-18 23:11:42', NULL),
(302, 'El Dovio', 76, 1, '2022-10-18 23:11:42', NULL),
(303, 'El Espino', 15, 1, '2022-10-18 23:11:42', NULL),
(304, 'El Guacamayo', 68, 1, '2022-10-18 23:11:42', NULL),
(305, 'El Guamo', 13, 1, '2022-10-18 23:11:42', NULL),
(306, 'El Molino', 44, 1, '2022-10-18 23:11:42', NULL),
(307, 'El Paso', 20, 1, '2022-10-18 23:11:42', NULL),
(308, 'El Paujil', 18, 1, '2022-10-18 23:11:42', NULL),
(309, 'El Peñol', 52, 1, '2022-10-18 23:11:42', NULL),
(310, 'El Peñon', 13, 1, '2022-10-18 23:11:42', NULL),
(311, 'El Peñon', 68, 1, '2022-10-18 23:11:42', NULL),
(312, 'El Peñón', 25, 1, '2022-10-18 23:11:42', NULL),
(313, 'El Piñon', 47, 1, '2022-10-18 23:11:42', NULL),
(314, 'El Playón', 68, 1, '2022-10-18 23:11:42', NULL),
(315, 'El Retorno', 95, 1, '2022-10-18 23:11:42', NULL),
(316, 'El Retén', 47, 1, '2022-10-18 23:11:42', NULL),
(317, 'El Roble', 70, 1, '2022-10-18 23:11:42', NULL),
(318, 'El Rosal', 25, 1, '2022-10-18 23:11:42', NULL),
(319, 'El Rosario', 52, 1, '2022-10-18 23:11:42', NULL),
(320, 'El Tablón de Gómez', 52, 1, '2022-10-18 23:11:42', NULL),
(321, 'El Tambo', 19, 1, '2022-10-18 23:11:42', NULL),
(322, 'El Tambo', 52, 1, '2022-10-18 23:11:42', NULL),
(323, 'El Tarra', 54, 1, '2022-10-18 23:11:42', NULL),
(324, 'El Zulia', 54, 1, '2022-10-18 23:11:42', NULL),
(325, 'El Águila', 76, 1, '2022-10-18 23:11:42', NULL),
(326, 'Elías', 41, 1, '2022-10-18 23:11:42', NULL),
(327, 'Encino', 68, 1, '2022-10-18 23:11:42', NULL),
(328, 'Enciso', 68, 1, '2022-10-18 23:11:42', NULL),
(329, 'Entrerríos', 5, 1, '2022-10-18 23:11:42', NULL),
(330, 'Envigado', 5, 1, '2022-10-18 23:11:42', NULL),
(331, 'Espinal', 73, 1, '2022-10-18 23:11:42', NULL),
(332, 'Facatativá', 25, 1, '2022-10-18 23:11:42', NULL),
(333, 'Falan', 73, 1, '2022-10-18 23:11:42', NULL),
(334, 'Filadelfia', 17, 1, '2022-10-18 23:11:42', NULL),
(335, 'Filandia', 63, 1, '2022-10-18 23:11:42', NULL),
(336, 'Firavitoba', 15, 1, '2022-10-18 23:11:42', NULL),
(337, 'Flandes', 73, 1, '2022-10-18 23:11:42', NULL),
(338, 'Florencia', 18, 1, '2022-10-18 23:11:42', NULL),
(339, 'Florencia', 19, 1, '2022-10-18 23:11:42', NULL),
(340, 'Floresta', 15, 1, '2022-10-18 23:11:42', NULL),
(341, 'Florida', 76, 1, '2022-10-18 23:11:42', NULL),
(342, 'Floridablanca', 68, 1, '2022-10-18 23:11:42', NULL),
(343, 'Florián', 68, 1, '2022-10-18 23:11:42', NULL),
(344, 'Fonseca', 44, 1, '2022-10-18 23:11:42', NULL),
(345, 'Fortúl', 81, 1, '2022-10-18 23:11:42', NULL),
(346, 'Fosca', 25, 1, '2022-10-18 23:11:42', NULL),
(347, 'Francisco Pizarro', 52, 1, '2022-10-18 23:11:42', NULL),
(348, 'Fredonia', 5, 1, '2022-10-18 23:11:42', NULL),
(349, 'Fresno', 73, 1, '2022-10-18 23:11:42', NULL),
(350, 'Frontino', 5, 1, '2022-10-18 23:11:42', NULL),
(351, 'Fuente de Oro', 50, 1, '2022-10-18 23:11:42', NULL),
(352, 'Fundación', 47, 1, '2022-10-18 23:11:42', NULL),
(353, 'Funes', 52, 1, '2022-10-18 23:11:42', NULL),
(354, 'Funza', 25, 1, '2022-10-18 23:11:42', NULL),
(355, 'Fusagasugá', 25, 1, '2022-10-18 23:11:42', NULL),
(356, 'Fómeque', 25, 1, '2022-10-18 23:11:42', NULL),
(357, 'Fúquene', 25, 1, '2022-10-18 23:11:42', NULL),
(358, 'Gachalá', 25, 1, '2022-10-18 23:11:42', NULL),
(359, 'Gachancipá', 25, 1, '2022-10-18 23:11:42', NULL),
(360, 'Gachantivá', 15, 1, '2022-10-18 23:11:42', NULL),
(361, 'Gachetá', 25, 1, '2022-10-18 23:11:42', NULL),
(362, 'Galapa', 8, 1, '2022-10-18 23:11:42', NULL),
(363, 'Galeras (Nueva Granada)', 70, 1, '2022-10-18 23:11:42', NULL),
(364, 'Galán', 68, 1, '2022-10-18 23:11:42', NULL),
(365, 'Gama', 25, 1, '2022-10-18 23:11:42', NULL),
(366, 'Gamarra', 20, 1, '2022-10-18 23:11:42', NULL),
(367, 'Garagoa', 15, 1, '2022-10-18 23:11:42', NULL),
(368, 'Garzón', 41, 1, '2022-10-18 23:11:42', NULL),
(369, 'Gigante', 41, 1, '2022-10-18 23:11:42', NULL),
(370, 'Ginebra', 76, 1, '2022-10-18 23:11:42', NULL),
(371, 'Giraldo', 5, 1, '2022-10-18 23:11:42', NULL),
(372, 'Girardot', 25, 1, '2022-10-18 23:11:42', NULL),
(373, 'Girardota', 5, 1, '2022-10-18 23:11:42', NULL),
(374, 'Girón', 68, 1, '2022-10-18 23:11:42', NULL),
(375, 'Gonzalez', 20, 1, '2022-10-18 23:11:42', NULL),
(376, 'Gramalote', 54, 1, '2022-10-18 23:11:42', NULL),
(377, 'Granada', 5, 1, '2022-10-18 23:11:42', NULL),
(378, 'Granada', 25, 1, '2022-10-18 23:11:42', NULL),
(379, 'Granada', 50, 1, '2022-10-18 23:11:42', NULL),
(380, 'Guaca', 68, 1, '2022-10-18 23:11:42', NULL),
(381, 'Guacamayas', 15, 1, '2022-10-18 23:11:42', NULL),
(382, 'Guacarí', 76, 1, '2022-10-18 23:11:42', NULL),
(383, 'Guachavés', 52, 1, '2022-10-18 23:11:42', NULL),
(384, 'Guachené', 19, 1, '2022-10-18 23:11:42', NULL),
(385, 'Guachetá', 25, 1, '2022-10-18 23:11:42', NULL),
(386, 'Guachucal', 52, 1, '2022-10-18 23:11:42', NULL),
(387, 'Guadalupe', 5, 1, '2022-10-18 23:11:42', NULL),
(388, 'Guadalupe', 41, 1, '2022-10-18 23:11:42', NULL),
(389, 'Guadalupe', 68, 1, '2022-10-18 23:11:42', NULL),
(390, 'Guaduas', 25, 1, '2022-10-18 23:11:42', NULL),
(391, 'Guaitarilla', 52, 1, '2022-10-18 23:11:42', NULL),
(392, 'Gualmatán', 52, 1, '2022-10-18 23:11:42', NULL),
(393, 'Guamal', 47, 1, '2022-10-18 23:11:42', NULL),
(394, 'Guamal', 50, 1, '2022-10-18 23:11:42', NULL),
(395, 'Guamo', 73, 1, '2022-10-18 23:11:42', NULL),
(396, 'Guapota', 68, 1, '2022-10-18 23:11:42', NULL),
(397, 'Guapí', 19, 1, '2022-10-18 23:11:42', NULL),
(398, 'Guaranda', 70, 1, '2022-10-18 23:11:42', NULL),
(399, 'Guarne', 5, 1, '2022-10-18 23:11:42', NULL),
(400, 'Guasca', 25, 1, '2022-10-18 23:11:42', NULL),
(401, 'Guatapé', 5, 1, '2022-10-18 23:11:42', NULL),
(402, 'Guataquí', 25, 1, '2022-10-18 23:11:42', NULL),
(403, 'Guatavita', 25, 1, '2022-10-18 23:11:42', NULL),
(404, 'Guateque', 15, 1, '2022-10-18 23:11:42', NULL),
(405, 'Guavatá', 68, 1, '2022-10-18 23:11:42', NULL),
(406, 'Guayabal de Siquima', 25, 1, '2022-10-18 23:11:42', NULL),
(407, 'Guayabetal', 25, 1, '2022-10-18 23:11:42', NULL),
(408, 'Guayatá', 15, 1, '2022-10-18 23:11:42', NULL),
(409, 'Guepsa', 68, 1, '2022-10-18 23:11:42', NULL),
(410, 'Guicán', 15, 1, '2022-10-18 23:11:42', NULL),
(411, 'Gutiérrez', 25, 1, '2022-10-18 23:11:42', NULL),
(412, 'Guática', 66, 1, '2022-10-18 23:11:42', NULL),
(413, 'Gámbita', 68, 1, '2022-10-18 23:11:42', NULL),
(414, 'Gámeza', 15, 1, '2022-10-18 23:11:42', NULL),
(415, 'Génova', 63, 1, '2022-10-18 23:11:42', NULL),
(416, 'Gómez Plata', 5, 1, '2022-10-18 23:11:42', NULL),
(417, 'Hacarí', 54, 1, '2022-10-18 23:11:42', NULL),
(418, 'Hatillo de Loba', 13, 1, '2022-10-18 23:11:42', NULL),
(419, 'Hato', 68, 1, '2022-10-18 23:11:42', NULL),
(420, 'Hato Corozal', 85, 1, '2022-10-18 23:11:42', NULL),
(421, 'Hatonuevo', 44, 1, '2022-10-18 23:11:42', NULL),
(422, 'Heliconia', 5, 1, '2022-10-18 23:11:42', NULL),
(423, 'Herrán', 54, 1, '2022-10-18 23:11:42', NULL),
(424, 'Herveo', 73, 1, '2022-10-18 23:11:42', NULL),
(425, 'Hispania', 5, 1, '2022-10-18 23:11:42', NULL),
(426, 'Hobo', 41, 1, '2022-10-18 23:11:42', NULL),
(427, 'Honda', 73, 1, '2022-10-18 23:11:42', NULL),
(428, 'Ibagué', 73, 1, '2022-10-18 23:11:42', NULL),
(429, 'Icononzo', 73, 1, '2022-10-18 23:11:42', NULL),
(430, 'Iles', 52, 1, '2022-10-18 23:11:42', NULL),
(431, 'Imúes', 52, 1, '2022-10-18 23:11:42', NULL),
(432, 'Inzá', 19, 1, '2022-10-18 23:11:42', NULL),
(433, 'Inírida', 94, 1, '2022-10-18 23:11:42', NULL),
(434, 'Ipiales', 52, 1, '2022-10-18 23:11:42', NULL),
(435, 'Isnos', 41, 1, '2022-10-18 23:11:42', NULL),
(436, 'Istmina', 27, 1, '2022-10-18 23:11:42', NULL),
(437, 'Itagüí', 5, 1, '2022-10-18 23:11:42', NULL),
(438, 'Ituango', 5, 1, '2022-10-18 23:11:42', NULL),
(439, 'Izá', 15, 1, '2022-10-18 23:11:42', NULL),
(440, 'Jambaló', 19, 1, '2022-10-18 23:11:42', NULL),
(441, 'Jamundí', 76, 1, '2022-10-18 23:11:42', NULL),
(442, 'Jardín', 5, 1, '2022-10-18 23:11:42', NULL),
(443, 'Jenesano', 15, 1, '2022-10-18 23:11:42', NULL),
(444, 'Jericó', 5, 1, '2022-10-18 23:11:42', NULL),
(445, 'Jericó', 15, 1, '2022-10-18 23:11:42', NULL),
(446, 'Jerusalén', 25, 1, '2022-10-18 23:11:42', NULL),
(447, 'Jesús María', 68, 1, '2022-10-18 23:11:42', NULL),
(448, 'Jordán', 68, 1, '2022-10-18 23:11:42', NULL),
(449, 'Juan de Acosta', 8, 1, '2022-10-18 23:11:42', NULL),
(450, 'Junín', 25, 1, '2022-10-18 23:11:42', NULL),
(451, 'Juradó', 27, 1, '2022-10-18 23:11:42', NULL),
(452, 'La Apartada y La Frontera', 23, 1, '2022-10-18 23:11:42', NULL),
(453, 'La Argentina', 41, 1, '2022-10-18 23:11:42', NULL),
(454, 'La Belleza', 68, 1, '2022-10-18 23:11:42', NULL),
(455, 'La Calera', 25, 1, '2022-10-18 23:11:42', NULL),
(456, 'La Capilla', 15, 1, '2022-10-18 23:11:42', NULL),
(457, 'La Ceja', 5, 1, '2022-10-18 23:11:42', NULL),
(458, 'La Celia', 66, 1, '2022-10-18 23:11:42', NULL),
(459, 'La Cruz', 52, 1, '2022-10-18 23:11:42', NULL),
(460, 'La Cumbre', 76, 1, '2022-10-18 23:11:42', NULL),
(461, 'La Dorada', 17, 1, '2022-10-18 23:11:42', NULL),
(462, 'La Esperanza', 54, 1, '2022-10-18 23:11:42', NULL),
(463, 'La Estrella', 5, 1, '2022-10-18 23:11:42', NULL),
(464, 'La Florida', 52, 1, '2022-10-18 23:11:42', NULL),
(465, 'La Gloria', 20, 1, '2022-10-18 23:11:42', NULL),
(466, 'La Jagua de Ibirico', 20, 1, '2022-10-18 23:11:42', NULL),
(467, 'La Jagua del Pilar', 44, 1, '2022-10-18 23:11:42', NULL),
(468, 'La Llanada', 52, 1, '2022-10-18 23:11:42', NULL),
(469, 'La Macarena', 50, 1, '2022-10-18 23:11:42', NULL),
(470, 'La Merced', 17, 1, '2022-10-18 23:11:42', NULL),
(471, 'La Mesa', 25, 1, '2022-10-18 23:11:42', NULL),
(472, 'La Montañita', 18, 1, '2022-10-18 23:11:42', NULL),
(473, 'La Palma', 25, 1, '2022-10-18 23:11:42', NULL),
(474, 'La Paz', 68, 1, '2022-10-18 23:11:42', NULL),
(475, 'La Paz (Robles)', 20, 1, '2022-10-18 23:11:42', NULL),
(476, 'La Peña', 25, 1, '2022-10-18 23:11:42', NULL),
(477, 'La Pintada', 5, 1, '2022-10-18 23:11:42', NULL),
(478, 'La Plata', 41, 1, '2022-10-18 23:11:42', NULL),
(479, 'La Playa', 54, 1, '2022-10-18 23:11:42', NULL),
(480, 'La Primavera', 99, 1, '2022-10-18 23:11:42', NULL),
(481, 'La Salina', 85, 1, '2022-10-18 23:11:42', NULL),
(482, 'La Sierra', 19, 1, '2022-10-18 23:11:42', NULL),
(483, 'La Tebaida', 63, 1, '2022-10-18 23:11:42', NULL),
(484, 'La Tola', 52, 1, '2022-10-18 23:11:42', NULL),
(485, 'La Unión', 5, 1, '2022-10-18 23:11:42', NULL),
(486, 'La Unión', 52, 1, '2022-10-18 23:11:42', NULL),
(487, 'La Unión', 70, 1, '2022-10-18 23:11:42', NULL),
(488, 'La Unión', 76, 1, '2022-10-18 23:11:42', NULL),
(489, 'La Uvita', 15, 1, '2022-10-18 23:11:42', NULL),
(490, 'La Vega', 19, 1, '2022-10-18 23:11:42', NULL),
(491, 'La Vega', 25, 1, '2022-10-18 23:11:42', NULL),
(492, 'La Victoria', 15, 1, '2022-10-18 23:11:42', NULL),
(493, 'La Victoria', 17, 1, '2022-10-18 23:11:42', NULL),
(494, 'La Victoria', 76, 1, '2022-10-18 23:11:42', NULL),
(495, 'La Virginia', 66, 1, '2022-10-18 23:11:42', NULL),
(496, 'Labateca', 54, 1, '2022-10-18 23:11:42', NULL),
(497, 'Labranzagrande', 15, 1, '2022-10-18 23:11:42', NULL),
(498, 'Landázuri', 68, 1, '2022-10-18 23:11:42', NULL),
(499, 'Lebrija', 68, 1, '2022-10-18 23:11:42', NULL),
(500, 'Leiva', 52, 1, '2022-10-18 23:11:42', NULL),
(501, 'Lejanías', 50, 1, '2022-10-18 23:11:42', NULL),
(502, 'Lenguazaque', 25, 1, '2022-10-18 23:11:42', NULL),
(503, 'Leticia', 91, 1, '2022-10-18 23:11:42', NULL),
(504, 'Liborina', 5, 1, '2022-10-18 23:11:42', NULL),
(505, 'Linares', 52, 1, '2022-10-18 23:11:42', NULL),
(506, 'Lloró', 27, 1, '2022-10-18 23:11:42', NULL),
(507, 'Lorica', 23, 1, '2022-10-18 23:11:42', NULL),
(508, 'Los Córdobas', 23, 1, '2022-10-18 23:11:42', NULL),
(509, 'Los Palmitos', 70, 1, '2022-10-18 23:11:42', NULL),
(510, 'Los Patios', 54, 1, '2022-10-18 23:11:42', NULL),
(511, 'Los Santos', 68, 1, '2022-10-18 23:11:42', NULL),
(512, 'Lourdes', 54, 1, '2022-10-18 23:11:42', NULL),
(513, 'Luruaco', 8, 1, '2022-10-18 23:11:42', NULL),
(514, 'Lérida', 73, 1, '2022-10-18 23:11:42', NULL),
(515, 'Líbano', 73, 1, '2022-10-18 23:11:42', NULL),
(516, 'López (Micay)', 19, 1, '2022-10-18 23:11:42', NULL),
(517, 'Macanal', 15, 1, '2022-10-18 23:11:42', NULL),
(518, 'Macaravita', 68, 1, '2022-10-18 23:11:42', NULL),
(519, 'Maceo', 5, 1, '2022-10-18 23:11:42', NULL),
(520, 'Machetá', 25, 1, '2022-10-18 23:11:42', NULL),
(521, 'Madrid', 25, 1, '2022-10-18 23:11:42', NULL),
(522, 'Magangué', 13, 1, '2022-10-18 23:11:42', NULL),
(523, 'Magüi (Payán)', 52, 1, '2022-10-18 23:11:42', NULL),
(524, 'Mahates', 13, 1, '2022-10-18 23:11:42', NULL),
(525, 'Maicao', 44, 1, '2022-10-18 23:11:42', NULL),
(526, 'Majagual', 70, 1, '2022-10-18 23:11:42', NULL),
(527, 'Malambo', 8, 1, '2022-10-18 23:11:42', NULL),
(528, 'Mallama (Piedrancha)', 52, 1, '2022-10-18 23:11:42', NULL),
(529, 'Manatí', 8, 1, '2022-10-18 23:11:42', NULL),
(530, 'Manaure', 44, 1, '2022-10-18 23:11:42', NULL),
(531, 'Manaure Balcón del Cesar', 20, 1, '2022-10-18 23:11:42', NULL),
(532, 'Manizales', 17, 1, '2022-10-18 23:11:42', NULL),
(533, 'Manta', 25, 1, '2022-10-18 23:11:42', NULL),
(534, 'Manzanares', 17, 1, '2022-10-18 23:11:42', NULL),
(535, 'Maní', 85, 1, '2022-10-18 23:11:42', NULL),
(536, 'Mapiripan', 50, 1, '2022-10-18 23:11:42', NULL),
(537, 'Margarita', 13, 1, '2022-10-18 23:11:42', NULL),
(538, 'Marinilla', 5, 1, '2022-10-18 23:11:42', NULL),
(539, 'Maripí', 15, 1, '2022-10-18 23:11:42', NULL),
(540, 'Mariquita', 73, 1, '2022-10-18 23:11:42', NULL),
(541, 'Marmato', 17, 1, '2022-10-18 23:11:42', NULL),
(542, 'Marquetalia', 17, 1, '2022-10-18 23:11:42', NULL),
(543, 'Marsella', 66, 1, '2022-10-18 23:11:42', NULL),
(544, 'Marulanda', 17, 1, '2022-10-18 23:11:42', NULL),
(545, 'María la Baja', 13, 1, '2022-10-18 23:11:42', NULL),
(546, 'Matanza', 68, 1, '2022-10-18 23:11:42', NULL),
(547, 'Medellín', 5, 1, '2022-10-18 23:11:42', NULL),
(548, 'Medina', 25, 1, '2022-10-18 23:11:42', NULL),
(549, 'Medio Atrato', 27, 1, '2022-10-18 23:11:42', NULL),
(550, 'Medio Baudó', 27, 1, '2022-10-18 23:11:42', NULL),
(551, 'Medio San Juan (ANDAGOYA)', 27, 1, '2022-10-18 23:11:42', NULL),
(552, 'Melgar', 73, 1, '2022-10-18 23:11:42', NULL),
(553, 'Mercaderes', 19, 1, '2022-10-18 23:11:42', NULL),
(554, 'Mesetas', 50, 1, '2022-10-18 23:11:42', NULL),
(555, 'Milán', 18, 1, '2022-10-18 23:11:42', NULL),
(556, 'Miraflores', 15, 1, '2022-10-18 23:11:42', NULL),
(557, 'Miraflores', 95, 1, '2022-10-18 23:11:42', NULL),
(558, 'Miranda', 19, 1, '2022-10-18 23:11:42', NULL),
(559, 'Mistrató', 66, 1, '2022-10-18 23:11:42', NULL),
(560, 'Mitú', 97, 1, '2022-10-18 23:11:42', NULL),
(561, 'Mocoa', 86, 1, '2022-10-18 23:11:42', NULL),
(562, 'Mogotes', 68, 1, '2022-10-18 23:11:42', NULL),
(563, 'Molagavita', 68, 1, '2022-10-18 23:11:42', NULL),
(564, 'Momil', 23, 1, '2022-10-18 23:11:42', NULL),
(565, 'Mompós', 13, 1, '2022-10-18 23:11:42', NULL),
(566, 'Mongua', 15, 1, '2022-10-18 23:11:42', NULL),
(567, 'Monguí', 15, 1, '2022-10-18 23:11:42', NULL),
(568, 'Moniquirá', 15, 1, '2022-10-18 23:11:42', NULL),
(569, 'Montebello', 5, 1, '2022-10-18 23:11:42', NULL),
(570, 'Montecristo', 13, 1, '2022-10-18 23:11:42', NULL),
(571, 'Montelíbano', 23, 1, '2022-10-18 23:11:42', NULL),
(572, 'Montenegro', 63, 1, '2022-10-18 23:11:42', NULL),
(573, 'Monteria', 23, 1, '2022-10-18 23:11:42', NULL),
(574, 'Monterrey', 85, 1, '2022-10-18 23:11:42', NULL),
(575, 'Morales', 13, 1, '2022-10-18 23:11:42', NULL),
(576, 'Morales', 19, 1, '2022-10-18 23:11:42', NULL),
(577, 'Morelia', 18, 1, '2022-10-18 23:11:42', NULL),
(578, 'Morroa', 70, 1, '2022-10-18 23:11:42', NULL),
(579, 'Mosquera', 25, 1, '2022-10-18 23:11:42', NULL),
(580, 'Mosquera', 52, 1, '2022-10-18 23:11:42', NULL),
(581, 'Motavita', 15, 1, '2022-10-18 23:11:42', NULL),
(582, 'Moñitos', 23, 1, '2022-10-18 23:11:42', NULL),
(583, 'Murillo', 73, 1, '2022-10-18 23:11:42', NULL),
(584, 'Murindó', 5, 1, '2022-10-18 23:11:42', NULL),
(585, 'Mutatá', 5, 1, '2022-10-18 23:11:42', NULL),
(586, 'Mutiscua', 54, 1, '2022-10-18 23:11:42', NULL),
(587, 'Muzo', 15, 1, '2022-10-18 23:11:42', NULL),
(588, 'Málaga', 68, 1, '2022-10-18 23:11:42', NULL),
(589, 'Nariño', 5, 1, '2022-10-18 23:11:42', NULL),
(590, 'Nariño', 25, 1, '2022-10-18 23:11:42', NULL),
(591, 'Nariño', 52, 1, '2022-10-18 23:11:42', NULL),
(592, 'Natagaima', 73, 1, '2022-10-18 23:11:42', NULL),
(593, 'Nechí', 5, 1, '2022-10-18 23:11:42', NULL),
(594, 'Necoclí', 5, 1, '2022-10-18 23:11:42', NULL),
(595, 'Neira', 17, 1, '2022-10-18 23:11:42', NULL),
(596, 'Neiva', 41, 1, '2022-10-18 23:11:42', NULL),
(597, 'Nemocón', 25, 1, '2022-10-18 23:11:42', NULL),
(598, 'Nilo', 25, 1, '2022-10-18 23:11:42', NULL),
(599, 'Nimaima', 25, 1, '2022-10-18 23:11:42', NULL),
(600, 'Nobsa', 15, 1, '2022-10-18 23:11:42', NULL),
(601, 'Nocaima', 25, 1, '2022-10-18 23:11:42', NULL),
(602, 'Norcasia', 17, 1, '2022-10-18 23:11:42', NULL),
(603, 'Norosí', 13, 1, '2022-10-18 23:11:42', NULL),
(604, 'Novita', 27, 1, '2022-10-18 23:11:42', NULL),
(605, 'Nueva Granada', 47, 1, '2022-10-18 23:11:42', NULL),
(606, 'Nuevo Colón', 15, 1, '2022-10-18 23:11:42', NULL),
(607, 'Nunchía', 85, 1, '2022-10-18 23:11:42', NULL),
(608, 'Nuquí', 27, 1, '2022-10-18 23:11:42', NULL),
(609, 'Nátaga', 41, 1, '2022-10-18 23:11:42', NULL),
(610, 'Obando', 76, 1, '2022-10-18 23:11:42', NULL),
(611, 'Ocamonte', 68, 1, '2022-10-18 23:11:42', NULL),
(612, 'Ocaña', 54, 1, '2022-10-18 23:11:42', NULL),
(613, 'Oiba', 68, 1, '2022-10-18 23:11:42', NULL),
(614, 'Oicatá', 15, 1, '2022-10-18 23:11:42', NULL),
(615, 'Olaya', 5, 1, '2022-10-18 23:11:42', NULL),
(616, 'Olaya Herrera', 52, 1, '2022-10-18 23:11:42', NULL),
(617, 'Onzaga', 68, 1, '2022-10-18 23:11:42', NULL),
(618, 'Oporapa', 41, 1, '2022-10-18 23:11:42', NULL),
(619, 'Orito', 86, 1, '2022-10-18 23:11:42', NULL),
(620, 'Orocué', 85, 1, '2022-10-18 23:11:42', NULL),
(621, 'Ortega', 73, 1, '2022-10-18 23:11:42', NULL),
(622, 'Ospina', 52, 1, '2022-10-18 23:11:42', NULL),
(623, 'Otanche', 15, 1, '2022-10-18 23:11:42', NULL),
(624, 'Ovejas', 70, 1, '2022-10-18 23:11:42', NULL),
(625, 'Pachavita', 15, 1, '2022-10-18 23:11:42', NULL),
(626, 'Pacho', 25, 1, '2022-10-18 23:11:42', NULL),
(627, 'Padilla', 19, 1, '2022-10-18 23:11:42', NULL),
(628, 'Paicol', 41, 1, '2022-10-18 23:11:42', NULL),
(629, 'Pailitas', 20, 1, '2022-10-18 23:11:42', NULL),
(630, 'Paime', 25, 1, '2022-10-18 23:11:42', NULL),
(631, 'Paipa', 15, 1, '2022-10-18 23:11:42', NULL),
(632, 'Pajarito', 15, 1, '2022-10-18 23:11:42', NULL),
(633, 'Palermo', 41, 1, '2022-10-18 23:11:42', NULL),
(634, 'Palestina', 17, 1, '2022-10-18 23:11:42', NULL),
(635, 'Palestina', 41, 1, '2022-10-18 23:11:42', NULL),
(636, 'Palmar', 68, 1, '2022-10-18 23:11:42', NULL),
(637, 'Palmar de Varela', 8, 1, '2022-10-18 23:11:42', NULL),
(638, 'Palmas del Socorro', 68, 1, '2022-10-18 23:11:42', NULL),
(639, 'Palmira', 76, 1, '2022-10-18 23:11:42', NULL),
(640, 'Palmito', 70, 1, '2022-10-18 23:11:42', NULL),
(641, 'Palocabildo', 73, 1, '2022-10-18 23:11:42', NULL),
(642, 'Pamplona', 54, 1, '2022-10-18 23:11:42', NULL),
(643, 'Pamplonita', 54, 1, '2022-10-18 23:11:42', NULL),
(644, 'Pandi', 25, 1, '2022-10-18 23:11:42', NULL),
(645, 'Panqueba', 15, 1, '2022-10-18 23:11:42', NULL),
(646, 'Paratebueno', 25, 1, '2022-10-18 23:11:42', NULL),
(647, 'Pasca', 25, 1, '2022-10-18 23:11:42', NULL),
(648, 'Patía (El Bordo)', 19, 1, '2022-10-18 23:11:42', NULL),
(649, 'Pauna', 15, 1, '2022-10-18 23:11:42', NULL),
(650, 'Paya', 15, 1, '2022-10-18 23:11:42', NULL),
(651, 'Paz de Ariporo', 85, 1, '2022-10-18 23:11:42', NULL),
(652, 'Paz de Río', 15, 1, '2022-10-18 23:11:42', NULL),
(653, 'Pedraza', 47, 1, '2022-10-18 23:11:42', NULL),
(654, 'Pelaya', 20, 1, '2022-10-18 23:11:42', NULL),
(655, 'Pensilvania', 17, 1, '2022-10-18 23:11:42', NULL),
(656, 'Peque', 5, 1, '2022-10-18 23:11:42', NULL),
(657, 'Pereira', 66, 1, '2022-10-18 23:11:42', NULL),
(658, 'Pesca', 15, 1, '2022-10-18 23:11:42', NULL),
(659, 'Peñol', 5, 1, '2022-10-18 23:11:42', NULL),
(660, 'Piamonte', 19, 1, '2022-10-18 23:11:42', NULL),
(661, 'Pie de Cuesta', 68, 1, '2022-10-18 23:11:42', NULL),
(662, 'Piedras', 73, 1, '2022-10-18 23:11:42', NULL),
(663, 'Piendamó', 19, 1, '2022-10-18 23:11:42', NULL),
(664, 'Pijao', 63, 1, '2022-10-18 23:11:42', NULL),
(665, 'Pijiño', 47, 1, '2022-10-18 23:11:42', NULL),
(666, 'Pinchote', 68, 1, '2022-10-18 23:11:42', NULL),
(667, 'Pinillos', 13, 1, '2022-10-18 23:11:42', NULL),
(668, 'Piojo', 8, 1, '2022-10-18 23:11:42', NULL),
(669, 'Pisva', 15, 1, '2022-10-18 23:11:42', NULL),
(670, 'Pital', 41, 1, '2022-10-18 23:11:42', NULL),
(671, 'Pitalito', 41, 1, '2022-10-18 23:11:42', NULL),
(672, 'Pivijay', 47, 1, '2022-10-18 23:11:42', NULL),
(673, 'Planadas', 73, 1, '2022-10-18 23:11:42', NULL),
(674, 'Planeta Rica', 23, 1, '2022-10-18 23:11:42', NULL),
(675, 'Plato', 47, 1, '2022-10-18 23:11:42', NULL),
(676, 'Policarpa', 52, 1, '2022-10-18 23:11:42', NULL),
(677, 'Polonuevo', 8, 1, '2022-10-18 23:11:42', NULL),
(678, 'Ponedera', 8, 1, '2022-10-18 23:11:42', NULL),
(679, 'Popayán', 19, 1, '2022-10-18 23:11:42', NULL),
(680, 'Pore', 85, 1, '2022-10-18 23:11:42', NULL),
(681, 'Potosí', 52, 1, '2022-10-18 23:11:42', NULL),
(682, 'Pradera', 76, 1, '2022-10-18 23:11:42', NULL),
(683, 'Prado', 73, 1, '2022-10-18 23:11:42', NULL),
(684, 'Providencia', 52, 1, '2022-10-18 23:11:42', NULL),
(685, 'Providencia', 88, 1, '2022-10-18 23:11:42', NULL),
(686, 'Pueblo Bello', 20, 1, '2022-10-18 23:11:42', NULL),
(687, 'Pueblo Nuevo', 23, 1, '2022-10-18 23:11:42', NULL),
(688, 'Pueblo Rico', 66, 1, '2022-10-18 23:11:42', NULL),
(689, 'Pueblorrico', 5, 1, '2022-10-18 23:11:42', NULL),
(690, 'Puebloviejo', 47, 1, '2022-10-18 23:11:42', NULL),
(691, 'Puente Nacional', 68, 1, '2022-10-18 23:11:42', NULL),
(692, 'Puerres', 52, 1, '2022-10-18 23:11:42', NULL),
(693, 'Puerto Asís', 86, 1, '2022-10-18 23:11:42', NULL),
(694, 'Puerto Berrío', 5, 1, '2022-10-18 23:11:42', NULL),
(695, 'Puerto Boyacá', 15, 1, '2022-10-18 23:11:42', NULL),
(696, 'Puerto Caicedo', 86, 1, '2022-10-18 23:11:42', NULL),
(697, 'Puerto Carreño', 99, 1, '2022-10-18 23:11:42', NULL),
(698, 'Puerto Colombia', 8, 1, '2022-10-18 23:11:42', NULL),
(699, 'Puerto Concordia', 50, 1, '2022-10-18 23:11:42', NULL),
(700, 'Puerto Escondido', 23, 1, '2022-10-18 23:11:42', NULL),
(701, 'Puerto Gaitán', 50, 1, '2022-10-18 23:11:42', NULL),
(702, 'Puerto Guzmán', 86, 1, '2022-10-18 23:11:42', NULL),
(703, 'Puerto Leguízamo', 86, 1, '2022-10-18 23:11:42', NULL),
(704, 'Puerto Libertador', 23, 1, '2022-10-18 23:11:42', NULL),
(705, 'Puerto Lleras', 50, 1, '2022-10-18 23:11:42', NULL),
(706, 'Puerto López', 50, 1, '2022-10-18 23:11:42', NULL),
(707, 'Puerto Nare', 5, 1, '2022-10-18 23:11:42', NULL),
(708, 'Puerto Nariño', 91, 1, '2022-10-18 23:11:42', NULL),
(709, 'Puerto Parra', 68, 1, '2022-10-18 23:11:42', NULL),
(710, 'Puerto Rico', 18, 1, '2022-10-18 23:11:42', NULL),
(711, 'Puerto Rico', 50, 1, '2022-10-18 23:11:42', NULL),
(712, 'Puerto Rondón', 81, 1, '2022-10-18 23:11:42', NULL),
(713, 'Puerto Salgar', 25, 1, '2022-10-18 23:11:42', NULL),
(714, 'Puerto Santander', 54, 1, '2022-10-18 23:11:42', NULL),
(715, 'Puerto Tejada', 19, 1, '2022-10-18 23:11:42', NULL),
(716, 'Puerto Triunfo', 5, 1, '2022-10-18 23:11:42', NULL),
(717, 'Puerto Wilches', 68, 1, '2022-10-18 23:11:42', NULL),
(718, 'Pulí', 25, 1, '2022-10-18 23:11:42', NULL),
(719, 'Pupiales', 52, 1, '2022-10-18 23:11:42', NULL),
(720, 'Puracé (Coconuco)', 19, 1, '2022-10-18 23:11:42', NULL),
(721, 'Purificación', 73, 1, '2022-10-18 23:11:42', NULL),
(722, 'Purísima', 23, 1, '2022-10-18 23:11:42', NULL),
(723, 'Pácora', 17, 1, '2022-10-18 23:11:42', NULL),
(724, 'Páez', 15, 1, '2022-10-18 23:11:42', NULL),
(725, 'Páez (Belalcazar)', 19, 1, '2022-10-18 23:11:42', NULL),
(726, 'Páramo', 68, 1, '2022-10-18 23:11:42', NULL),
(727, 'Quebradanegra', 25, 1, '2022-10-18 23:11:42', NULL),
(728, 'Quetame', 25, 1, '2022-10-18 23:11:42', NULL),
(729, 'Quibdó', 27, 1, '2022-10-18 23:11:42', NULL),
(730, 'Quimbaya', 63, 1, '2022-10-18 23:11:42', NULL),
(731, 'Quinchía', 66, 1, '2022-10-18 23:11:42', NULL),
(732, 'Quipama', 15, 1, '2022-10-18 23:11:42', NULL),
(733, 'Quipile', 25, 1, '2022-10-18 23:11:42', NULL),
(734, 'Ragonvalia', 54, 1, '2022-10-18 23:11:42', NULL),
(735, 'Ramiriquí', 15, 1, '2022-10-18 23:11:42', NULL),
(736, 'Recetor', 85, 1, '2022-10-18 23:11:42', NULL),
(737, 'Regidor', 13, 1, '2022-10-18 23:11:42', NULL),
(738, 'Remedios', 5, 1, '2022-10-18 23:11:42', NULL),
(739, 'Remolino', 47, 1, '2022-10-18 23:11:42', NULL),
(740, 'Repelón', 8, 1, '2022-10-18 23:11:42', NULL),
(741, 'Restrepo', 50, 1, '2022-10-18 23:11:42', NULL),
(742, 'Restrepo', 76, 1, '2022-10-18 23:11:42', NULL),
(743, 'Retiro', 5, 1, '2022-10-18 23:11:42', NULL),
(744, 'Ricaurte', 25, 1, '2022-10-18 23:11:42', NULL),
(745, 'Ricaurte', 52, 1, '2022-10-18 23:11:42', NULL),
(746, 'Rio Negro', 68, 1, '2022-10-18 23:11:42', NULL),
(747, 'Rioblanco', 73, 1, '2022-10-18 23:11:42', NULL),
(748, 'Riofrío', 76, 1, '2022-10-18 23:11:42', NULL),
(749, 'Riohacha', 44, 1, '2022-10-18 23:11:42', NULL),
(750, 'Risaralda', 17, 1, '2022-10-18 23:11:42', NULL),
(751, 'Rivera', 41, 1, '2022-10-18 23:11:42', NULL),
(752, 'Roberto Payán (San José)', 52, 1, '2022-10-18 23:11:42', NULL),
(753, 'Roldanillo', 76, 1, '2022-10-18 23:11:42', NULL),
(754, 'Roncesvalles', 73, 1, '2022-10-18 23:11:42', NULL),
(755, 'Rondón', 15, 1, '2022-10-18 23:11:42', NULL),
(756, 'Rosas', 19, 1, '2022-10-18 23:11:42', NULL),
(757, 'Rovira', 73, 1, '2022-10-18 23:11:42', NULL),
(758, 'Ráquira', 15, 1, '2022-10-18 23:11:42', NULL),
(759, 'Río Iró', 27, 1, '2022-10-18 23:11:42', NULL),
(760, 'Río Quito', 27, 1, '2022-10-18 23:11:42', NULL),
(761, 'Río Sucio', 17, 1, '2022-10-18 23:11:42', NULL),
(762, 'Río Viejo', 13, 1, '2022-10-18 23:11:42', NULL),
(763, 'Río de oro', 20, 1, '2022-10-18 23:11:42', NULL),
(764, 'Ríonegro', 5, 1, '2022-10-18 23:11:42', NULL),
(765, 'Ríosucio', 27, 1, '2022-10-18 23:11:42', NULL),
(766, 'Sabana de Torres', 68, 1, '2022-10-18 23:11:42', NULL),
(767, 'Sabanagrande', 8, 1, '2022-10-18 23:11:42', NULL),
(768, 'Sabanalarga', 5, 1, '2022-10-18 23:11:42', NULL),
(769, 'Sabanalarga', 8, 1, '2022-10-18 23:11:42', NULL),
(770, 'Sabanalarga', 85, 1, '2022-10-18 23:11:42', NULL),
(771, 'Sabanas de San Angel (SAN ANGEL)', 47, 1, '2022-10-18 23:11:42', NULL),
(772, 'Sabaneta', 5, 1, '2022-10-18 23:11:42', NULL),
(773, 'Saboyá', 15, 1, '2022-10-18 23:11:42', NULL),
(774, 'Sahagún', 23, 1, '2022-10-18 23:11:42', NULL),
(775, 'Saladoblanco', 41, 1, '2022-10-18 23:11:42', NULL),
(776, 'Salamina', 17, 1, '2022-10-18 23:11:42', NULL),
(777, 'Salamina', 47, 1, '2022-10-18 23:11:42', NULL),
(778, 'Salazar', 54, 1, '2022-10-18 23:11:42', NULL),
(779, 'Saldaña', 73, 1, '2022-10-18 23:11:42', NULL),
(780, 'Salento', 63, 1, '2022-10-18 23:11:42', NULL),
(781, 'Salgar', 5, 1, '2022-10-18 23:11:42', NULL),
(782, 'Samacá', 15, 1, '2022-10-18 23:11:42', NULL),
(783, 'Samaniego', 52, 1, '2022-10-18 23:11:42', NULL),
(784, 'Samaná', 17, 1, '2022-10-18 23:11:42', NULL),
(785, 'Sampués', 70, 1, '2022-10-18 23:11:42', NULL),
(786, 'San Agustín', 41, 1, '2022-10-18 23:11:42', NULL),
(787, 'San Alberto', 20, 1, '2022-10-18 23:11:42', NULL),
(788, 'San Andrés', 68, 1, '2022-10-18 23:11:42', NULL),
(789, 'San Andrés Sotavento', 23, 1, '2022-10-18 23:11:42', NULL),
(790, 'San Andrés de Cuerquía', 5, 1, '2022-10-18 23:11:42', NULL),
(791, 'San Antero', 23, 1, '2022-10-18 23:11:42', NULL),
(792, 'San Antonio', 73, 1, '2022-10-18 23:11:42', NULL),
(793, 'San Antonio de Tequendama', 25, 1, '2022-10-18 23:11:42', NULL),
(794, 'San Benito', 68, 1, '2022-10-18 23:11:42', NULL),
(795, 'San Benito Abad', 70, 1, '2022-10-18 23:11:42', NULL),
(796, 'San Bernardo', 25, 1, '2022-10-18 23:11:42', NULL),
(797, 'San Bernardo', 52, 1, '2022-10-18 23:11:42', NULL),
(798, 'San Bernardo del Viento', 23, 1, '2022-10-18 23:11:42', NULL),
(799, 'San Calixto', 54, 1, '2022-10-18 23:11:42', NULL),
(800, 'San Carlos', 5, 1, '2022-10-18 23:11:42', NULL),
(801, 'San Carlos', 23, 1, '2022-10-18 23:11:42', NULL),
(802, 'San Carlos de Guaroa', 50, 1, '2022-10-18 23:11:42', NULL),
(803, 'San Cayetano', 25, 1, '2022-10-18 23:11:42', NULL),
(804, 'San Cayetano', 54, 1, '2022-10-18 23:11:42', NULL),
(805, 'San Cristobal', 13, 1, '2022-10-18 23:11:42', NULL),
(806, 'San Diego', 20, 1, '2022-10-18 23:11:42', NULL),
(807, 'San Eduardo', 15, 1, '2022-10-18 23:11:42', NULL),
(808, 'San Estanislao', 13, 1, '2022-10-18 23:11:42', NULL),
(809, 'San Fernando', 13, 1, '2022-10-18 23:11:42', NULL),
(810, 'San Francisco', 5, 1, '2022-10-18 23:11:42', NULL),
(811, 'San Francisco', 25, 1, '2022-10-18 23:11:42', NULL),
(812, 'San Francisco', 86, 1, '2022-10-18 23:11:42', NULL),
(813, 'San Gíl', 68, 1, '2022-10-18 23:11:42', NULL),
(814, 'San Jacinto', 13, 1, '2022-10-18 23:11:42', NULL),
(815, 'San Jacinto del Cauca', 13, 1, '2022-10-18 23:11:42', NULL),
(816, 'San Jerónimo', 5, 1, '2022-10-18 23:11:42', NULL),
(817, 'San Joaquín', 68, 1, '2022-10-18 23:11:42', NULL),
(818, 'San José', 17, 1, '2022-10-18 23:11:42', NULL),
(819, 'San José de Miranda', 68, 1, '2022-10-18 23:11:42', NULL),
(820, 'San José de Montaña', 5, 1, '2022-10-18 23:11:42', NULL),
(821, 'San José de Pare', 15, 1, '2022-10-18 23:11:42', NULL),
(822, 'San José de Uré', 23, 1, '2022-10-18 23:11:42', NULL),
(823, 'San José del Fragua', 18, 1, '2022-10-18 23:11:42', NULL),
(824, 'San José del Guaviare', 95, 1, '2022-10-18 23:11:42', NULL),
(825, 'San José del Palmar', 27, 1, '2022-10-18 23:11:42', NULL),
(826, 'San Juan de Arama', 50, 1, '2022-10-18 23:11:42', NULL),
(827, 'San Juan de Betulia', 70, 1, '2022-10-18 23:11:42', NULL),
(828, 'San Juan de Nepomuceno', 13, 1, '2022-10-18 23:11:42', NULL),
(829, 'San Juan de Pasto', 52, 1, '2022-10-18 23:11:42', NULL),
(830, 'San Juan de Río Seco', 25, 1, '2022-10-18 23:11:42', NULL),
(831, 'San Juan de Urabá', 5, 1, '2022-10-18 23:11:42', NULL),
(832, 'San Juan del Cesar', 44, 1, '2022-10-18 23:11:42', NULL),
(833, 'San Juanito', 50, 1, '2022-10-18 23:11:42', NULL),
(834, 'San Lorenzo', 52, 1, '2022-10-18 23:11:42', NULL),
(835, 'San Luis', 73, 1, '2022-10-18 23:11:42', NULL),
(836, 'San Luís', 5, 1, '2022-10-18 23:11:42', NULL),
(837, 'San Luís de Gaceno', 15, 1, '2022-10-18 23:11:42', NULL),
(838, 'San Luís de Palenque', 85, 1, '2022-10-18 23:11:42', NULL),
(839, 'San Marcos', 70, 1, '2022-10-18 23:11:42', NULL),
(840, 'San Martín', 20, 1, '2022-10-18 23:11:42', NULL),
(841, 'San Martín', 50, 1, '2022-10-18 23:11:42', NULL),
(842, 'San Martín de Loba', 13, 1, '2022-10-18 23:11:42', NULL),
(843, 'San Mateo', 15, 1, '2022-10-18 23:11:42', NULL),
(844, 'San Miguel', 68, 1, '2022-10-18 23:11:42', NULL),
(845, 'San Miguel', 86, 1, '2022-10-18 23:11:42', NULL),
(846, 'San Miguel de Sema', 15, 1, '2022-10-18 23:11:42', NULL),
(847, 'San Onofre', 70, 1, '2022-10-18 23:11:42', NULL),
(848, 'San Pablo', 13, 1, '2022-10-18 23:11:42', NULL),
(849, 'San Pablo', 52, 1, '2022-10-18 23:11:42', NULL),
(850, 'San Pablo de Borbur', 15, 1, '2022-10-18 23:11:42', NULL),
(851, 'San Pedro', 5, 1, '2022-10-18 23:11:42', NULL),
(852, 'San Pedro', 70, 1, '2022-10-18 23:11:42', NULL),
(853, 'San Pedro', 76, 1, '2022-10-18 23:11:42', NULL),
(854, 'San Pedro de Cartago', 52, 1, '2022-10-18 23:11:42', NULL),
(855, 'San Pedro de Urabá', 5, 1, '2022-10-18 23:11:42', NULL),
(856, 'San Pelayo', 23, 1, '2022-10-18 23:11:42', NULL),
(857, 'San Rafael', 5, 1, '2022-10-18 23:11:42', NULL),
(858, 'San Roque', 5, 1, '2022-10-18 23:11:42', NULL),
(859, 'San Sebastián', 19, 1, '2022-10-18 23:11:42', NULL),
(860, 'San Sebastián de Buenavista', 47, 1, '2022-10-18 23:11:42', NULL),
(861, 'San Vicente', 5, 1, '2022-10-18 23:11:42', NULL),
(862, 'San Vicente del Caguán', 18, 1, '2022-10-18 23:11:42', NULL),
(863, 'San Vicente del Chucurí', 68, 1, '2022-10-18 23:11:42', NULL),
(864, 'San Zenón', 47, 1, '2022-10-18 23:11:42', NULL),
(865, 'Sandoná', 52, 1, '2022-10-18 23:11:42', NULL),
(866, 'Santa Ana', 47, 1, '2022-10-18 23:11:42', NULL),
(867, 'Santa Bárbara', 5, 1, '2022-10-18 23:11:42', NULL),
(868, 'Santa Bárbara', 68, 1, '2022-10-18 23:11:42', NULL),
(869, 'Santa Bárbara (Iscuandé)', 52, 1, '2022-10-18 23:11:42', NULL),
(870, 'Santa Bárbara de Pinto', 47, 1, '2022-10-18 23:11:42', NULL),
(871, 'Santa Catalina', 13, 1, '2022-10-18 23:11:42', NULL),
(872, 'Santa Fé de Antioquia', 5, 1, '2022-10-18 23:11:42', NULL),
(873, 'Santa Genoveva de Docorodó', 27, 1, '2022-10-18 23:11:42', NULL),
(874, 'Santa Helena del Opón', 68, 1, '2022-10-18 23:11:42', NULL),
(875, 'Santa Isabel', 73, 1, '2022-10-18 23:11:42', NULL),
(876, 'Santa Lucía', 8, 1, '2022-10-18 23:11:42', NULL),
(877, 'Santa Marta', 47, 1, '2022-10-18 23:11:42', NULL),
(878, 'Santa María', 15, 1, '2022-10-18 23:11:42', NULL),
(879, 'Santa María', 41, 1, '2022-10-18 23:11:42', NULL),
(880, 'Santa Rosa', 13, 1, '2022-10-18 23:11:42', NULL),
(881, 'Santa Rosa', 19, 1, '2022-10-18 23:11:42', NULL),
(882, 'Santa Rosa de Cabal', 66, 1, '2022-10-18 23:11:42', NULL),
(883, 'Santa Rosa de Osos', 5, 1, '2022-10-18 23:11:42', NULL),
(884, 'Santa Rosa de Viterbo', 15, 1, '2022-10-18 23:11:42', NULL),
(885, 'Santa Rosa del Sur', 13, 1, '2022-10-18 23:11:42', NULL),
(886, 'Santa Rosalía', 99, 1, '2022-10-18 23:11:42', NULL),
(887, 'Santa Sofía', 15, 1, '2022-10-18 23:11:42', NULL),
(888, 'Santana', 15, 1, '2022-10-18 23:11:42', NULL),
(889, 'Santander de Quilichao', 19, 1, '2022-10-18 23:11:42', NULL),
(890, 'Santiago', 54, 1, '2022-10-18 23:11:42', NULL),
(891, 'Santiago', 86, 1, '2022-10-18 23:11:42', NULL),
(892, 'Santo Domingo', 5, 1, '2022-10-18 23:11:42', NULL),
(893, 'Santo Tomás', 8, 1, '2022-10-18 23:11:42', NULL),
(894, 'Santuario', 5, 1, '2022-10-18 23:11:42', NULL),
(895, 'Santuario', 66, 1, '2022-10-18 23:11:42', NULL),
(896, 'Sapuyes', 52, 1, '2022-10-18 23:11:42', NULL),
(897, 'Saravena', 81, 1, '2022-10-18 23:11:42', NULL),
(898, 'Sardinata', 54, 1, '2022-10-18 23:11:42', NULL),
(899, 'Sasaima', 25, 1, '2022-10-18 23:11:42', NULL),
(900, 'Sativanorte', 15, 1, '2022-10-18 23:11:42', NULL),
(901, 'Sativasur', 15, 1, '2022-10-18 23:11:42', NULL),
(902, 'Segovia', 5, 1, '2022-10-18 23:11:42', NULL),
(903, 'Sesquilé', 25, 1, '2022-10-18 23:11:42', NULL),
(904, 'Sevilla', 76, 1, '2022-10-18 23:11:42', NULL),
(905, 'Siachoque', 15, 1, '2022-10-18 23:11:42', NULL),
(906, 'Sibaté', 25, 1, '2022-10-18 23:11:42', NULL),
(907, 'Sibundoy', 86, 1, '2022-10-18 23:11:42', NULL),
(908, 'Silos', 54, 1, '2022-10-18 23:11:42', NULL),
(909, 'Silvania', 25, 1, '2022-10-18 23:11:42', NULL),
(910, 'Silvia', 19, 1, '2022-10-18 23:11:42', NULL),
(911, 'Simacota', 68, 1, '2022-10-18 23:11:42', NULL),
(912, 'Simijaca', 25, 1, '2022-10-18 23:11:42', NULL),
(913, 'Simití', 13, 1, '2022-10-18 23:11:42', NULL),
(914, 'Sincelejo', 70, 1, '2022-10-18 23:11:42', NULL),
(915, 'Sincé', 70, 1, '2022-10-18 23:11:42', NULL),
(916, 'Sipí', 27, 1, '2022-10-18 23:11:42', NULL),
(917, 'Sitionuevo', 47, 1, '2022-10-18 23:11:42', NULL),
(918, 'Soacha', 25, 1, '2022-10-18 23:11:42', NULL),
(919, 'Soatá', 15, 1, '2022-10-18 23:11:42', NULL),
(920, 'Socha', 15, 1, '2022-10-18 23:11:42', NULL),
(921, 'Socorro', 68, 1, '2022-10-18 23:11:42', NULL),
(922, 'Socotá', 15, 1, '2022-10-18 23:11:42', NULL),
(923, 'Sogamoso', 15, 1, '2022-10-18 23:11:42', NULL);
INSERT INTO `madciudades` (`id`, `ciudad`, `departamento`, `estado`, `fregistro`, `factualizado`) VALUES
(924, 'Solano', 18, 1, '2022-10-18 23:11:42', NULL),
(925, 'Soledad', 8, 1, '2022-10-18 23:11:42', NULL),
(926, 'Solita', 18, 1, '2022-10-18 23:11:42', NULL),
(927, 'Somondoco', 15, 1, '2022-10-18 23:11:42', NULL),
(928, 'Sonsón', 5, 1, '2022-10-18 23:11:42', NULL),
(929, 'Sopetrán', 5, 1, '2022-10-18 23:11:42', NULL),
(930, 'Soplaviento', 13, 1, '2022-10-18 23:11:42', NULL),
(931, 'Sopó', 25, 1, '2022-10-18 23:11:42', NULL),
(932, 'Sora', 15, 1, '2022-10-18 23:11:42', NULL),
(933, 'Soracá', 15, 1, '2022-10-18 23:11:42', NULL),
(934, 'Sotaquirá', 15, 1, '2022-10-18 23:11:42', NULL),
(935, 'Sotara (Paispamba)', 19, 1, '2022-10-18 23:11:42', NULL),
(936, 'Sotomayor (Los Andes)', 52, 1, '2022-10-18 23:11:42', NULL),
(937, 'Suaita', 68, 1, '2022-10-18 23:11:42', NULL),
(938, 'Suan', 8, 1, '2022-10-18 23:11:42', NULL),
(939, 'Suaza', 41, 1, '2022-10-18 23:11:42', NULL),
(940, 'Subachoque', 25, 1, '2022-10-18 23:11:42', NULL),
(941, 'Sucre', 19, 1, '2022-10-18 23:11:42', NULL),
(942, 'Sucre', 68, 1, '2022-10-18 23:11:42', NULL),
(943, 'Sucre', 70, 1, '2022-10-18 23:11:42', NULL),
(944, 'Suesca', 25, 1, '2022-10-18 23:11:42', NULL),
(945, 'Supatá', 25, 1, '2022-10-18 23:11:42', NULL),
(946, 'Supía', 17, 1, '2022-10-18 23:11:42', NULL),
(947, 'Suratá', 68, 1, '2022-10-18 23:11:42', NULL),
(948, 'Susa', 25, 1, '2022-10-18 23:11:42', NULL),
(949, 'Susacón', 15, 1, '2022-10-18 23:11:42', NULL),
(950, 'Sutamarchán', 15, 1, '2022-10-18 23:11:42', NULL),
(951, 'Sutatausa', 25, 1, '2022-10-18 23:11:42', NULL),
(952, 'Sutatenza', 15, 1, '2022-10-18 23:11:42', NULL),
(953, 'Suárez', 19, 1, '2022-10-18 23:11:42', NULL),
(954, 'Suárez', 73, 1, '2022-10-18 23:11:42', NULL),
(955, 'Sácama', 85, 1, '2022-10-18 23:11:42', NULL),
(956, 'Sáchica', 15, 1, '2022-10-18 23:11:42', NULL),
(957, 'Tabio', 25, 1, '2022-10-18 23:11:42', NULL),
(958, 'Tadó', 27, 1, '2022-10-18 23:11:42', NULL),
(959, 'Talaigua Nuevo', 13, 1, '2022-10-18 23:11:42', NULL),
(960, 'Tamalameque', 20, 1, '2022-10-18 23:11:42', NULL),
(961, 'Tame', 81, 1, '2022-10-18 23:11:42', NULL),
(962, 'Taminango', 52, 1, '2022-10-18 23:11:42', NULL),
(963, 'Tangua', 52, 1, '2022-10-18 23:11:42', NULL),
(964, 'Taraira', 97, 1, '2022-10-18 23:11:42', NULL),
(965, 'Tarazá', 5, 1, '2022-10-18 23:11:42', NULL),
(966, 'Tarqui', 41, 1, '2022-10-18 23:11:42', NULL),
(967, 'Tarso', 5, 1, '2022-10-18 23:11:42', NULL),
(968, 'Tasco', 15, 1, '2022-10-18 23:11:42', NULL),
(969, 'Tauramena', 85, 1, '2022-10-18 23:11:42', NULL),
(970, 'Tausa', 25, 1, '2022-10-18 23:11:42', NULL),
(971, 'Tello', 41, 1, '2022-10-18 23:11:42', NULL),
(972, 'Tena', 25, 1, '2022-10-18 23:11:42', NULL),
(973, 'Tenerife', 47, 1, '2022-10-18 23:11:42', NULL),
(974, 'Tenjo', 25, 1, '2022-10-18 23:11:42', NULL),
(975, 'Tenza', 15, 1, '2022-10-18 23:11:42', NULL),
(976, 'Teorama', 54, 1, '2022-10-18 23:11:42', NULL),
(977, 'Teruel', 41, 1, '2022-10-18 23:11:42', NULL),
(978, 'Tesalia', 41, 1, '2022-10-18 23:11:42', NULL),
(979, 'Tibacuy', 25, 1, '2022-10-18 23:11:42', NULL),
(980, 'Tibaná', 15, 1, '2022-10-18 23:11:42', NULL),
(981, 'Tibasosa', 15, 1, '2022-10-18 23:11:42', NULL),
(982, 'Tibirita', 25, 1, '2022-10-18 23:11:42', NULL),
(983, 'Tibú', 54, 1, '2022-10-18 23:11:42', NULL),
(984, 'Tierralta', 23, 1, '2022-10-18 23:11:42', NULL),
(985, 'Timaná', 41, 1, '2022-10-18 23:11:42', NULL),
(986, 'Timbiquí', 19, 1, '2022-10-18 23:11:42', NULL),
(987, 'Timbío', 19, 1, '2022-10-18 23:11:42', NULL),
(988, 'Tinjacá', 15, 1, '2022-10-18 23:11:42', NULL),
(989, 'Tipacoque', 15, 1, '2022-10-18 23:11:42', NULL),
(990, 'Tiquisio (Puerto Rico)', 13, 1, '2022-10-18 23:11:42', NULL),
(991, 'Titiribí', 5, 1, '2022-10-18 23:11:42', NULL),
(992, 'Toca', 15, 1, '2022-10-18 23:11:42', NULL),
(993, 'Tocaima', 25, 1, '2022-10-18 23:11:42', NULL),
(994, 'Tocancipá', 25, 1, '2022-10-18 23:11:42', NULL),
(995, 'Toguí', 15, 1, '2022-10-18 23:11:42', NULL),
(996, 'Toledo', 5, 1, '2022-10-18 23:11:42', NULL),
(997, 'Toledo', 54, 1, '2022-10-18 23:11:42', NULL),
(998, 'Tolú', 70, 1, '2022-10-18 23:11:42', NULL),
(999, 'Tolú Viejo', 70, 1, '2022-10-18 23:11:42', NULL),
(1000, 'Tona', 68, 1, '2022-10-18 23:11:42', NULL),
(1001, 'Topagá', 15, 1, '2022-10-18 23:11:42', NULL),
(1002, 'Topaipí', 25, 1, '2022-10-18 23:11:42', NULL),
(1003, 'Toribío', 19, 1, '2022-10-18 23:11:42', NULL),
(1004, 'Toro', 76, 1, '2022-10-18 23:11:42', NULL),
(1005, 'Tota', 15, 1, '2022-10-18 23:11:42', NULL),
(1006, 'Totoró', 19, 1, '2022-10-18 23:11:42', NULL),
(1007, 'Trinidad', 85, 1, '2022-10-18 23:11:42', NULL),
(1008, 'Trujillo', 76, 1, '2022-10-18 23:11:42', NULL),
(1009, 'Tubará', 8, 1, '2022-10-18 23:11:42', NULL),
(1010, 'Tuchín', 23, 1, '2022-10-18 23:11:42', NULL),
(1011, 'Tulúa', 76, 1, '2022-10-18 23:11:42', NULL),
(1012, 'Tumaco', 52, 1, '2022-10-18 23:11:42', NULL),
(1013, 'Tunja', 15, 1, '2022-10-18 23:11:42', NULL),
(1014, 'Tunungua', 15, 1, '2022-10-18 23:11:42', NULL),
(1015, 'Turbaco', 13, 1, '2022-10-18 23:11:42', NULL),
(1016, 'Turbaná', 13, 1, '2022-10-18 23:11:42', NULL),
(1017, 'Turbo', 5, 1, '2022-10-18 23:11:42', NULL),
(1018, 'Turmequé', 15, 1, '2022-10-18 23:11:42', NULL),
(1019, 'Tuta', 15, 1, '2022-10-18 23:11:42', NULL),
(1020, 'Tutasá', 15, 1, '2022-10-18 23:11:42', NULL),
(1021, 'Támara', 85, 1, '2022-10-18 23:11:42', NULL),
(1022, 'Támesis', 5, 1, '2022-10-18 23:11:42', NULL),
(1023, 'Túquerres', 52, 1, '2022-10-18 23:11:42', NULL),
(1024, 'Ubalá', 25, 1, '2022-10-18 23:11:42', NULL),
(1025, 'Ubaque', 25, 1, '2022-10-18 23:11:42', NULL),
(1026, 'Ubaté', 25, 1, '2022-10-18 23:11:42', NULL),
(1027, 'Ulloa', 76, 1, '2022-10-18 23:11:42', NULL),
(1028, 'Une', 25, 1, '2022-10-18 23:11:42', NULL),
(1029, 'Unguía', 27, 1, '2022-10-18 23:11:42', NULL),
(1030, 'Unión Panamericana (ÁNIMAS)', 27, 1, '2022-10-18 23:11:42', NULL),
(1031, 'Uramita', 5, 1, '2022-10-18 23:11:42', NULL),
(1032, 'Uribe', 50, 1, '2022-10-18 23:11:42', NULL),
(1033, 'Uribia', 44, 1, '2022-10-18 23:11:42', NULL),
(1034, 'Urrao', 5, 1, '2022-10-18 23:11:42', NULL),
(1035, 'Urumita', 44, 1, '2022-10-18 23:11:42', NULL),
(1036, 'Usiacuri', 8, 1, '2022-10-18 23:11:42', NULL),
(1037, 'Valdivia', 5, 1, '2022-10-18 23:11:42', NULL),
(1038, 'Valencia', 23, 1, '2022-10-18 23:11:42', NULL),
(1039, 'Valle de San José', 68, 1, '2022-10-18 23:11:42', NULL),
(1040, 'Valle de San Juan', 73, 1, '2022-10-18 23:11:42', NULL),
(1041, 'Valle del Guamuez', 86, 1, '2022-10-18 23:11:42', NULL),
(1042, 'Valledupar', 20, 1, '2022-10-18 23:11:42', NULL),
(1043, 'Valparaiso', 5, 1, '2022-10-18 23:11:42', NULL),
(1044, 'Valparaiso', 18, 1, '2022-10-18 23:11:42', NULL),
(1045, 'Vegachí', 5, 1, '2022-10-18 23:11:42', NULL),
(1046, 'Venadillo', 73, 1, '2022-10-18 23:11:42', NULL),
(1047, 'Venecia', 5, 1, '2022-10-18 23:11:42', NULL),
(1048, 'Venecia (Ospina Pérez)', 25, 1, '2022-10-18 23:11:42', NULL),
(1049, 'Ventaquemada', 15, 1, '2022-10-18 23:11:42', NULL),
(1050, 'Vergara', 25, 1, '2022-10-18 23:11:42', NULL),
(1051, 'Versalles', 76, 1, '2022-10-18 23:11:42', NULL),
(1052, 'Vetas', 68, 1, '2022-10-18 23:11:42', NULL),
(1053, 'Viani', 25, 1, '2022-10-18 23:11:42', NULL),
(1054, 'Vigía del Fuerte', 5, 1, '2022-10-18 23:11:42', NULL),
(1055, 'Vijes', 76, 1, '2022-10-18 23:11:42', NULL),
(1056, 'Villa Caro', 54, 1, '2022-10-18 23:11:42', NULL),
(1057, 'Villa Rica', 19, 1, '2022-10-18 23:11:42', NULL),
(1058, 'Villa de Leiva', 15, 1, '2022-10-18 23:11:42', NULL),
(1059, 'Villa del Rosario', 54, 1, '2022-10-18 23:11:42', NULL),
(1060, 'Villagarzón', 86, 1, '2022-10-18 23:11:42', NULL),
(1061, 'Villagómez', 25, 1, '2022-10-18 23:11:42', NULL),
(1062, 'Villahermosa', 73, 1, '2022-10-18 23:11:42', NULL),
(1063, 'Villamaría', 17, 1, '2022-10-18 23:11:42', NULL),
(1064, 'Villanueva', 13, 1, '2022-10-18 23:11:42', NULL),
(1065, 'Villanueva', 44, 1, '2022-10-18 23:11:42', NULL),
(1066, 'Villanueva', 68, 1, '2022-10-18 23:11:42', NULL),
(1067, 'Villanueva', 85, 1, '2022-10-18 23:11:42', NULL),
(1068, 'Villapinzón', 25, 1, '2022-10-18 23:11:42', NULL),
(1069, 'Villarrica', 73, 1, '2022-10-18 23:11:42', NULL),
(1070, 'Villavicencio', 50, 1, '2022-10-18 23:11:42', NULL),
(1071, 'Villavieja', 41, 1, '2022-10-18 23:11:42', NULL),
(1072, 'Villeta', 25, 1, '2022-10-18 23:11:42', NULL),
(1073, 'Viotá', 25, 1, '2022-10-18 23:11:42', NULL),
(1074, 'Viracachá', 15, 1, '2022-10-18 23:11:42', NULL),
(1075, 'Vista Hermosa', 50, 1, '2022-10-18 23:11:42', NULL),
(1076, 'Viterbo', 17, 1, '2022-10-18 23:11:42', NULL),
(1077, 'Vélez', 68, 1, '2022-10-18 23:11:42', NULL),
(1078, 'Yacopí', 25, 1, '2022-10-18 23:11:42', NULL),
(1079, 'Yacuanquer', 52, 1, '2022-10-18 23:11:42', NULL),
(1080, 'Yaguará', 41, 1, '2022-10-18 23:11:42', NULL),
(1081, 'Yalí', 5, 1, '2022-10-18 23:11:42', NULL),
(1082, 'Yarumal', 5, 1, '2022-10-18 23:11:42', NULL),
(1083, 'Yolombó', 5, 1, '2022-10-18 23:11:42', NULL),
(1084, 'Yondó (Casabe)', 5, 1, '2022-10-18 23:11:42', NULL),
(1085, 'Yopal', 85, 1, '2022-10-18 23:11:42', NULL),
(1086, 'Yotoco', 76, 1, '2022-10-18 23:11:42', NULL),
(1087, 'Yumbo', 76, 1, '2022-10-18 23:11:42', NULL),
(1088, 'Zambrano', 13, 1, '2022-10-18 23:11:42', NULL),
(1089, 'Zapatoca', 68, 1, '2022-10-18 23:11:42', NULL),
(1090, 'Zapayán (PUNTA DE PIEDRAS)', 47, 1, '2022-10-18 23:11:42', NULL),
(1091, 'Zaragoza', 5, 1, '2022-10-18 23:11:42', NULL),
(1092, 'Zarzal', 76, 1, '2022-10-18 23:11:42', NULL),
(1093, 'Zetaquirá', 15, 1, '2022-10-18 23:11:42', NULL),
(1094, 'Zipacón', 25, 1, '2022-10-18 23:11:42', NULL),
(1095, 'Zipaquirá', 25, 1, '2022-10-18 23:11:42', NULL),
(1096, 'Zona Bananera (PRADO - SEVILLA)', 47, 1, '2022-10-18 23:11:42', NULL),
(1097, 'Ábrego', 54, 1, '2022-10-18 23:11:42', NULL),
(1098, 'Íquira', 41, 1, '2022-10-18 23:11:42', NULL),
(1099, 'Úmbita', 15, 1, '2022-10-18 23:11:42', NULL),
(1100, 'Útica', 25, 1, '2022-10-18 23:11:42', NULL);

-- --------------------------------------------------------

--
-- Estructura de tabla para la tabla `madcomentarios`
--

CREATE TABLE `madcomentarios` (
  `id` int(11) NOT NULL COMMENT 'Identificador único del registro',
  `comentario` varchar(500) NOT NULL COMMENT 'Contenido del comentario',
  `clientes` int(11) NOT NULL COMMENT 'Identificador del cliente que realiza el comentario',
  `producto` int(11) DEFAULT NULL COMMENT 'Identificador del producto al que pertenece el comentario',
  `articulo` int(11) DEFAULT NULL COMMENT 'Identificador del articulo al que pertenece el comentario',
  `combo` int(11) DEFAULT NULL COMMENT 'Identificador del combo al que pertenece el comentario',
  `estado` int(1) DEFAULT NULL COMMENT '0 inactivo, 1 activo',
  `fregistro` timestamp NOT NULL DEFAULT current_timestamp() COMMENT 'Fecha de registro del comentario',
  `factualizado` timestamp NULL DEFAULT NULL COMMENT 'Fecha en que se hizo una modificación al campo de comentario'
) ENGINE=InnoDB DEFAULT CHARSET=latin1;

--
-- Volcado de datos para la tabla `madcomentarios`
--

INSERT INTO `madcomentarios` (`id`, `comentario`, `clientes`, `producto`, `articulo`, `combo`, `estado`, `fregistro`, `factualizado`) VALUES
(1, 'Me encanta o algo asi', 1, 8, NULL, NULL, 1, '2022-11-15 17:30:23', NULL),
(2, 'si por que no', 1, 8, NULL, NULL, 0, '2022-11-15 22:57:52', '2022-11-15 23:00:12'),
(3, 'si por que no', 1, 8, NULL, NULL, 1, '2022-11-15 22:58:49', '2022-11-15 22:58:49'),
(4, 'ese puff lo tienen en verde', 1, NULL, 4, NULL, 1, '2022-11-16 09:22:01', '2022-11-16 09:22:01'),
(5, 'esta guapo', 1, NULL, NULL, 16, 1, '2022-11-16 12:27:35', '2022-11-16 12:27:35'),
(6, 'lo tienen en verde', 1, NULL, NULL, 14, 1, '2022-11-16 20:19:57', '2022-11-16 20:19:57'),
(7, 'ya cumplio', 1, NULL, NULL, 36, 1, '2022-11-18 04:52:40', '2022-11-18 04:52:40');

-- --------------------------------------------------------

--
-- Estructura de tabla para la tabla `madpaises`
--

CREATE TABLE `madpaises` (
  `id` int(11) NOT NULL COMMENT 'Identificador único del registro',
  `pais` varchar(100) DEFAULT NULL COMMENT 'Nombre del pais que se registra',
  `estado` int(1) DEFAULT NULL COMMENT '0 inactivo\n1 activo',
  `fregistro` timestamp NOT NULL DEFAULT current_timestamp() COMMENT 'Fecha de registro del pais',
  `factualizado` timestamp NULL DEFAULT NULL COMMENT 'Fecha en que se hizo una modificación al nombre del pais'
) ENGINE=InnoDB DEFAULT CHARSET=latin1;

--
-- Volcado de datos para la tabla `madpaises`
--

INSERT INTO `madpaises` (`id`, `pais`, `estado`, `fregistro`, `factualizado`) VALUES
(1, 'Australia', 1, '2022-10-18 23:11:09', NULL),
(2, 'Austria', 1, '2022-10-18 23:11:09', NULL),
(3, 'Azerbaiyán', 1, '2022-10-18 23:11:09', NULL),
(4, 'Anguilla', 1, '2022-10-18 23:11:09', NULL),
(5, 'Argentina', 1, '2022-10-18 23:11:09', NULL),
(6, 'Armenia', 1, '2022-10-18 23:11:09', NULL),
(7, 'Bielorrusia', 1, '2022-10-18 23:11:09', NULL),
(8, 'Belice', 1, '2022-10-18 23:11:09', NULL),
(9, 'Bélgica', 1, '2022-10-18 23:11:09', NULL),
(10, 'Bermudas', 1, '2022-10-18 23:11:09', NULL),
(11, 'Bulgaria', 1, '2022-10-18 23:11:09', NULL),
(12, 'Brasil', 1, '2022-10-18 23:11:09', NULL),
(13, 'Reino Unido', 1, '2022-10-18 23:11:09', NULL),
(14, 'Hungría', 1, '2022-10-18 23:11:09', NULL),
(15, 'Vietnam', 1, '2022-10-18 23:11:09', NULL),
(16, 'Haiti', 1, '2022-10-18 23:11:09', NULL),
(17, 'Guadalupe', 1, '2022-10-18 23:11:09', NULL),
(18, 'Alemania', 1, '2022-10-18 23:11:09', NULL),
(19, 'Países Bajos, Holanda', 1, '2022-10-18 23:11:09', NULL),
(20, 'Grecia', 1, '2022-10-18 23:11:09', NULL),
(21, 'Georgia', 1, '2022-10-18 23:11:09', NULL),
(22, 'Dinamarca', 1, '2022-10-18 23:11:09', NULL),
(23, 'Egipto', 1, '2022-10-18 23:11:09', NULL),
(24, 'Israel', 1, '2022-10-18 23:11:09', NULL),
(25, 'India', 1, '2022-10-18 23:11:09', NULL),
(26, 'Irán', 1, '2022-10-18 23:11:09', NULL),
(27, 'Irlanda', 1, '2022-10-18 23:11:09', NULL),
(28, 'España', 1, '2022-10-18 23:11:09', NULL),
(29, 'Italia', 1, '2022-10-18 23:11:09', NULL),
(30, 'Kazajstán', 1, '2022-10-18 23:11:09', NULL),
(31, 'Camerún', 1, '2022-10-18 23:11:09', NULL),
(32, 'Canadá', 1, '2022-10-18 23:11:09', NULL),
(33, 'Chipre', 1, '2022-10-18 23:11:09', NULL),
(34, 'Kirguistán', 1, '2022-10-18 23:11:09', NULL),
(35, 'China', 1, '2022-10-18 23:11:09', NULL),
(36, 'Costa Rica', 1, '2022-10-18 23:11:09', NULL),
(37, 'Kuwait', 1, '2022-10-18 23:11:09', NULL),
(38, 'Letonia', 1, '2022-10-18 23:11:09', NULL),
(39, 'Libia', 1, '2022-10-18 23:11:09', NULL),
(40, 'Lituania', 1, '2022-10-18 23:11:09', NULL),
(41, 'Luxemburgo', 1, '2022-10-18 23:11:09', NULL),
(42, 'México', 1, '2022-10-18 23:11:09', NULL),
(43, 'Moldavia', 1, '2022-10-18 23:11:09', NULL),
(44, 'Mónaco', 1, '2022-10-18 23:11:09', NULL),
(45, 'Nueva Zelanda', 1, '2022-10-18 23:11:09', NULL),
(46, 'Noruega', 1, '2022-10-18 23:11:09', NULL),
(47, 'Polonia', 1, '2022-10-18 23:11:09', NULL),
(48, 'Portugal', 1, '2022-10-18 23:11:09', NULL),
(49, 'Reunión', 1, '2022-10-18 23:11:09', NULL),
(50, 'Rusia', 1, '2022-10-18 23:11:09', NULL),
(51, 'El Salvador', 1, '2022-10-18 23:11:09', NULL),
(52, 'Eslovaquia', 1, '2022-10-18 23:11:09', NULL),
(53, 'Eslovenia', 1, '2022-10-18 23:11:09', NULL),
(54, 'Surinam', 1, '2022-10-18 23:11:09', NULL),
(55, 'Estados Unidos', 1, '2022-10-18 23:11:09', NULL),
(56, 'Tadjikistan', 1, '2022-10-18 23:11:09', NULL),
(57, 'Turkmenistan', 1, '2022-10-18 23:11:09', NULL),
(58, 'Islas Turcas y Caicos', 1, '2022-10-18 23:11:09', NULL),
(59, 'Turquía', 1, '2022-10-18 23:11:09', NULL),
(60, 'Uganda', 1, '2022-10-18 23:11:09', NULL),
(61, 'Uzbekistán', 1, '2022-10-18 23:11:09', NULL),
(62, 'Ucrania', 1, '2022-10-18 23:11:09', NULL),
(63, 'Finlandia', 1, '2022-10-18 23:11:09', NULL),
(64, 'Francia', 1, '2022-10-18 23:11:09', NULL),
(65, 'República Checa', 1, '2022-10-18 23:11:09', NULL),
(66, 'Suiza', 1, '2022-10-18 23:11:09', NULL),
(67, 'Suecia', 1, '2022-10-18 23:11:09', NULL),
(68, 'Estonia', 1, '2022-10-18 23:11:09', NULL),
(69, 'Corea del Sur', 1, '2022-10-18 23:11:09', NULL),
(70, 'Japón', 1, '2022-10-18 23:11:09', NULL),
(71, 'Croacia', 1, '2022-10-18 23:11:09', NULL),
(72, 'Rumanía', 1, '2022-10-18 23:11:09', NULL),
(73, 'Hong Kong', 1, '2022-10-18 23:11:09', NULL),
(74, 'Indonesia', 1, '2022-10-18 23:11:09', NULL),
(75, 'Jordania', 1, '2022-10-18 23:11:09', NULL),
(76, 'Malasia', 1, '2022-10-18 23:11:09', NULL),
(77, 'Singapur', 1, '2022-10-18 23:11:09', NULL),
(78, 'Taiwan', 1, '2022-10-18 23:11:09', NULL),
(79, 'Bosnia y Herzegovina', 1, '2022-10-18 23:11:09', NULL),
(80, 'Bahamas', 1, '2022-10-18 23:11:09', NULL),
(81, 'Chile', 1, '2022-10-18 23:11:09', NULL),
(82, 'Colombia', 1, '2022-10-18 23:11:09', NULL),
(83, 'Islandia', 1, '2022-10-18 23:11:09', NULL),
(84, 'Corea del Norte', 1, '2022-10-18 23:11:09', NULL),
(85, 'Macedonia', 1, '2022-10-18 23:11:09', NULL),
(86, 'Malta', 1, '2022-10-18 23:11:09', NULL),
(87, 'Pakistán', 1, '2022-10-18 23:11:09', NULL),
(88, 'Papúa-Nueva Guinea', 1, '2022-10-18 23:11:09', NULL),
(89, 'Perú', 1, '2022-10-18 23:11:09', NULL),
(90, 'Filipinas', 1, '2022-10-18 23:11:09', NULL),
(91, 'Arabia Saudita', 1, '2022-10-18 23:11:09', NULL),
(92, 'Tailandia', 1, '2022-10-18 23:11:09', NULL),
(93, 'Emiratos árabes Unidos', 1, '2022-10-18 23:11:09', NULL),
(94, 'Groenlandia', 1, '2022-10-18 23:11:09', NULL),
(95, 'Venezuela', 1, '2022-10-18 23:11:09', NULL),
(96, 'Zimbabwe', 1, '2022-10-18 23:11:09', NULL),
(97, 'Kenia', 1, '2022-10-18 23:11:09', NULL),
(98, 'Algeria', 1, '2022-10-18 23:11:09', NULL),
(99, 'Líbano', 1, '2022-10-18 23:11:09', NULL),
(100, 'Botsuana', 1, '2022-10-18 23:11:09', NULL),
(101, 'Tanzania', 1, '2022-10-18 23:11:09', NULL),
(102, 'Namibia', 1, '2022-10-18 23:11:09', NULL),
(103, 'Ecuador', 1, '2022-10-18 23:11:09', NULL),
(104, 'Marruecos', 1, '2022-10-18 23:11:09', NULL),
(105, 'Ghana', 1, '2022-10-18 23:11:09', NULL),
(106, 'Siria', 1, '2022-10-18 23:11:09', NULL),
(107, 'Nepal', 1, '2022-10-18 23:11:09', NULL),
(108, 'Mauritania', 1, '2022-10-18 23:11:09', NULL),
(109, 'Seychelles', 1, '2022-10-18 23:11:09', NULL),
(110, 'Paraguay', 1, '2022-10-18 23:11:09', NULL),
(111, 'Uruguay', 1, '2022-10-18 23:11:09', NULL),
(112, 'Congo (Brazzaville)', 1, '2022-10-18 23:11:09', NULL),
(113, 'Cuba', 1, '2022-10-18 23:11:09', NULL),
(114, 'Albania', 1, '2022-10-18 23:11:09', NULL),
(115, 'Nigeria', 1, '2022-10-18 23:11:09', NULL),
(116, 'Zambia', 1, '2022-10-18 23:11:09', NULL),
(117, 'Mozambique', 1, '2022-10-18 23:11:09', NULL),
(119, 'Angola', 1, '2022-10-18 23:11:09', NULL),
(120, 'Sri Lanka', 1, '2022-10-18 23:11:09', NULL),
(121, 'Etiopía', 1, '2022-10-18 23:11:09', NULL),
(122, 'Túnez', 1, '2022-10-18 23:11:09', NULL),
(123, 'Bolivia', 1, '2022-10-18 23:11:09', NULL),
(124, 'Panamá', 1, '2022-10-18 23:11:09', NULL),
(125, 'Malawi', 1, '2022-10-18 23:11:09', NULL),
(126, 'Liechtenstein', 1, '2022-10-18 23:11:09', NULL),
(127, 'Bahrein', 1, '2022-10-18 23:11:09', NULL),
(128, 'Barbados', 1, '2022-10-18 23:11:09', NULL),
(130, 'Chad', 1, '2022-10-18 23:11:09', NULL),
(131, 'Man, Isla de', 1, '2022-10-18 23:11:09', NULL),
(132, 'Jamaica', 1, '2022-10-18 23:11:09', NULL),
(133, 'Malí', 1, '2022-10-18 23:11:09', NULL),
(134, 'Madagascar', 1, '2022-10-18 23:11:09', NULL),
(135, 'Senegal', 1, '2022-10-18 23:11:09', NULL),
(136, 'Togo', 1, '2022-10-18 23:11:09', NULL),
(137, 'Honduras', 1, '2022-10-18 23:11:09', NULL),
(138, 'República Dominicana', 1, '2022-10-18 23:11:09', NULL),
(139, 'Mongolia', 1, '2022-10-18 23:11:09', NULL),
(140, 'Irak', 1, '2022-10-18 23:11:09', NULL),
(141, 'Sudáfrica', 1, '2022-10-18 23:11:09', NULL),
(142, 'Aruba', 1, '2022-10-18 23:11:09', NULL),
(143, 'Gibraltar', 1, '2022-10-18 23:11:09', NULL),
(144, 'Afganistán', 1, '2022-10-18 23:11:09', NULL),
(145, 'Andorra', 1, '2022-10-18 23:11:09', NULL),
(147, 'Antigua y Barbuda', 1, '2022-10-18 23:11:09', NULL),
(149, 'Bangladesh', 1, '2022-10-18 23:11:09', NULL),
(151, 'Benín', 1, '2022-10-18 23:11:09', NULL),
(152, 'Bután', 1, '2022-10-18 23:11:09', NULL),
(154, 'Islas Virgenes Británicas', 1, '2022-10-18 23:11:09', NULL),
(155, 'Brunéi', 1, '2022-10-18 23:11:09', NULL),
(156, 'Burkina Faso', 1, '2022-10-18 23:11:09', NULL),
(157, 'Burundi', 1, '2022-10-18 23:11:09', NULL),
(158, 'Camboya', 1, '2022-10-18 23:11:09', NULL),
(159, 'Cabo Verde', 1, '2022-10-18 23:11:09', NULL),
(164, 'Comores', 1, '2022-10-18 23:11:09', NULL),
(165, 'Congo (Kinshasa)', 1, '2022-10-18 23:11:09', NULL),
(166, 'Cook, Islas', 1, '2022-10-18 23:11:09', NULL),
(168, 'Costa de Marfil', 1, '2022-10-18 23:11:09', NULL),
(169, 'Djibouti, Yibuti', 1, '2022-10-18 23:11:09', NULL),
(171, 'Timor Oriental', 1, '2022-10-18 23:11:09', NULL),
(172, 'Guinea Ecuatorial', 1, '2022-10-18 23:11:09', NULL),
(173, 'Eritrea', 1, '2022-10-18 23:11:09', NULL),
(175, 'Feroe, Islas', 1, '2022-10-18 23:11:09', NULL),
(176, 'Fiyi', 1, '2022-10-18 23:11:09', NULL),
(178, 'Polinesia Francesa', 1, '2022-10-18 23:11:09', NULL),
(180, 'Gabón', 1, '2022-10-18 23:11:09', NULL),
(181, 'Gambia', 1, '2022-10-18 23:11:09', NULL),
(184, 'Granada', 1, '2022-10-18 23:11:09', NULL),
(185, 'Guatemala', 1, '2022-10-18 23:11:09', NULL),
(186, 'Guernsey', 1, '2022-10-18 23:11:09', NULL),
(187, 'Guinea', 1, '2022-10-18 23:11:09', NULL),
(188, 'Guinea-Bissau', 1, '2022-10-18 23:11:09', NULL),
(189, 'Guyana', 1, '2022-10-18 23:11:09', NULL),
(193, 'Jersey', 1, '2022-10-18 23:11:09', NULL),
(195, 'Kiribati', 1, '2022-10-18 23:11:09', NULL),
(196, 'Laos', 1, '2022-10-18 23:11:09', NULL),
(197, 'Lesotho', 1, '2022-10-18 23:11:09', NULL),
(198, 'Liberia', 1, '2022-10-18 23:11:09', NULL),
(200, 'Maldivas', 1, '2022-10-18 23:11:09', NULL),
(201, 'Martinica', 1, '2022-10-18 23:11:09', NULL),
(202, 'Mauricio', 1, '2022-10-18 23:11:09', NULL),
(205, 'Myanmar', 1, '2022-10-18 23:11:09', NULL),
(206, 'Nauru', 1, '2022-10-18 23:11:09', NULL),
(207, 'Antillas Holandesas', 1, '2022-10-18 23:11:09', NULL),
(208, 'Nueva Caledonia', 1, '2022-10-18 23:11:09', NULL),
(209, 'Nicaragua', 1, '2022-10-18 23:11:09', NULL),
(210, 'Níger', 1, '2022-10-18 23:11:09', NULL),
(212, 'Norfolk Island', 1, '2022-10-18 23:11:09', NULL),
(213, 'Omán', 1, '2022-10-18 23:11:09', NULL),
(215, 'Isla Pitcairn', 1, '2022-10-18 23:11:09', NULL),
(216, 'Qatar', 1, '2022-10-18 23:11:09', NULL),
(217, 'Ruanda', 1, '2022-10-18 23:11:09', NULL),
(218, 'Santa Elena', 1, '2022-10-18 23:11:09', NULL),
(219, 'San Cristobal y Nevis', 1, '2022-10-18 23:11:09', NULL),
(220, 'Santa Lucía', 1, '2022-10-18 23:11:09', NULL),
(221, 'San Pedro y Miquelón', 1, '2022-10-18 23:11:09', NULL),
(222, 'San Vincente y Granadinas', 1, '2022-10-18 23:11:09', NULL),
(223, 'Samoa', 1, '2022-10-18 23:11:09', NULL),
(224, 'San Marino', 1, '2022-10-18 23:11:09', NULL),
(225, 'San Tomé y Príncipe', 1, '2022-10-18 23:11:09', NULL),
(226, 'Serbia y Montenegro', 1, '2022-10-18 23:11:09', NULL),
(227, 'Sierra Leona', 1, '2022-10-18 23:11:09', NULL),
(228, 'Islas Salomón', 1, '2022-10-18 23:11:09', NULL),
(229, 'Somalia', 1, '2022-10-18 23:11:09', NULL),
(232, 'Sudán', 1, '2022-10-18 23:11:09', NULL),
(234, 'Swazilandia', 1, '2022-10-18 23:11:09', NULL),
(235, 'Tokelau', 1, '2022-10-18 23:11:09', NULL),
(236, 'Tonga', 1, '2022-10-18 23:11:09', NULL),
(237, 'Trinidad y Tobago', 1, '2022-10-18 23:11:09', NULL),
(239, 'Tuvalu', 1, '2022-10-18 23:11:09', NULL),
(240, 'Vanuatu', 1, '2022-10-18 23:11:09', NULL),
(241, 'Wallis y Futuna', 1, '2022-10-18 23:11:09', NULL),
(242, 'Sáhara Occidental', 1, '2022-10-18 23:11:09', NULL),
(243, 'Yemen', 1, '2022-10-18 23:11:09', NULL),
(246, 'Puerto Rico', 1, '2022-10-18 23:11:09', NULL);

-- --------------------------------------------------------

--
-- Estructura de tabla para la tabla `madparametros`
--

CREATE TABLE `madparametros` (
  `id` int(11) NOT NULL COMMENT 'Identificador único del registro',
  `nombre` varchar(45) DEFAULT NULL COMMENT 'Nombre del parametro que se registra ',
  `estado` int(1) DEFAULT NULL,
  `tiparametro` int(11) NOT NULL COMMENT 'Identificador del tipo de parametro al que pertenece el parametro',
  `fregistro` timestamp NOT NULL DEFAULT current_timestamp() COMMENT 'Fecha de registro de parametro',
  `factualizado` timestamp NULL DEFAULT NULL COMMENT 'Fecha en que se hizo una modificación al campo nombre'
) ENGINE=InnoDB DEFAULT CHARSET=latin1;

--
-- Volcado de datos para la tabla `madparametros`
--

INSERT INTO `madparametros` (`id`, `nombre`, `estado`, `tiparametro`, `fregistro`, `factualizado`) VALUES
(1, 'cedula', 1, 1, '2022-10-18 23:12:47', NULL),
(2, 'pasaporte', 1, 1, '2022-10-18 23:12:47', NULL),
(3, 'web', 1, 2, '2022-10-18 23:12:47', NULL),
(4, 'escritorio', 1, 2, '2022-10-18 23:12:47', NULL),
(5, 'movil', 1, 2, '2022-10-18 23:12:47', NULL);

-- --------------------------------------------------------

--
-- Estructura de tabla para la tabla `madpersonas`
--

CREATE TABLE `madpersonas` (
  `id` int(11) NOT NULL COMMENT 'Identificador único del registro',
  `tidentificacion` varchar(45) DEFAULT NULL COMMENT 'Tipo de identificación de la persona',
  `identificacion` int(11) DEFAULT NULL COMMENT 'Número de identificación de la persona',
  `nombre` varchar(45) DEFAULT NULL COMMENT 'Nombre de la persona que se registra ',
  `apellido` varchar(45) DEFAULT NULL COMMENT 'Apellido de la persona que se registra ',
  `correo` varchar(45) DEFAULT NULL COMMENT 'Correo de la persona que se registra ',
  `telefono` varchar(45) DEFAULT NULL COMMENT 'Telefono de la persona que se registra ',
  `direccion` varchar(100) DEFAULT NULL COMMENT 'Dirección de la persona que se registra ',
  `ciudad` int(11) NOT NULL COMMENT 'Identificador de la ciudad al que resida la persona',
  `estado` int(1) DEFAULT NULL COMMENT '0 inactivo, 1 activo',
  `fregistro` timestamp NOT NULL DEFAULT current_timestamp() COMMENT 'Fecha de registro de la persona',
  `factualizado` timestamp NULL DEFAULT NULL COMMENT 'Fecha en que se hizo una modificación a los campos tidentificación, nombre, apellido, correo, telefono, dirección o ciudad.\n'
) ENGINE=InnoDB DEFAULT CHARSET=latin1;

--
-- Volcado de datos para la tabla `madpersonas`
--

INSERT INTO `madpersonas` (`id`, `tidentificacion`, `identificacion`, `nombre`, `apellido`, `correo`, `telefono`, `direccion`, `ciudad`, `estado`, `fregistro`, `factualizado`) VALUES
(1, '1', 1133303355, 'Hammer', 'Gamboa', 'hammer@gmail.com', '318322', 'Cra 35b # 3 - 55', 150, 1, '0000-00-00 00:00:00', '0000-00-00 00:00:00'),
(2, '1', 1122333444, 'alfredo', 'izquierdo', 'Alfredo@gmail.com', '3153302222', 'Cra 43 # 4 - 52', 22, 1, '0000-00-00 00:00:00', '2022-10-27 16:28:27'),
(3, '1', 1211111222, 'juan carlos', 'garcia', 'juan@gmail.com', '1231234', 'cll 40 # 34-34', 150, 0, '2022-10-23 23:22:58', '2022-10-24 02:36:50'),
(4, '1', 1212121212, 'maicol', 'castro', 'maicol@gmail.com', '1234567', 'Cra 43', 150, 1, '2022-10-24 04:18:45', '2022-10-24 22:03:31'),
(5, '1', 1352011948, 'maso', 'osam', 'maso@gmail.com', '3123456', 'Cll 24 # 3 - 114', 150, 1, '2022-10-24 21:46:12', '2022-10-24 22:26:13'),
(6, '2', 1212222222, 'cristian', 'cardona', 'cris@gmail.com', '1231231111', 'cll 40 # 3 - 24', 150, 1, '2022-10-24 22:06:33', '2022-10-27 16:07:36'),
(7, '1', 1111000000, 'hammer', 'izquierdo', 'hagi@gmail.com', '1231231', 'cll 23', 397, 1, '2022-10-26 04:39:03', NULL),
(8, '1', 1010222222, 'jhonn', 'moreno', 'jhon@gmail.com', '1234567890', 'Cll 75 c 3 - 25', 684, 0, '2022-10-26 21:19:37', '2022-10-26 23:48:42'),
(9, '1', 1005967882, 'juan', 'garcia', 'juang@gmail.com', '3216549877', 'cll 23', 150, 1, '2022-10-27 14:29:50', NULL),
(11, '1', 1472583698, 'william', 'castro', 'will@gmail.com', '1234567897', 'cra 43', 150, 1, '2022-10-27 16:27:31', NULL),
(12, '1', 1005967902, 'cristian', 'sanchez', 'cdss2911@gmail.com', '3183223172', 'Calle 6A 23-28', 150, 1, '2022-11-09 13:30:14', NULL);

-- --------------------------------------------------------

--
-- Estructura de tabla para la tabla `madrecursos`
--

CREATE TABLE `madrecursos` (
  `id` int(11) NOT NULL COMMENT 'Identificador único del registro',
  `codigo` varchar(10) DEFAULT NULL COMMENT 'Codigo del recurso',
  `nombre` varchar(45) DEFAULT NULL COMMENT 'Nombre del recurso',
  `descripcion` varchar(200) DEFAULT NULL COMMENT 'Descripción del recurso',
  `ruta` varchar(60) DEFAULT NULL COMMENT 'Ruta de almacenamiento del recurso',
  `estado` int(1) DEFAULT NULL COMMENT '0 inactivo, 1 activo',
  `fregistro` timestamp NOT NULL DEFAULT current_timestamp() COMMENT 'Fecha de registro del recurso',
  `factualizado` timestamp NULL DEFAULT NULL COMMENT 'Fecha en que se hizo una modificación los campos codigo, nombre, descripcion, ruta o estado.'
) ENGINE=InnoDB DEFAULT CHARSET=latin1;

--
-- Volcado de datos para la tabla `madrecursos`
--

INSERT INTO `madrecursos` (`id`, `codigo`, `nombre`, `descripcion`, `ruta`, `estado`, `fregistro`, `factualizado`) VALUES
(1, 'INV01', 'inventario', 'recursos asignado para la administración de los registros de productos, artículos y combos', 'menu.Inventario', 1, '2022-10-18 23:13:31', NULL),
(2, 'PRO02', 'proveedor', 'recursos asignados para la administración de los registros de proveedores', 'menu.Proveedor', 1, '2022-10-18 23:13:31', NULL),
(3, 'CLI03', 'cliente', 'recursos asignados para la administración de los registros de cliente', 'menu.Cliente', 1, '2022-10-18 23:13:31', NULL),
(4, 'ROL04', 'rol', 'recursos asignados para la administración de los registros de roles', 'menu.RolPer', 1, '2022-10-18 23:13:31', NULL),
(5, 'USU05', 'usuario', 'recursos asignados para la administración de los registros de usuarios', 'menu.Usuario', 1, '2022-10-18 23:13:31', NULL),
(6, 'DES06', 'despacho', 'recursos asignados para la administración de los registros de despachos', 'resource.despachos', 1, '2022-10-18 23:13:31', NULL),
(7, 'FAC07', 'factura', 'recursos asignados para la administración de los registros de facturas', 'resource.factura', 1, '2022-10-18 23:13:31', NULL);

-- --------------------------------------------------------

--
-- Estructura de tabla para la tabla `madroles`
--

CREATE TABLE `madroles` (
  `id` int(11) NOT NULL COMMENT 'Identificador único del registro',
  `nombre` varchar(45) NOT NULL COMMENT 'Nombre del rol que se registra ',
  `codigo` varchar(10) DEFAULT NULL COMMENT 'Codigo del rol que se registra ',
  `funciones` varchar(200) DEFAULT NULL COMMENT 'Funciones del rol que se registra ',
  `estado` int(1) DEFAULT NULL COMMENT '0 inactivo, 1 activo',
  `fregistro` timestamp NOT NULL DEFAULT current_timestamp() COMMENT 'Fecha de registro del rol',
  `factualizado` timestamp NULL DEFAULT NULL COMMENT 'Fecha en que se hizo una modificación los campos nombre, codigo, funciones o estado. '
) ENGINE=InnoDB DEFAULT CHARSET=latin1;

--
-- Volcado de datos para la tabla `madroles`
--

INSERT INTO `madroles` (`id`, `nombre`, `codigo`, `funciones`, `estado`, `fregistro`, `factualizado`) VALUES
(1, 'administrador', 'ADM100', 'control total de la plataforma', 1, '2022-10-20 01:05:28', '2022-10-28 12:49:01'),
(2, 'usuario', 'USU200', 'ver inventario\nadminstrar usuarios\nadministrar proveedores\nadministrar clientes', 1, '2022-10-20 01:07:26', '2022-10-27 16:31:20'),
(3, 'jefe de bodega', 'JEF300', 'administrar despachos\nadministrar facturas', 1, '2022-10-20 01:08:38', NULL);

-- --------------------------------------------------------

--
-- Estructura de tabla para la tabla `madrolrecursos`
--

CREATE TABLE `madrolrecursos` (
  `id` int(11) NOT NULL COMMENT 'Identificador único del registro',
  `recurso` int(11) NOT NULL COMMENT 'Identificador del recurso al que se le establecen los permisos para los roles',
  `rol` int(11) NOT NULL COMMENT 'Identificador del rol al que se le designan los permisos',
  `crear` int(11) DEFAULT NULL COMMENT 'Permiso para crear en el recurso',
  `leer` int(11) DEFAULT NULL COMMENT 'Permiso para ver en el recurso',
  `editar` int(11) DEFAULT NULL COMMENT 'Permiso para editar en el recurso',
  `mostrar` int(11) DEFAULT NULL COMMENT 'Permiso para mostrar los detalles en el recurso',
  `eliminar` int(11) DEFAULT NULL COMMENT 'Permiso para eliminar en el recurso',
  `estado` int(1) DEFAULT NULL COMMENT '0 inactivo, 1 activo',
  `fregistro` timestamp NOT NULL DEFAULT current_timestamp() COMMENT 'Fecha de registro de los permisos que el rol tiene en el recurso',
  `factualizado` timestamp NULL DEFAULT NULL COMMENT 'Fecha en que se hizo una modificación a los permisos que el rol tiene en el recurso'
) ENGINE=InnoDB DEFAULT CHARSET=latin1;

--
-- Volcado de datos para la tabla `madrolrecursos`
--

INSERT INTO `madrolrecursos` (`id`, `recurso`, `rol`, `crear`, `leer`, `editar`, `mostrar`, `eliminar`, `estado`, `fregistro`, `factualizado`) VALUES
(1, 1, 1, 1, 1, 1, 1, 1, 1, '2022-10-20 01:05:28', '2022-10-28 12:49:01'),
(2, 2, 1, 1, 1, 1, 1, 1, 1, '2022-10-20 01:05:29', '2022-10-28 12:49:01'),
(3, 3, 1, 0, 1, 1, 1, 1, 1, '2022-10-20 01:05:29', '2022-10-28 12:49:01'),
(4, 4, 1, 1, 1, 1, 1, 1, 1, '2022-10-20 01:05:29', '2022-10-28 12:49:01'),
(5, 5, 1, 1, 1, 1, 1, 1, 1, '2022-10-20 01:05:30', '2022-10-28 12:49:01'),
(6, 6, 1, 0, 1, 1, 1, 1, 1, '2022-10-20 01:05:30', '2022-10-28 12:49:01'),
(7, 7, 1, 0, 1, 0, 1, 1, 1, '2022-10-20 01:05:30', '2022-10-28 12:49:01'),
(8, 1, 2, 1, 1, 1, 1, 1, 1, '2022-10-20 01:07:26', '2022-10-27 16:31:20'),
(9, 2, 2, 1, 1, 1, 1, 1, 1, '2022-10-20 01:07:26', '2022-10-27 16:31:20'),
(10, 3, 2, 0, 1, 0, 0, 0, 1, '2022-10-20 01:07:27', '2022-10-27 16:31:20'),
(11, 4, 2, 0, 1, 0, 0, 0, 1, '2022-10-20 01:07:27', '2022-10-27 16:31:20'),
(12, 5, 2, 1, 1, 0, 0, 0, 1, '2022-10-20 01:07:28', '2022-10-27 16:31:20'),
(13, 6, 2, 0, 1, 0, 0, 0, 1, '2022-10-20 01:07:28', '2022-10-27 16:31:20'),
(14, 7, 2, 0, 1, 0, 0, 0, 1, '2022-10-20 01:07:28', '2022-10-27 16:31:20'),
(15, 1, 3, 0, 1, 0, 0, 0, 1, '2022-10-20 01:08:39', NULL),
(16, 2, 3, 0, 1, 0, 0, 0, 1, '2022-10-20 01:08:39', NULL),
(17, 3, 3, 0, 1, 0, 0, 0, 1, '2022-10-20 01:08:39', NULL),
(18, 4, 3, 0, 1, 0, 0, 0, 1, '2022-10-20 01:08:40', NULL),
(19, 5, 3, 1, 1, 1, 1, 1, 1, '2022-10-20 01:08:40', NULL),
(20, 6, 3, 0, 1, 1, 1, 1, 1, '2022-10-20 01:08:40', NULL),
(21, 7, 3, 0, 1, 0, 1, 1, 1, '2022-10-20 01:08:40', NULL);

-- --------------------------------------------------------

--
-- Estructura de tabla para la tabla `madsesion`
--

CREATE TABLE `madsesion` (
  `id` int(11) NOT NULL COMMENT 'Identificador único del registro',
  `plataforma` varchar(45) DEFAULT NULL COMMENT 'Indica en que plataforma se realizó el inicio de sesión',
  `usuario` int(11) DEFAULT NULL COMMENT 'Identificador del usuario que inicia sesión',
  `cliente` int(11) DEFAULT NULL COMMENT 'Identificador del cliente que inicia sesión',
  `estado` int(1) DEFAULT NULL COMMENT '0 inactivo, 1 activo',
  `fregistro` timestamp NOT NULL DEFAULT current_timestamp() COMMENT 'Fecha en que se realizó el inicio de sesión',
  `factualizado` timestamp NULL DEFAULT NULL COMMENT 'Fecha en que se cerro la sesión'
) ENGINE=InnoDB DEFAULT CHARSET=latin1;

--
-- Volcado de datos para la tabla `madsesion`
--

INSERT INTO `madsesion` (`id`, `plataforma`, `usuario`, `cliente`, `estado`, `fregistro`, `factualizado`) VALUES
(1, '4', 4, NULL, 0, '2022-10-24 22:59:44', '2022-10-24 05:00:00'),
(2, '4', 4, NULL, 0, '2022-10-24 23:11:02', '2022-10-24 05:00:00'),
(3, '4', 4, NULL, 0, '2022-10-24 23:18:03', '2022-10-24 05:00:00'),
(4, '4', 4, NULL, 0, '2022-10-24 23:47:29', '2022-10-24 05:00:00'),
(5, '4', 4, NULL, 0, '2022-10-24 23:49:36', '2022-10-24 05:00:00'),
(6, '4', 4, NULL, 0, '2022-10-24 23:56:35', '2022-10-24 05:00:00'),
(7, '4', 4, NULL, 0, '2022-10-24 23:59:00', '2022-10-24 23:59:48'),
(8, '4', 4, NULL, 0, '2022-10-24 23:59:45', '2022-10-24 23:59:48'),
(9, '4', 4, NULL, 0, '2022-10-25 00:06:16', '2022-10-25 00:06:37'),
(10, '4', 4, NULL, 0, '2022-10-25 23:08:05', '2022-10-25 23:09:41'),
(11, '4', 5, NULL, 0, '2022-10-26 01:48:13', '2022-10-26 01:48:59'),
(12, '4', 5, NULL, 0, '2022-10-26 01:57:28', '2022-10-26 02:04:18'),
(13, '4', 5, NULL, 0, '2022-10-26 02:04:09', '2022-10-26 02:04:18'),
(14, '4', 5, NULL, 0, '2022-10-26 02:06:21', '2022-10-26 02:06:29'),
(15, '4', 5, NULL, 0, '2022-10-26 04:04:37', '2022-10-26 04:08:29'),
(16, '4', 5, NULL, 0, '2022-10-26 04:07:11', '2022-10-26 04:08:29'),
(17, '4', 4, NULL, 0, '2022-10-26 04:08:59', '2022-10-26 04:10:08'),
(18, '4', 3, NULL, 0, '2022-10-26 04:15:19', '2022-10-26 04:16:20'),
(19, '4', 3, NULL, 0, '2022-10-26 04:24:36', '2022-10-26 04:25:17'),
(20, '4', 4, NULL, 0, '2022-10-26 04:29:43', '2022-10-26 04:31:48'),
(21, '4', 4, NULL, 0, '2022-10-26 04:34:27', '2022-10-26 04:41:24'),
(22, '4', 6, NULL, 0, '2022-10-26 04:44:08', '2022-10-26 04:58:45'),
(23, '4', 6, NULL, 0, '2022-10-26 04:57:57', '2022-10-26 04:58:45'),
(24, '4', 6, NULL, 0, '2022-10-26 05:37:41', '2022-10-26 05:38:56'),
(25, '4', 6, NULL, 0, '2022-10-26 05:39:47', '2022-10-26 05:40:29'),
(26, '4', 6, NULL, 0, '2022-10-26 05:42:11', '2022-10-26 05:43:13'),
(27, '4', 6, NULL, 0, '2022-10-26 05:45:33', '2022-10-26 05:46:29'),
(28, '4', 6, NULL, 0, '2022-10-26 05:48:33', '2022-10-26 05:49:23'),
(29, '4', 4, NULL, 0, '2022-10-26 05:50:03', '2022-10-26 05:50:28'),
(30, '4', 6, NULL, 0, '2022-10-26 05:51:24', '2022-10-26 05:52:52'),
(31, '4', 6, NULL, 0, '2022-10-26 05:56:44', '2022-10-26 05:57:48'),
(32, '4', 4, NULL, 0, '2022-10-26 06:08:03', '2022-10-26 06:10:15'),
(33, '4', 5, NULL, 0, '2022-10-26 06:10:57', '2022-10-26 06:11:19'),
(34, '4', 5, NULL, 0, '2022-10-26 06:12:21', '2022-10-26 06:12:49'),
(35, '4', 5, NULL, 0, '2022-10-26 06:13:17', '2022-10-26 06:15:21'),
(36, '4', 6, NULL, 0, '2022-10-26 06:16:59', '2022-10-26 06:17:56'),
(37, '4', 6, NULL, 0, '2022-10-26 06:18:55', '2022-10-26 06:20:41'),
(38, '4', 4, NULL, 0, '2022-10-26 06:28:53', '2022-10-26 06:29:43'),
(39, '4', 6, NULL, 0, '2022-10-26 06:35:48', '2022-10-26 13:53:52'),
(40, '4', 3, NULL, 0, '2022-10-26 06:48:09', '2022-10-26 06:49:16'),
(41, '4', 6, NULL, 0, '2022-10-26 13:48:53', '2022-10-26 13:53:52'),
(42, '4', 6, NULL, 0, '2022-10-26 13:56:06', '2022-10-26 13:56:25'),
(43, '4', 6, NULL, 0, '2022-10-26 15:10:41', '2022-10-26 15:11:57'),
(44, '4', 6, NULL, 0, '2022-10-26 15:35:05', '2022-10-26 15:35:28'),
(45, '4', 6, NULL, 0, '2022-10-26 15:36:12', '2022-10-26 15:36:38'),
(46, '4', 4, NULL, 0, '2022-10-26 15:49:52', '2022-10-26 15:50:25'),
(47, '4', 4, NULL, 0, '2022-10-26 15:50:52', '2022-10-26 15:51:03'),
(48, '4', 4, NULL, 0, '2022-10-26 15:51:32', '2022-10-26 15:51:43'),
(49, '4', 4, NULL, 0, '2022-10-26 15:53:13', '2022-10-26 15:53:35'),
(50, '4', 4, NULL, 0, '2022-10-26 15:57:12', '2022-10-26 15:58:23'),
(51, '4', 4, NULL, 0, '2022-10-26 15:59:50', '2022-10-26 16:01:48'),
(52, '4', 6, NULL, 0, '2022-10-26 20:55:25', '2022-10-26 21:02:32'),
(53, '4', 6, NULL, 0, '2022-10-26 21:00:09', '2022-10-26 21:02:32'),
(54, '4', 6, NULL, 0, '2022-10-26 21:02:33', '2022-10-26 21:02:55'),
(55, '4', 4, NULL, 0, '2022-10-26 21:04:07', '2022-10-26 21:07:10'),
(56, '4', 6, NULL, 0, '2022-10-26 21:07:29', '2022-10-26 21:08:06'),
(57, '4', 4, NULL, 0, '2022-10-26 21:10:43', '2022-10-26 21:11:07'),
(58, '4', 4, NULL, 0, '2022-10-26 21:11:30', '2022-10-26 21:12:58'),
(59, '4', 4, NULL, 0, '2022-10-26 21:13:20', '2022-10-26 21:15:37'),
(60, '4', 4, NULL, 0, '2022-10-26 21:15:54', '2022-10-26 21:17:06'),
(61, '4', 4, NULL, 0, '2022-10-26 21:17:50', '2022-10-26 21:20:24'),
(62, '4', 6, NULL, 0, '2022-10-26 23:22:14', '2022-10-26 23:23:13'),
(63, '4', 4, NULL, 0, '2022-10-26 23:25:53', '2022-10-26 23:27:09'),
(64, '4', 5, NULL, 0, '2022-10-26 23:34:02', '2022-10-26 23:49:09'),
(65, '4', 4, NULL, 0, '2022-10-26 23:54:39', '2022-10-27 00:09:06'),
(66, '4', 6, NULL, 0, '2022-10-27 00:59:58', '2022-10-27 01:01:14'),
(67, '4', 5, NULL, 0, '2022-10-27 01:01:25', '2022-10-27 01:01:42'),
(68, '4', 6, NULL, 0, '2022-10-27 01:01:50', '2022-10-27 01:06:58'),
(69, '4', 5, NULL, 0, '2022-10-27 01:07:06', '2022-10-27 01:08:12'),
(70, '4', 6, NULL, 0, '2022-10-27 01:17:40', '2022-10-27 01:18:04'),
(71, '4', 5, NULL, 0, '2022-10-27 01:18:17', '2022-10-27 01:18:52'),
(72, '4', 6, NULL, 0, '2022-10-27 01:19:21', '2022-10-27 01:19:48'),
(73, '4', 6, NULL, 0, '2022-10-27 01:27:07', '2022-10-27 01:28:29'),
(74, '4', 4, NULL, 0, '2022-10-27 01:34:23', '2022-10-27 01:36:53'),
(75, '4', 6, NULL, 0, '2022-10-27 01:49:03', '2022-10-27 01:50:43'),
(76, '4', 5, NULL, 0, '2022-10-27 01:50:53', '2022-10-27 01:51:41'),
(77, '4', 5, NULL, 0, '2022-10-27 01:53:37', '2022-10-27 01:57:27'),
(78, '4', 5, NULL, 0, '2022-10-27 01:58:26', '2022-10-27 01:59:09'),
(79, '4', 5, NULL, 0, '2022-10-27 02:01:21', '2022-10-27 02:02:01'),
(80, '4', 6, NULL, 0, '2022-10-27 02:07:19', '2022-10-27 02:09:10'),
(81, '4', 5, NULL, 0, '2022-10-27 02:09:18', '2022-10-27 02:12:21'),
(82, '4', 6, NULL, 0, '2022-10-27 02:28:33', '2022-10-27 02:30:47'),
(83, '4', 5, NULL, 0, '2022-10-27 02:31:21', '2022-10-27 02:33:01'),
(84, '4', 6, NULL, 0, '2022-10-27 02:34:36', '2022-10-27 02:35:35'),
(85, '4', 6, NULL, 0, '2022-10-27 02:37:01', '2022-10-27 02:37:55'),
(86, '4', 5, NULL, 0, '2022-10-27 02:53:56', '2022-10-27 02:55:51'),
(87, '4', 4, NULL, 0, '2022-10-27 13:41:59', '2022-10-27 15:10:06'),
(88, '4', 6, NULL, 0, '2022-10-27 14:34:45', '2022-10-27 15:07:24'),
(89, '4', 6, NULL, 0, '2022-10-27 15:04:46', '2022-10-27 15:07:24'),
(90, '4', 6, NULL, 0, '2022-10-27 15:06:07', '2022-10-27 15:07:24'),
(91, '4', 4, NULL, 0, '2022-10-27 15:09:57', '2022-10-27 15:10:06'),
(92, '4', 4, NULL, 0, '2022-10-27 15:11:58', '2022-10-27 15:12:04'),
(93, '4', 4, NULL, 0, '2022-10-27 15:12:53', '2022-10-27 15:14:12'),
(94, '4', 6, NULL, 0, '2022-10-27 15:21:57', '2022-10-27 15:22:48'),
(95, '4', 6, NULL, 0, '2022-10-27 15:43:51', '2022-10-27 15:45:50'),
(96, '4', 5, NULL, 0, '2022-10-27 15:46:02', '2022-10-27 15:47:45'),
(97, '4', 6, NULL, 0, '2022-10-27 15:48:00', '2022-10-27 15:48:26'),
(98, '4', 6, NULL, 0, '2022-10-27 15:51:14', '2022-10-27 15:52:11'),
(99, '4', 6, NULL, 0, '2022-10-27 16:05:54', '2022-10-27 16:28:36'),
(100, '4', 5, NULL, 0, '2022-10-27 16:24:22', '2022-10-27 16:24:31'),
(101, '4', 5, NULL, 0, '2022-10-27 16:25:31', '2022-10-27 16:25:36'),
(102, '4', 7, NULL, 0, '2022-10-27 16:30:40', '2022-10-27 16:30:44'),
(103, '4', 1, NULL, 0, '2022-10-27 16:30:54', '2022-10-27 16:32:52'),
(104, '4', 5, NULL, 0, '2022-10-27 16:40:44', '2022-10-27 16:41:08'),
(105, '4', 5, NULL, 0, '2022-10-27 16:50:45', '2022-10-27 16:53:45'),
(106, '4', 5, NULL, 0, '2022-10-27 16:53:35', '2022-10-27 16:53:45'),
(107, '4', 5, NULL, 0, '2022-10-27 16:54:56', '2022-10-27 16:55:57'),
(108, '4', 5, NULL, 0, '2022-10-27 16:56:37', '2022-10-27 16:57:04'),
(109, '4', 5, NULL, 0, '2022-10-27 17:00:04', '2022-10-27 17:01:38'),
(110, '4', 5, NULL, 0, '2022-10-27 21:44:39', '2022-10-27 21:46:45'),
(111, '4', 5, NULL, 0, '2022-10-27 21:46:43', '2022-10-27 21:59:45'),
(112, '4', 5, NULL, 0, '2022-10-27 21:56:24', '2022-10-27 21:59:45'),
(113, '4', 5, NULL, 0, '2022-10-27 21:59:11', '2022-10-27 22:02:24'),
(114, '4', 5, NULL, 0, '2022-10-27 22:08:32', '2022-10-27 22:11:10'),
(115, '4', 5, NULL, 0, '2022-10-27 22:15:15', '2022-10-27 22:19:02'),
(116, '4', 5, NULL, 0, '2022-10-28 01:48:34', '2022-10-28 01:52:02'),
(117, '4', 5, NULL, 0, '2022-10-28 01:53:24', '2022-10-28 01:54:23'),
(118, '4', 5, NULL, 0, '2022-10-28 01:54:00', '2022-10-28 01:57:44'),
(119, '4', 5, NULL, 0, '2022-10-28 02:20:13', '2022-10-28 03:08:01'),
(120, '4', 5, NULL, 0, '2022-10-28 03:00:36', '2022-10-28 03:08:01'),
(121, '4', 5, NULL, 0, '2022-10-28 03:13:42', '2022-10-28 03:27:17'),
(122, '4', 5, NULL, 0, '2022-10-28 03:29:11', '2022-10-28 03:31:30'),
(123, '4', 5, NULL, 0, '2022-10-28 12:46:11', '2022-10-28 12:46:39'),
(124, '4', 1, NULL, 0, '2022-10-28 12:48:03', '2022-10-28 12:50:42'),
(125, '4', 5, NULL, 0, '2022-10-28 12:51:55', '2022-10-28 12:52:20'),
(126, '4', 5, NULL, 0, '2022-10-28 12:54:35', '2022-10-28 13:20:13'),
(127, '4', 5, NULL, 0, '2022-10-28 13:20:45', '2022-10-28 13:21:24'),
(128, '4', 5, NULL, 0, '2022-10-28 13:34:44', '2022-10-28 13:35:36'),
(129, '4', 5, NULL, 0, '2022-10-28 13:35:50', '2022-10-28 13:37:25'),
(130, '4', 5, NULL, 0, '2022-10-28 14:40:36', '2022-10-28 14:44:55'),
(131, '4', 5, NULL, 0, '2022-10-28 14:44:34', '2022-10-28 14:44:55'),
(132, '4', 5, NULL, 0, '2022-10-28 14:47:26', '2022-10-28 14:47:42'),
(133, '4', 5, NULL, 0, '2022-10-28 14:59:48', '2022-10-28 15:00:18'),
(134, '4', 5, NULL, 0, '2022-10-28 15:03:48', '2022-10-28 15:04:12'),
(135, '4', 5, NULL, 0, '2022-10-28 15:04:33', '2022-10-28 15:05:04'),
(136, '4', 5, NULL, 0, '2022-10-28 15:05:42', '2022-10-28 15:06:21'),
(137, '4', 5, NULL, 0, '2022-10-28 15:54:56', '2022-10-28 15:56:21'),
(138, '4', 5, NULL, 0, '2022-10-28 15:56:34', '2022-10-28 15:58:47'),
(139, '4', 5, NULL, 0, '2022-10-28 15:59:10', '2022-10-29 16:55:29'),
(140, '4', 5, NULL, 0, '2022-10-28 16:03:45', '2022-10-29 16:55:29'),
(141, '4', 5, NULL, 0, '2022-10-29 16:48:58', '2022-10-29 16:55:29'),
(142, '4', 5, NULL, 0, '2022-10-29 16:56:40', '2022-10-29 16:57:43'),
(143, '4', 5, NULL, 0, '2022-10-29 16:57:00', '2022-10-29 16:58:07'),
(144, '4', 5, NULL, 0, '2022-10-31 16:18:24', '2022-10-31 16:20:35'),
(145, '4', 5, NULL, 0, '2022-10-31 16:19:46', '2022-10-31 16:29:30'),
(146, '4', 5, NULL, 0, '2022-10-31 16:28:39', '2022-10-31 16:32:20'),
(147, '4', 5, NULL, 0, '2022-10-31 16:30:34', '2022-10-31 16:32:20'),
(148, '4', 5, NULL, 0, '2022-10-31 16:31:35', '2022-10-31 16:53:47'),
(149, '4', 5, NULL, 0, '2022-10-31 16:52:24', '2022-10-31 16:53:47'),
(150, '4', 5, NULL, 0, '2022-10-31 16:53:52', '2022-10-31 16:55:48'),
(151, '4', 5, NULL, 0, '2022-10-31 16:56:14', '2022-10-31 17:11:05'),
(152, '4', 5, NULL, 0, '2022-10-31 17:09:38', '2022-10-31 17:11:05'),
(153, '4', 5, NULL, 0, '2022-10-31 17:14:15', '2022-10-31 17:24:06'),
(154, '4', 5, NULL, 0, '2022-10-31 17:26:21', '2022-10-31 17:38:05'),
(155, '4', 5, NULL, 0, '2022-11-09 13:03:34', '2022-11-09 13:07:04'),
(156, '4', 5, NULL, 0, '2022-11-09 13:07:18', '2022-11-09 13:08:39'),
(157, '4', 5, NULL, 0, '2022-11-09 13:25:08', '2022-11-09 13:27:59'),
(158, '4', 5, NULL, 0, '2022-11-09 13:28:10', '2022-11-09 13:30:27'),
(159, '4', 8, NULL, 0, '2022-11-09 13:30:39', '2022-11-09 13:34:01'),
(160, '4', 8, NULL, 0, '2022-11-09 14:51:25', '2022-11-09 14:54:59'),
(161, '4', 8, NULL, 0, '2022-11-09 14:55:13', '2022-11-09 14:59:27'),
(162, '4', 8, NULL, 0, '2022-11-09 14:58:39', '2022-11-09 14:59:27'),
(163, '4', 8, NULL, 0, '2022-11-09 14:59:47', '2022-11-09 15:00:14'),
(164, '4', 8, NULL, 0, '2022-11-09 15:00:55', '2022-11-09 15:01:53'),
(165, '4', 8, NULL, 0, '2022-11-09 15:03:19', '2022-11-09 15:03:37'),
(166, '4', 8, NULL, 0, '2022-11-09 15:04:06', '2022-11-09 15:04:30'),
(167, '4', 8, NULL, 0, '2022-11-09 15:10:16', '2022-11-09 15:11:20'),
(168, '4', 8, NULL, 0, '2022-11-09 15:11:39', '2022-11-09 15:12:29'),
(169, '4', 8, NULL, 0, '2022-11-09 15:12:46', '2022-11-09 15:13:16'),
(170, '4', 8, NULL, 0, '2022-11-09 15:18:16', '2022-11-09 15:18:49'),
(171, '4', 8, NULL, 0, '2022-11-09 15:19:02', '2022-11-09 15:25:07'),
(172, '4', 8, NULL, 0, '2022-11-09 15:25:26', '2022-11-09 15:50:37'),
(173, '4', 8, NULL, 0, '2022-11-09 15:49:29', '2022-11-09 15:50:37'),
(174, '4', 8, NULL, 0, '2022-11-09 15:50:51', '2022-11-09 15:57:39'),
(175, '4', 8, NULL, 0, '2022-11-09 15:56:50', '2022-11-09 15:57:39'),
(176, '4', 8, NULL, 0, '2022-11-09 15:58:46', '2022-11-09 16:09:09'),
(177, '4', 8, NULL, 0, '2022-11-09 16:02:03', '2022-11-09 16:09:09'),
(178, '4', 8, NULL, 0, '2022-11-09 16:09:25', '2022-11-09 16:13:53'),
(179, '4', 8, NULL, 0, '2022-11-09 16:26:28', '2022-11-09 16:26:58'),
(180, '4', 8, NULL, 0, '2022-11-09 16:27:55', '2022-11-09 16:28:34'),
(181, '4', 8, NULL, 0, '2022-11-09 16:30:17', '2022-11-09 16:38:01'),
(182, '4', 8, NULL, 0, '2022-11-09 16:36:45', '2022-11-09 16:38:01'),
(183, '4', 8, NULL, 0, '2022-11-09 16:55:21', '2022-11-09 16:57:56'),
(184, '4', 8, NULL, 0, '2022-11-09 20:05:38', '2022-11-09 20:08:35'),
(185, '4', 8, NULL, 0, '2022-11-09 20:17:21', '2022-11-09 20:19:17'),
(186, '4', 8, NULL, 0, '2022-11-09 20:20:14', '2022-11-09 20:21:46'),
(187, '4', 8, NULL, 0, '2022-11-09 20:23:47', '2022-11-09 20:25:34'),
(188, '4', 8, NULL, 0, '2022-11-09 20:32:07', '2022-11-09 20:35:53'),
(189, '4', 8, NULL, 0, '2022-11-09 20:34:40', '2022-11-09 20:36:35'),
(190, '4', 8, NULL, 0, '2022-11-09 20:37:25', '2022-11-09 20:42:58'),
(191, '4', 8, NULL, 0, '2022-11-09 20:40:35', '2022-11-09 20:42:58'),
(192, '4', 8, NULL, 0, '2022-11-09 20:44:12', '2022-11-09 20:45:57'),
(193, '4', 8, NULL, 0, '2022-11-09 20:51:07', '2022-11-09 21:01:42'),
(194, '4', 8, NULL, 0, '2022-11-09 20:54:37', '2022-11-09 21:01:42'),
(195, '4', 8, NULL, 0, '2022-11-09 21:03:13', '2022-11-09 21:05:19'),
(196, '4', 8, NULL, 0, '2022-11-10 00:28:36', '2022-11-10 00:30:48'),
(197, '4', 8, NULL, 0, '2022-11-10 00:37:47', '2022-11-10 00:40:21'),
(198, '4', 8, NULL, 0, '2022-11-10 00:52:03', '2022-11-10 00:54:14'),
(199, '4', 8, NULL, 0, '2022-11-10 00:53:01', '2022-11-10 00:55:32'),
(200, '4', 8, NULL, 0, '2022-11-10 00:57:17', '2022-11-10 01:06:52'),
(201, '4', 8, NULL, 0, '2022-11-10 01:04:55', '2022-11-10 01:06:52'),
(202, '4', 8, NULL, 0, '2022-11-10 01:06:13', '2022-11-10 01:09:03'),
(203, '4', 8, NULL, 0, '2022-11-10 01:07:49', '2022-11-10 01:14:10'),
(204, '4', 8, NULL, 0, '2022-11-10 01:12:23', '2022-11-10 01:14:10'),
(205, '4', 8, NULL, 0, '2022-11-10 01:24:56', '2022-11-10 01:26:58'),
(206, '4', 8, NULL, 0, '2022-11-10 01:28:52', '2022-11-10 01:30:32'),
(207, '4', 8, NULL, 0, '2022-11-10 01:36:54', '2022-11-10 01:41:09'),
(208, '4', 8, NULL, 0, '2022-11-10 01:39:12', '2022-11-10 01:41:09'),
(209, '4', 8, NULL, 0, '2022-11-10 01:40:00', '2022-11-10 02:07:29'),
(210, '4', 8, NULL, 0, '2022-11-10 02:05:10', '2022-11-10 02:07:29'),
(211, '4', 8, NULL, 0, '2022-11-10 02:11:07', '2022-11-10 02:15:29'),
(212, '4', 8, NULL, 0, '2022-11-10 02:14:17', '2022-11-10 02:40:29'),
(213, '4', 8, NULL, 0, '2022-11-10 02:17:49', '2022-11-10 02:40:29'),
(214, '4', 8, NULL, 0, '2022-11-10 02:21:29', '2022-11-10 02:40:29'),
(215, '4', 8, NULL, 0, '2022-11-10 02:38:30', '2022-11-10 02:40:29'),
(216, '4', 8, NULL, 0, '2022-11-10 02:46:29', '2022-11-10 02:50:55'),
(217, '4', 8, NULL, 0, '2022-11-10 02:49:47', '2022-11-10 02:51:45'),
(218, '4', 8, NULL, 0, '2022-11-10 02:52:27', '2022-11-10 02:55:22'),
(219, '4', 8, NULL, 0, '2022-11-10 02:54:12', '2022-11-10 03:08:21'),
(220, '4', 8, NULL, 0, '2022-11-10 03:07:08', '2022-11-10 03:09:57'),
(221, '4', 8, NULL, 0, '2022-11-10 03:08:50', '2022-11-10 03:12:33'),
(222, '4', 8, NULL, 0, '2022-11-10 03:11:21', '2022-11-10 03:23:10'),
(223, '4', 8, NULL, 0, '2022-11-10 03:29:24', '2022-11-10 03:30:58'),
(224, '4', 8, NULL, 0, '2022-11-10 03:31:47', '2022-11-10 03:38:17'),
(225, '4', 8, NULL, 0, '2022-11-10 03:38:04', '2022-11-10 03:42:13'),
(226, '4', 8, NULL, 0, '2022-11-10 03:39:29', '2022-11-10 03:42:13'),
(227, '4', 8, NULL, 0, '2022-11-10 03:41:02', '2022-11-10 03:43:38'),
(228, '4', 8, NULL, 0, '2022-11-10 03:42:25', '2022-11-10 03:44:14'),
(229, '4', 8, NULL, 0, '2022-11-10 03:43:25', '2022-11-10 03:45:10'),
(230, '4', 8, NULL, 0, '2022-11-10 03:44:19', '2022-11-10 03:46:04'),
(231, '4', 8, NULL, 0, '2022-11-10 03:46:43', '2022-11-10 03:48:14'),
(232, '4', 8, NULL, 0, '2022-11-10 03:48:03', '2022-11-10 03:49:44'),
(233, '4', 8, NULL, 0, '2022-11-10 03:49:40', '2022-11-10 03:53:45'),
(234, '4', 8, NULL, 0, '2022-11-10 03:52:01', '2022-11-10 03:53:45'),
(235, '4', 8, NULL, 0, '2022-11-10 03:55:20', '2022-11-10 03:57:02'),
(236, '4', 8, NULL, 0, '2022-11-10 04:00:05', '2022-11-10 04:01:54'),
(237, '4', 8, NULL, 0, '2022-11-10 04:02:18', '2022-11-10 04:03:55'),
(238, '4', 8, NULL, 0, '2022-11-10 04:03:47', '2022-11-10 04:05:34'),
(239, '4', 8, NULL, 0, '2022-11-10 04:06:04', '2022-11-10 04:09:43'),
(240, '4', 8, NULL, 0, '2022-11-10 04:08:31', '2022-11-10 04:13:49'),
(241, '4', 8, NULL, 0, '2022-11-10 04:19:05', '2022-11-10 04:22:17'),
(242, '4', 8, NULL, 0, '2022-11-10 13:38:47', '2022-11-10 13:43:14'),
(243, '4', 8, NULL, 0, '2022-11-10 14:22:33', '2022-11-10 14:23:25'),
(244, '4', 8, NULL, 0, '2022-11-10 14:33:23', '2022-11-10 14:35:06'),
(245, '4', 8, NULL, 1, '2022-11-10 14:35:40', NULL);

-- --------------------------------------------------------

--
-- Estructura de tabla para la tabla `madsoporte`
--

CREATE TABLE `madsoporte` (
  `id` int(11) NOT NULL COMMENT 'identificador del soporte que se añade',
  `nombre` varchar(45) NOT NULL COMMENT 'Nombre del archivo del documento que se adjunta',
  `archivo` longblob NOT NULL COMMENT 'Información del archivo a soportar',
  `cliente` int(11) NOT NULL COMMENT 'identificador del cliente al que se le asigna el soporte',
  `estado` int(11) NOT NULL COMMENT '0 inactivo, 1 activo',
  `fregistro` timestamp NOT NULL DEFAULT current_timestamp() COMMENT 'Fecha de registro del soporte',
  `factualizado` timestamp NULL DEFAULT NULL COMMENT 'Fecha en que se hizo una modificación al campo de soporte'
) ENGINE=InnoDB DEFAULT CHARSET=latin1;

--
-- Volcado de datos para la tabla `madsoporte`
--

INSERT INTO `madsoporte` (`id`, `nombre`, `archivo`, `cliente`, `estado`, `fregistro`, `factualizado`) VALUES
(1, 'ejercicios', 0x504b03041400060008000000210084ad3f96af01000060080000130008025b436f6e74656e745f54797065735d2e786d6c20a2040228a000020000000000000000000000000000000000000000000000000000000000000000000000000000000000000000000000000000000000000000000000000000000000000000000000000000000000000000000000000000000000000000000000000000000000000000000000000000000000000000000000000000000000000000000000000000000000000000000000000000000000000000000000000000000000000000000000000000000000000000000000000000000000000000000000000000000000000000000000000000000000000000000000000000000000000000000000000000000000000000000000000000000000000000000000000000000000000000000000000000000000000000000000000000000000000000000000000000000000000000000000000000000000000000000000000000000000000000000000000000000000000000000000000000000000000000000000000000000000000000000000000000000000000000000000000000000000000000000000000000000000000000000000000000000000000000000000000000000000000000000000000000000000000000000000000000000000000000000000000000000000000000000000000000000000000000000000000000000000000000000000000000000000000000000000000000000000000000000000000000000000000000b4964b8fda301485f795fa1f226f2b62e8a2aa2a028b792c5ba452a95b63df8055bf645f98e1dff79a40548d02610ad9448a7dcf399faf153bd3f9ab35c50e62d2de556c528e59014e7aa5ddba62bf96cfa3afac48289c12c63ba8d81e129bcf3e7e982ef70152416a972ab6410cdf384f720356a4d207703453fb6805d26b5cf320e41fb106fe793cfec2a577080e47983dd86cfa08b5d81a2c9e5e69b821096ecd8a87a62e47554cdbaccfe3bc5311c1a437121182d15220cdf39d536fb84647a69294879ab4d1217da282330979e67cc051f7839a19b5826221227e1796aaf88b8f8a2b2fb79694e5659b0e4e5fd75a42abcf6e217a0929d12e5953b633566877e2efe290db84defeb6866b04bb883ea4c9cd38ad69f683881ada1e9eed85dbda1544a2bf7f335aeb5e88847b03e9fe048d6f7f3c2092600880a3732fc20bac7e0e46f18f792f48ed3d3a8f43ec466bdd0b014e0dc47072beaa0f106fff263bbb00f18a7cca132b0343101cad7b21902e11689eb777e2607329922a0f07215d4af13f967dba43b27a14ae3a01db44b2be797d90af2705eabdd9cda97da7c3bf239c1ffe0f667f010000ffff0300504b03041400060008000000210099557e05fe000000e10200000b0008025f72656c732f2e72656c7320a2040228a000020000000000000000000000000000000000000000000000000000000000000000000000000000000000000000000000000000000000000000000000000000000000000000000000000000000000000000000000000000000000000000000000000000000000000000000000000000000000000000000000000000000000000000000000000000000000000000000000000000000000000000000000000000000000000000000000000000000000000000000000000000000000000000000000000000000000000000000000000000000000000000000000000000000000000000000000000000000000000000000000000000000000000000000000000000000000000000000000000000000000000000000000000000000000000000000000000000000000000000000000000000000000000000000000000000000000000000000000000000000000000000000000000000000000000000000000000000000000000000000000000000000000000000000000000000000000000000000000000000000000000000000000000000000000000000000000000000000000000000000000000000000000000000000000000000000000000000000000000000000000000000000000000000000000000000000000000000000000000000000000000000000000000000000000000000000000000000000000000000000000000000ac924d4b03311086ef82ff21ccbd3bdb2a22d2dd5e44e84d64fd014332fb819b0f92a9b6ffde288a2ed4b5871e3379e7c93343d69bbd1dd52bc7347857c1b22841b1d3de0caeabe0b97958dc824a42ced0e81d5770e0049bfaf262fdc423496e4afd1092ca14972ae845c21d62d23d5b4a850fecf24deba325c9c7d86120fd421de3aa2c6f30fe66403d61aaada9206ecd15a8e610f814b66fdb41f3bdd73bcb4e8e3c81bc177686cd22c4dc1f65c8d3a88662c75281f1fa31971352084546031e375a9d6ef4f7b46859c890106a1f79dee7233127b43ce78aa6891f9b371f0d9aaff29ccdf5396df42e89b7fface733f3ad84938f59bf030000ffff0300504b030414000600080000002100f351d49e610100005c0700001c000801776f72642f5f72656c732f646f63756d656e742e786d6c2e72656c7320a2040128a0000100000000000000000000000000000000000000000000000000000000000000000000000000000000000000000000000000000000000000000000000000000000000000000000000000000000000000000000000000000000000000000000000000000000000000000000000000000000000000000000000000000000000000000000000000000000000000000000000000000000000000000000000000000000000000000000000000000000000000000000000000000000000000000000000000000000000000000000000000000000000000000000000000000000000000000000000000000000000000000000000000000000000000000000000000000000bc95cd4ec3301084ef48bc43e43b719242f951d35e1052af5024ae6eb2492ce275646f80be3d86aa690ac5e260f5e889bcf36976bd992d3e541bbd81b15263ced238611160a14b8975ce9e570f17372cb224b014ad46c8d9062c5bcccfcf668fd00a72976c233b1bb92a6873d61075779cdba201256cac3b40f7a5d24609724753f34e14afa2069e25c9949b710d363fa8192dcb9c9965e9fc579b0efe535b57952ce05e17bd02a423165c2ae7ed0a0a5303e54c4129c5564ce30e6bc68f33a4939010e4ee8e20be8f5b318d5db1bf20823258dab4ae9303c4f6ecb3bf0e690f58a2a631c04ef121a45948864a23adc4ba1db562907c144121b0576b30eeb1ed2106c91b454888a2b7a4d58b731b20e278af7249a0bca3390ddb174d3f866390bc9104cde4cb12cc2102186f0a5721fddf61fd04446e0c46398c446f12c96976e6c4b7332f83aeab5f51ec145f0eb7a78921dbc5c00ffe89f34f000000ffff0300504b0304140006000800000021002d7adb3ced1e00000559010011000000776f72642f646f63756d656e742e786d6cec5d5b93dbb6927edfaafd0f5c2575e254ec1108de958c5dbcc6aef2c999b29d6cedd3290c851931e6ed90d48c275b5b951f72ce431ef3b895b77d9d7f925fb2004849247519481a8fa819baca230924c1eec6d78d06d0687cf7ea53140a5738cb83243e1d88276020e0d84fc6417c793af8f183f7421f087981e2310a93189f0e6e703e78f5f2dfffedbbebd138f1a7118e0b815411e7a3ebd43f1d4c8a221d0d87b93fc111ca4fa2c0cf923cb9284efc241a261717818f87d749361e422002f62dcd121fe739799f8de22b940faaeafc4f7cb58d33744d1ea615ca437f82b2027f5ad4216e5d89323486fa724570878a0887505cae4adaba2a7548a95aaa48dea92242d5524dca6e35ad604eddad26b85c93b65b4dd2724dfa6e352dc1295a067892e2985cbc48b20815e46776398c50f6719abe2015a7a808ce8330286e489d409d558382f8e30e1491a7e63544d278eb1ab461948c71288d67b524a78369168faae75fcc9fa7a48fcae7ab8fd913190fffe5234e651c18e7c30c874416499c4f8274aee1d1aeb5918b935925579b98b88ac2d97dd7a9c8a92eebcc93538a7251210ff995fca3b0a47c738d22e068115ac5fc091e129aef9c511211142e5ebc93686ac215390dc8ac02b85481ea079c909ed5514a93f0439eacd593e3edaa5166d5e437d142d5afd3cbfdd0f27d964cd3456dc17eb5bd59e8fe35ed85b7a8ab425d5d13f2fd88793f41293109913f7a731927193a0f09450443028181c05a80fe25ad2250a51bbc24aec27932bea19f29b9228f5294a137a4b5355987c0b2e4012b2586b6a0a5a2661a26140d523a226ec9f8dde9000007024d02f3a2b38c16caa62adaf6bcd0c117681a16cbb79fb1221d68c064d4a46719fb785fdc8484d6d1150a4f071f8a69980c86f4429e229ff049ae840195b6a4b2aae88f7753ca2c9a16d5ad3ffbb3e77d629e70464b87f337642be9a5578a9767d9ed6f7e11f888de5fb0a79acfd027344512a1563e419b8f91460848339ce3ec0a0f5e0a6fe2224bc653df0f6eff8805249cbd3e6bd448a95916bd6403cdb55cb7297a4db44cd5d4bc86e809d10a5cb4c65da26fdece44ef799a239540a804b39384cf1362f659595689d74be222279751ee0744c3cc2c4021ad6762c679fdb79fcf7e94edfbcbac4a28cf4a6c5a4fad8c0a8fbe85a7311f909cb538789be4c22624d996e428d2ea567c781e5ee6c1e534a01a930bf8671ca56192afa3be93e216f22416a832097e1213c3986d14be6b69a2a17646f8feed1f517264e2c602cefd2c38279fa14018180797495be6a48b4a2edc8cb252dca4a4823cc561f8be204e7c6537bad202e924e5a2dd8dc7dda27c4df3e0f898f03f8dd776badd146f7afbdb651023e146089110a11813bb33c6c724f220f6b3694e34313c32c34390bddee07459e2af3ffcf5ed26726bfe701704fd9c00fa9c08db4fd20065c4d817782ef51b21c597143a556b6c62abe66b3eb0c0f13828928cea6545f71149bf7265324c441fa27c66704835f8fcb990617f8a33c2d8e51465637a0b713651e64f822bf285384002193f6042251d819cecdc291f542e7b74c91d74af9b8d305c390414550fbaaa4b2d567d0858fd9bb3b279b4d7bcc2467ba6237a50645caf1f68c38a0bfe71e0034a90ca6bf6b92c37cd33806dab74907c97dc2a343751d12aaccf5a34aed4672d18c12d320c19988ae134c9901ce87896b79829a19588b2a678628b8c56618d8c26961919d5cd8fa04d6b7a7b682575cb81af208e38b455b33d4336019d58b90b75eb5bb679658db61ea34eca8ae1eab2dd9a4924821135c35d98e5cdd2a95c87ba741ec9ccd501c06d133f8e8dd5e7333d7577eef6f7cb292efdb9693c73252aef6ec98fa25ff3a940bc950b9ce1d80fd84028a9bc91d2ff08853889ce332cfcf9eb3fb776400e209e1c85d37172b2bdd371005afffcf55fa409e83433f90889e47d144e92bc20ad30c6793abdfd3da7cd81a8f8cb268cd11571d8c7a415fd244a84201e07a42de99520ce8b6cea9306e672511c59711c977689f50502d701a6ea3467a9b75c2058314b7d6c96f0bae343e79f50448709c255904f5118fc8236cf91ca96a8326fa6c32c85880098adad96ab2dc430b1a2bc40e1bc68697cbadd08a85b72d87358d43166b86c8e4ddc0347e271b43671372bac8f951ab7afb139d4a4bca7b873dc191fa0646d71e587f695f1cfd3bc78175c4e8a37f1b8757161c4d045812989331b4625744883465e8c1861ac0cc72f7e7cdf413b770795144f7f098b6f3799b60ecc0c7270f1ba88c2755c7455f0972dc1af5669a079c0960d8af5a7acd201ab28c41784740de8bd9eefa2e7138cc69cb0934c4bd46d996b82ed89c04e9445b5c7dd2eb82b8222c4147867afcf5ebc214e282d1cce4b39e028eb8a070da33598eaad608fc6edd138dcc20c02c5b65ca0b626aa7bdcf5b8db1e77348e9413769aa13aaa0429c07ad8f5bdef7eb87bd59e0659833959172dc3eebbd805e6a0381374973077e794dcd20d97198aba1249c8015a82573a53d9c02cffd45d47997a76173bb4918e869baf797a31e8d9a2aaea74bdb2b7287d2fb63bda5e71ba4dd0d05519f04505f5de7a8fb7757863a3c42ddc75d125ce93e7d0588d43e0aebdd47bd895918e35f752bb72b9155ddc7731595ee338928d17bc6b1d9a6eb9b22cf2e8512b66757304a022031b289b5466cb5d920751a4d53293545935548d67c977abe0cd47125be7004d55159ed5b327281de8b9b667aa7a2f9d959a25ca9ee4f69ab5063b40a4c1015cd8f134c55d14d5a5d3b8f22422f04553b57505b4fa38e0ea1ed05a790336edcb5821cc151ddfe311e675f742df214fe8bbe2e8a2e1d93c7320cd10eecf19dcdd9deed9940c13b8ade53545345d519617a27858e9f4a1ef7de8fb3af1f4a1ef273c460f489ae641d8526bddd5abb42d3bf771c0d22c6f5e431ffabe1f427ecc99928648c8a9a63315c5fe242977d406519a05519009891011d864746733cd1b1217286c0593f38042b34562d8e51d061ba598b6f2b1aba21a289a8ecf7b8205061382f60743c2aef3a335660e4fe56c1e8dce46714eeb28c07065d2a7f72d7fec2d8fced96d5b4793aa50363517b4b61d4343b13cdb5acc86f78dddb9c69ef9374702ccd55b9f1a31a8af13d2796ded6bd6215adb50de0d7b6c1256a9af86db79c8b65b1fe8643fb35598b0a603db35edd602b024034db6cdc5be69e636ba8ace0c125f4fd3bcfd31189f6ee9eedcce748bac190a235cb454ab61113403d01cc9ddd11c36bc261e3dc1aeb88ef012f215b0bb43fa40a0f95d5fec6ca13bca16fec734b8dacb3c778ea5d3c13bd77be7be7f3da0e65960d69a280ae21d16b80ef42c91275aa71f16ace2bc33486898ca6db65728aea72996c1b3e0df43e07820b045e89402894d53d41d16597b04f4c3c57dd1ba7eb83811599fe6ee9110a3a383aa0b9ada64bfe0faaef1b42eefb29f056921bc269c24c27f2659382efb27d6b41cb649d215c994b8f6403f52dbd41ba127416bdd3c50154979a75b2cd3d25cd05ae7eb15a40b0dd949747597a819f45f1d55775f57dc2d6312d668b4031ccf646beff5957be83a86c2b2c61e56a31b9b3375891a9ed14590e5c5db72a1bfd7fbe2255dc06f01614e1ba50cc840b3ca63791e96b2355eda802dc82c96305665a16b30508be63f40df78bed4377645be2f4de7fd9bf6bc6983345105aa651d823408ee6851681fa445b5ee026db8116907b632ebce41380f707c85e3604cb3678642348dc7779f74b3797bfae12ce9d9ebb3ff58911e6fab9ddb87a3de7a47f143e92fbf0db87632da8aa57a0eeda77b8fbef7e87ba2ee99a8b5a693855d1257e846c04b67e11d8dc11c9c8c51818fd35c3efb6afcd5d727031a0f5bb2f1ec2baf2a08e725fff51557e20bcd745cdb75e99e849a159545686aba64f556b4b70d3d517b5ad1ca60b66ccd9cca83baef6b06baeb68eda42bff3e89d9615a7d57d491067936783d0a46f9e0eb6f9b6db2ba0752802579906f776edf03f576b5e3c69e3b0114d424e549ef31ea61bf1bc2d88c1befbaa7e42a962c3138f430eb22cce62d7a9703d0d9d53c1a42c7457cf746d2bc29dd5da89926e0c971ac79b2d72bd183b6e1512bcfde99d23aaf3c2ab4a0e9daedbc56aaa902536feeb0df4a4f1e7bf61dc5743dd76d3b88b2682892acb4e21bb6c95a541531da5a2b2a32505daf9d565b35a0e140769ec5bdbf11c8ba28d99ed27aa3036c19b25346efff8da66aca066c054a4253973ddd6ccd77decf1b65539649edad0dc5b2687a22543f8b5435598592e2b64f4e562d5b84b50416f7f846a88b9aab2d6d66d4a1a4aaaef859a42a42d720626dbd5132149740f873bc5192a0a66b562bde68b527dd7c6365a8efa9712d57755cb9e58b404914558b85372ec868f922b53736aff4f9b73e571739cbbf25f1e4df9264e0a89ec3e365ee82a55acb76246dd41a7fc195a1eb8a2d3d23060d78a6daf217ee4bcf36caa686ab0340a8cf72b5513c7ee0871b6308154fd3f4d2ae3d30697f6f9375001a2e92accf0076d7f8c4a51e1acfd6999583fbf519c0b87ad9be2fe544083be77a93a6b71ae2c0f4ae59599d90824c9896d9ccae10a9fe3cc4f988fcf24394ddfe168f13ba96896729cd6e7f2f4b7890ac0045b254ae33253e0792bb72a6c403b4f3ae1b61bb79d42a7f7a3449356c8d0ccf9f38c2fa534bee0376fcb917a0a5ab8ec975b0f44ad8d9ba66ea7422edf1c0ee284e67aae4de2ddcad4ed2c533bce938733feeb955be6b0cadf1a0ea7ed3d659d7544fb3744de1c9e1d177607d07b6d1906c933d481381acc8666ba1a3c7dd03b568c700d646d29e3dd1e188df3bf4a3f3e77cc9ae04a06df3a4fd7a2a8afba0ae67c73577c212f49c654184330157ab3dc443f969e6a194a906cbdb38e0060d090291650bd8096eba2e3ab554b13ddc1ec841a9e4de0d2a67e0e4ce8de3aab201214f28f253015d378f533f06d0bd6a2f37adc19c24eba20269c44d0d73b2ee5aaadcda77d89abdb90b73cddb19e66a23dbae634e6864893986b159e7e641befc01455838ddbce3ae7389f19d005f26c25b1c076b17b93a2a6fae6c0dd053451118ad7dc62bfb98fdf5bdef63b6f7a3bbd69934f6e06c3b227e5866eacae025594b7db71b101f8ef2675f06a77791be790bede16807df7ec9437af7841e5097e954fef6cbe09b6fbefe6f0e3b2a19b6622d4585f3f8ea9bddf2e370912445ae2aeb82c93cdcd4c32c054b88d8fc024bbf75a70674761691fa6b7b19cdc3ce0195d9cf9e0b38f6e98183633601e42771e2e36c695fff9c724a378010b2a0f93a3355e18198d919441de4e77cd7aeb88b6d736782bdc32901d70040835034a0453783ec3400d8709878e3f68ef76687e9b71e1e14cd2df4fdfb0ff27eaa94ffc3a19bc0018aa6301dea17b90e32013c9d15e484ee10af51e395527f786cf1e7385134d35c9ae47dd2b8ea174f4b086d95c444254d2ba96abf08df47cfac82510341c734f07dfce133aaa8a99a060ea5b90b45eba863deebd17d50bf771295ceeb91a8dbc0841a4ffce87a95695ef9fcfb1131ca0b330fd087098ec88311fa39c9dcaa8c4394e7e55f3b679f7e1226b4d5981c2555f10c3a95302a68dd36bd4628f37d1c178be2f7133426efb5bcbd54f4c14171be006d8a2ee7638175d09044a88886424de1eed0702d4d34e6b35d5c79a85842888a1b7ecc2cb6d7d3b6c259c55d5dd82181c83b1c8f7186c76744005686d147f6304ba890f9811fb47682ae968ca611864dc033acb52dc9a9a546b973caa9713b7ffe0c710f791d345543872ce61c0282c8935543b31d6859806753ece700c13d9ad3cfd0ac6b2c8aa5388e69b753ccd88a266b2c57d342649ea278ec58ec25e934afec2f9d5e115a8ab07a7bd43b8cc2e01794d174202d97684e386b0b555420dd06d5615e66694bb85cbb756b52dd6274dba3efba0e37e11fd359aa0244536f506391d0dc311f50846eff972d8586b8c890f0c59fbffeebd801293c1b27c42f11bea0279f506edb4cfa49466e4ec94d2c53cfd7c23447f458a99008a70888ac0af4a8d0bcc7c0eb68da9c6df3f8821db1bd0ebf9d241cc7c23860899e8ae5737aba0c2a529c102e8e4ad8344911b50248886fff2fc219714e850919c7a07a91baa911644513e122c0b5935c3e3f2618a5492644781c50f37cec82a728dac483e56a960cbb637acafc5b53d22306648c8f8ae06acf7e6f6523dd1fd7e73b21ec62cf58dfc3e9c64983eee19a792549b44ca5bd15d1760dd2168be81ccac8fae0fce695c73b0a3c5404f13843d74474e46b3a42b13fa1f91e83bcf8704a9714e9376bfeedede940146509543fdf2d7ee6c4810ff15992b37b331c5285c5af315dbc24af54445551458300e11c4f8278ec243ebb314cfc8f785c7e4537c9b47813db04eda4de8180c230b9fedb15ce4294b282eb9480a8a490cd676bba0c0c874606d00b3455252d567451f75499e9443a9ad3257c626fb9a17fa948d2519ae4411124f1eb39b95e9644a7033f09a7515c3e4eeef9dbc5458e8b9722d025a049446ef5d2d9cfb2a246b53fb5aaa53a7199a174d2ae599675b8a9da9fd8fd4477881726f89f68925768c81ae9257dc28d0425dd50caa4bae4ae8b0bec176e796fc838a63a445a84fd3d5f707f4d48f9218971f96b9cf867991050a90e8418d1a9f63711ba24fe5f39dd988efc1faebea7d407be9791eb143a68c4f8a94ade92a6cca92d8ff3113a1d4c8a221d0d87b93fc111ca4f9214c7e41a3177112ac8cfec7258e12e0a8710007518a12026ef4eec098a2fb149ac9e5f5072185637bf7fdfb7d6aa7210f1b7a659b043556940bb2bd2757d47be8dd23959e4dbdeb5c55767814f79a63f8828da8d45a534bb446fa4425b7aee3c0c522f0843ca2efd2e64231c9d53f523fac44201d088f4bab8f027f4eb05b9f51d69045a57ed02ab775115fd95338386469f2eb2887e2617172d754314bf1bc13b5c3c9e6679f13d4e22817e21c4111a5813a1abb77945cdec968a9c9200f695fc6777d4dab3febb0453694498119c5bbf4dfd982c0257359556e0a968ca862aa98ba9cb27d98fad9698a678ae2533e2ef9a32ef25564acc510d1d68ad403760d89ee1d47251f7125b68a5a542dd765a8121a26b79d006cd2cdfbdc4ca604a0d18ae0c5b125300b1c232707a89ad909862c8bab774b6b1a70247632780f4126b671016a169ca6ecb8ea936502c7b111ed04bac364a9620b044afe55d005dd124a030967a89b54299245781b2d98a575174cb9674b63de849cf2b9c27c9c708651fd94418b9998e1418d5e558e1efdf2716f23f96f5cdee75595c70796759e9aa0e577334cb925a7110922929aea1350f05ea815a0d1c64c334cdf6015c10cab66df42ecaea2845d370259e80ab96c4ee8ab5795a622442740c16dc7c97185bf1377789912b28e75ee2d6ba30297ba8f975ae004601f244af29a66788bac3b36b76d33ad60a28346f7fec230151325c8f1d8fd68bf1a8748923cc0d859749161451c28291c6b8c05944243b3f438505263574adc61de58d38a4b2511e02d605deaa03b8e83148eba83ef4fa61198c4fc55d0498881a85116122a6b92fa6319ae767af853fe5340c851d39965f07853f39e1307eb26a4047d678fac1aa097b05ed0a88df26b9c05082f34a2dcf191c32214fe25113d8ab5b1f18ae0b45853adabbb77ef30a97c3739665e82221da17e4052af98fa7517967105e85b3fbaabd9ce4da9bf9fece6ac56bf1c02300d6c1ace34b7393d15ed94f1f8ed65fa6cd40c83598f67468db0ecff1133da61f25a67f3a224ce3ac1539b71ad450f30cd91379c6283da87b437d605a23940561ebc8d835b88664f4ada87469adc7f593c4f50f9b70adaa9aae2f0e5c3f34ad04b4f1cf8803d6a2aaaba2a3538dec61fd2461fdd7a3827576fb47cc016b0942dd343d9e4c233dac9f9eb5ee9a6b7d99f1b8208a234940577a17e4c982da3a22508728f679500d0c47b64cabb51aa338a2aea90ceb6b39dc16d54709bd03b49c7b3c285b3ddd1cd65681d85433697572116502db81b9587df0514e27a305e44f71364ec863e53475b99881e34b76ff7c0163b68614641b57905c4353e512795d90c69fbffed39df135df9bbeb189650d18e0103603e777e50558287517442b7c435713673b7ae91a5d29e66f36cbb763de07a59a6a445026abaf21fe84c37ecb22305d8345d0d6bd12199aae67377706568a312baa679c6a5ce9edf7fd43d5c1793abdfdfd8ebdff8752af97a5999e5957dcce23d119310a5190474b49683a623e59be95e79d155d4a8d249a2419eb55cb7e88b57b3721192539a130a31e4257453aef7088d9a62e0ba195383653e2dfdcd1c577ac1fad458c1c5ed434574aad0fdc284657d10f7354d47381f6bf02ce8b4448a7784c6866f114d41d99450c09612dec82dc40face90f4001d9030975fa100d1d3c4f62e3a0f40208b8bc422ac193c496171c64b7e45f3cae38c6bfc7f000000ffffec5aeb8edbb6127e15c1383f0f62dd690bdd056cc94a03e4b4c6a6c8f94d4bb4cd54127528ca9bcd6bf511fa629d21255b76f66234cde5ec7a81b579190e871fbf992165453595f44d7e350a66a197ba763cb26e1d3f52eca3c25677e125b1effad01ac986e7375723db9ea55ee04df64d095bd3b650d8e3932098797dcf520b274eea3aa3eb9f6ea37a29f1aba969c6ab0d0815bc6257232fb47104566eda021a68abc4688ca21f32e8d8d1e26ab4126a6bdaa4d1225351a906ba6993717e359a494e0bd4b39d55cdb09e357d450f6f3ef52a61555d4b8c7a066de36e96f1de66d92f762907ebfcc6e6dc46b9a4b7001d14eb8856d956482be78dfa0d6c1ae9d27c5f7a7b35721cdfb3bbeacda1daf0b22ed852345a56b2822abe633f33bed9c226ba811386b63b81fd5db12daff244645ab010d9ef2c37457a275af5a68a5901463a238b1685b8fd75c764416bdd705b03898c8548233fb1ed202141d7c172aed9e52584109f1004b28ef676591ff52c77f88990d4512d1aaeb8a87ede9b9b4a515e8d3251b465658683ccafeb75c3d435f12781eb016cc3c6be6af41c697d7fa2155d622369bd3d55ec92c974faa8e2f77a04380fab9495c13a3c3299781e2c3c83e5842e997ad36e4d6cbd66995a18d142af187d087604463988d50aa074498fc12d58f48ba898a9e5225b4a8b23b623aba225b8cd9b926e5865191ad551f6cbee352e8267a9847e24108df4b2ba96b7b0a1807559544d44af465ba5ea683c6eb22d2b69f34ad4ac82beb590255550959b71c7beb218bbb61d8e4bca2b985bc45b5a6dd8aca96139b8f99ab18fcfffa5b30e54255451ab95fc6fa8aa79a65ac9401b94a27a6f1694be585bb55bf20cd78c1580a2db2ca7df2c44a9ef424104edb371ab82d7292f0a5c2e962d19b172854e085ea57944a34649a6b22d16d7207a039b80ba061d5aef4115d61a1dd668f4712d4bfc16ebf589d35124f1630c1e1f46d7b251af99282d2c806d6082de21ba7bdb74c6f4229d35667e5d847f2d31d8ce611da90c11a3e19fd80d2b4efdbfa472a3e9a085ea4cfd97e76a7b6d2301870d5dbdd772acf4d4fd3f536a42e3506bd772acf6bde1bd897a3a6aefc3354670934e741ed429b64fbc619a384eec9f245e7fbe48fd9860eb25f17effc45b5048a1acca9964f912c2ec5c32fabb1e354cc9bc422c1f4bc9876c8cd01f27492f0c429b247df6ec93a4eb38ae3d590426190d524b103aaee3d9c63183c09b3a7670466e21a16bebdce2fb7e2f7fc826c14936e9252ed9e4796713a78bfa5f3d9d3cc4da6f964f904dc651cf8fd14eb2f0c230488f63b44792b96dc7fbb0fb448c3eee793631fa81ac46e693348de72788a5decc4ec9f482d8e788c199df26cee905dc7766c93458900b62f720360fe2491ae3c38901628e3b9d916081ccbb207682983f9bcdc22439896336f183c4b58f1ff21c9f285fc059f381c81f4fc3e9cc5f1c2346babfc7103307566f11f8d383dc4b8531984d53cff6f101d0533086215c38dd1318fd59e8c487cbd000c663f12f87f187b8e598d50ecd79a7ee0ad6abf94db58570622a3b93bff315485d2f3e3099f18c0b0b9f8e45fa66fcf069ca9dd8f369ec23f79ff4a907f7fdb8e787749f4c140277566bb5f5df3fed5770610c499262fe7ad2afa6ce627e48814ff9d5dc778305faeb01df202564f25cf13dc709bfa79de05578a1d49003b0b5640d933bb820de305af04f545a6d65b1bd1ffeaf65ffb6a8053c515c5a39b372d1583b0a46ad0ad658ac524cd2c62a0a5ad21c0a476efb15b15899cfb8f94791b9fe57d596ceb75ac3d7dd4febee396c86fbffb619d7e02e0ddf540cbc0435528b358a0e7de6ce2a5b868f41ac1afa6b5a290aee6315e05830b0e5e8538d55b2aaa11fb48b59ebb6caf89f7f54e07f45af16e7a0b900fdc550fb2beb1dd77ac185cbba109d6009ca71023d18947a600581b19aef50d6505bd0838fcbf88e966884d580bbb315b360b492101986f6466724682f8ee793203eb926dc9b558ed3c4dfc92a2f316b87c9d4f326177c5f6ed65ef40101523304913e0e3c18fad184144cd0a4f9c123a9094eac89ceba0d78c1749eccbdd919cef01800f738c3b1f8c5197e046e3cc47b93c89033e41cce102f74c834bc70e62570e62db59ab6a4481973fe419a38f873fc933c713c6f1e04274f882f3c799e3c81d8524b91b79912862b78ee356c718f2f87f7b3c525b1ed107cd5e5c29617c1964c64fad666d80225b8db19bed8af7c771210a7fb3ce71c63a73eb117c939bf145cd8f31cd8036779136872bee339972714ba9f330ddcd397fbe53d45061cb116423179c3d64cb22ac3df00d45d0dfb991b828c2c19f1dcbcc3a1df96818936ef7035b7f85ba8eb6b1a6ca11c4cfc6eb1f5e63f146d5002dfd6f51dc34ef3feaf436c7c0329026a287c1baeef2ed87ad0bb6534676029b1f5136563e3beba6995ae76d301e8886477074219dd9c8becb5e47947d22557d9d6d0d6406d90d2c595c8ef740186b4f888e3fa2f000000ffff0300504b0304140006000800000021009948361988020000840a000010000000776f72642f666f6f746572312e786d6cd4964d6fa3301086ef2bed7f40bea7e623408a4aaa6dd2ae22eda16a772f7b73c149ace20fd94e68fefd0e109254a415a1a7bd8430f6fbcc783c637c73fbc60b674bb56152a4c8bb729143452673265629faf3fb6134418eb144e4a49082a668470dba9d7eff7653264bab1d500b93942a4bd1da5a95606cb235e5c45c71966969e4d25e659263b95cb28ce252ea1cfbaee7d6ff94961935065ccd88d81283f6b8ecad1f2dd7a40471051ce36c4db4a56f4786773124c4d778d205f90340b042dfeba2828b5111aea2ea80c68340105587140e239d595c348ce47749f13052d0254d86913ae5c4bb052e151530b8949a130baf7a8539d1af1b3502b02296bdb082d91d30dda8c510265e074404aa038107f9c584187399d322c85b8a4cd1468b64af1f1df455e849a3df3f5a85eeb3fe463297d9865361eb95634d0bc8851466cdd4a1c3f9501a0cae5bc8f6b3456c79d1ce2b95d7b35d3e3a9ee64d2a8fc03ee1eff3cf8b26f2cf899edb63472ac441d12784f73edb483854e1d1f1a0d49c24d7eb7980b400bf038832d6b3a45b46934d580f284f38865e86095b8cd9f163ab976af5b56af9a9e5461d69ec6bb4c5b1f7cbea037c016b5f75a79d60be16ccf39a28381278962c56426af252404450430e948153ef40f50bbbe2544d87a6704b506019278a68b2805d0ec677f7b3380e516d8503d656d670e2c7e1fd24006b023791fc2945ae1b8781e7c707d3a33e639cd325d914f664a476f9a8ebc7b3dd151050b225458a1e19cda95a314110ae46753389c10bdebfe183549ff5fa81ac4cec74cee84a3a0f540bb82a49e71715cc387fc90b29a825d54cdbcc6f9c74f3125f47de0fcf9dbfcf4be045b3e86e3cf97ff3b210c6ea4d66a53e93045cdf21a7ff000000ffff0300504b030414000600080000002100235bc41285020000a20a000012000000776f72642f666f6f746e6f7465732e786d6cd496cd6ea33010c7ef2bed3b20df53032121454d2a6da3ae7aabdaee03b8c624a8f843b609cddbef1802c92ed988d0d3e600c1f6ffe799f1ccc0ddfd272fbc1dd326976289821b1f794c5099e662b344bfde1e270be4194b444a0a29d812ed9941f7abefdfeeaa2493d20a6999f180214c5229ba445b6b5582b1a15bc689b9e139d5d2c8ccde50c9b1ccb29c325c499de2d00ffcfa9fd292326360c3072276c4a0038e7e0ea3a59a542076c008d32dd1967d1e19c1d59019bec58b3e281c01020fc3a08f9a5e8d9a6367550f148d0281553dd26c1ce98c73f371a4b04f8ac791a67dd2621ca9974ebc9fe05231019399d49c5878d41bcc89fe28d504c08ad8fc3d2f72bb07a63f6f3124171f232c025547e0d3f46a428cb94c59314d5b8a5ca2528be4a09f747a677ad2e80fb756a187f8df48d692969c095b7b8e352b201652986daeba0ae7636930b96d21bb4b4eec78d1aeab5430b05cfed59ed64d288fc021e61fe2cf8bc6f2cbc4c01f70220ed1298698f0e79ead251cb2f0b8f1a8d09c043718d8405a40d803cc693e30a55b46134df00794271cc3aec3cc5a8cd9f363a9576af3b56cf9a965a98eb4fc6bb4a763ed57ee357c05eb9075a79560be66cceb962868099c264f1b2135792fc022c8210fd2c0ab4fc05de1543c57746875f2ade05589dd2b586e98229a58a9110cb9939f04f54205d22871734f30182c16511c3f4c513d0a9dd8bad1f8f07352f870495f96c8f7d73fe2dbe8b11b5ab38c9485edcf3cbba178360dc2b8d9f059bb9b5184826bb0886496419ff39da0c85db0c3a87b78299dafa4b412e1d51deee40da3f5a999d2cd82fadafa7f3616540a9b8bb26e90af7fc7c53f13167f1e46e1c322fa3fc272d6bd4b213a7930abdf000000ffff0300504b030414000600080000002100cd4af62a850200009c0a000011000000776f72642f656e646e6f7465732e786d6cd496db6ee2301086ef57da77887c4f9d84006d04544b11abde556df7015cc740d4f820db21e5ed774c4edd0d5b8570b55ce460fbff3c339e1932bfffe0997760daa4522c5070e3238f092a9354ec16e8d7eb66748b3c6389484826055ba02333e87ef9fddbbc88994884b4cc788010262e145da0bdb52ac6d8d03de3c4dcf0946a69e4d6de50c9b1dc6e53ca70217582433ff04f4f4a4bca8c81fd1e883810832a1cfde8474b342940ec8011a67ba22dfb6819c1c59009bec3b75d503800041e86411735be1835c5ceaa0e281a0402ab3aa4c930d219e7a6c3486197341b461a7749b7c3489d74e2dd04978a0998dc4acd898557bdc39ce8f75c8d00ac884ddfd22cb54760fad31a4352f13ec0225035043e4e2e26cc309709cbc6494d910b946b1157fa51a377a6c7a5bebad50addc7ff52b29634e74cd893e758b30c622185d9a7aaa9703e940693fb1a72f8ca8903cfea75850a7a96cbbfdad3ba0c650bec637e157f9e95967f4d0cfc1e27e2108da28f097fee595bc2210bdb8d0785e65370839e0da406841dc094a63d53ba6694d1047f40f98963d86598498d3147de967aa176d765cb4f2d73d5d2d2eb688f6ded17ee5ff8025695759f2bc15c67cccb9e2868099cc68f3b213579cbc022c8210fd2c03b9d80bbc2a978aee8d0b2fd54f08ad81e15ac364c114dacd40886dcc18f82d33a05ca2876738f3018460f77e368055f206e141ab175a3b3eae7a4f0d9923c2f90efaf57b3bb68d30cadd996e499edce3cb9a1d9641c84b372c327ed6e46110a9ec122b2b50cda9cef0459ea621d46cdcb73ee5c25b995082fe7b891978cdaa7724a970b4ed7cafd7391a052d854e4a7eef8f27754fc7341d9f8abd566f3e3ff08ca59f7be0850fb6c96bf010000ffff0300504b03040a000000000000002100bd9103b6e8c70000e8c7000015000000776f72642f6d656469612f696d616765332e706e6789504e470d0a1a0a0000000d494844520000035000000345080600000075001d19000000017352474200aece1ce90000000467414d410000b18f0bfc6105000000097048597300000ec300000ec301c76fa8640000c77d49444154785eecfd7d705467bee079fe6a6fc7b0b4200d6acad2a52d0c12e36bc3181576c8b013172ce472985110b61178bada456c04dd5239f652787bb11bffb1835999de3f4cdbcc8c3177a21af5f81fecf60c18632fa18570595070a703acb059e1007bab91c0969b92aa682104ba0e26b6a3f6799ef39cccf396992753795299e2fb8948c43979f29c93e7e539cfef79cb9f2c5ab4e8cf0200000000c8ebff60ffc6b7708f2c7ffd84acd6af97f7c82c3bbb30eba4ee65f5f92d5d761a000000002a5fe101d4f55d72e98df572ee8d37e5aab4c8cad78f48dd42fb1e00000000cc6085075069a764f41d15448dcf91259b8bad890200000080ea912380729ad92d5fbfce4e4739253f8ea93ff36a09a000000000cc78d18348e87e4e9d2d3277bc5f2ebcb34beedad9613ac87a4d96886739f3d947e446cf0191cdeabd79664191a18fe4dca18376c2f9dc82dfbf2957649bac7c628e333bb0bdd49613b24cd4e72eff4c566f68b273efc8d59ecd327add4e020000004099fcc57df7ddf7ffb0ff773c764056ffe2bf92593ae039f896fc673bdb472fd3f5b23cf0e45fcbfcffe3a05cdefbaafcbd7d4be6b6c9fd8f2d91bac7fe5afec1c537e5c2bffd57f2c37ff82bb9efa99fcbfdb3ffa3fce9ca35b5d01299b3eaafa5aee9afe52feffebfe4dcfe1df2c3ef66cb3f78e6e7f25f36cc961f2e7e6556356bc516f969e33279e0a19b72f98d1765f0778764a2e19fc9434ffd9f64e277bd39023b00000000283d5f133e5de3a36b7a468eaff7d41665a302273398c43699b073bc6e7ff1a65c3a71ca99b8be4b8687546cf5509bbfa99faf56eaa08ca965a47651a039a0de4e661b137dfd725b9aa4f6313b0300000000cac406504e7fa7658dba79dc7ab9e654004dc9e41f6df064ddbd71a7b8be52e363fe9aa6ebdfcba4fa53737faebe5900000000507a3680d223eaad97cb43736449e709599c54ed4e30189a826080060000000049f335e19b38b45ece1d1f94fa0d797ee4f6ab6d599bee65336bc11c91b1efa71e402d5c243572477e1cb1d3000000005026be00cad0c1514fbfdc6edc24ab5f8efe7da759eb8fc8ead7e3d754e9e54df3c0be7cfdaaf2e992c57a74c0a1938cc207000000a0ecc20194767d975c7ae34db92a2db234e277a04c6d521ea6164b0559fab5f28951b9fc4691438fcf6b9195763dab5fdf24355fbc1963800b0000000028bde8df819a0afb1b5293c7a73e1885f91da8da7cbf450500000000e5115d0305000000000821800200000080984adf840f0000000066286aa00000000020260228000000008889000a0000000062228002000000809808a00000000020260228000000008889000a00000000628a0ea0dabae570ef61e96eb3d30968dd7d587a7b7bd3afc3bb5bed3b000000005099a27f48b76bbff46e1439dabe5d7aecace474cafede0ea93fbf575ee83e6de74d8fbffabfef927fd132d74e650c7dba53fef5ff6c2700000000dcb37c0194ae15dab9aac64e594347a5fdd7498651151640fdd515f91ffecfff4efebf761e00000000b8d24df83adfed55c1d3881c6d6f97bde7279dc049fd3fd9e00900000000aa870da03aa5b95164f2fc47a6c9ded29fd6c8e49fae386f45d14dfc72f65f6a95ee0f33efebd7fe2efb56a102dbeafdb05baddd4bd76039ebf7f7abdaafde4990bb5fef26ba150000000015c4065057646c42a466d5261574b44ac3029191ebd1cde94c90b2b149063f6e776aa8d4eb806cf20c38a1039a9dd272c3d660e9d7c783d2b4b1f081229c6dd54bff5beeb6f64abfb4c8ce88e048af7fe7239765afbbdc4493741413dca456cabf38b657fe27fbfa97ffccce0700000070cff3f48172fa223539132640da7ed04eb8f4e87cafb688e4e8afe4f4a3d24d01fd0350e826821d0bfa65ef2f768bff93d9fa4065996ff76124bd7f76bf037db57cdb338362b8df2c60226a9fac7fb64dfea7671f548bfc1b79edff99a3460e000000c03dc1338c798f6cd7b5376ff5cba49ad2353aba899aafd6a8a9566ad4bb97cf46074f9a6efe274303a1d1fb7a06064552b5b2d44ee7d5d620f551dbea3b25972744ea17fa6bb3824d0e7b7eadbe8b1b181ddc9ea90d0bbeb2054fdaff7c403ebdaa76fbaf5ae4afec2c00000000f7aee8df8192c1f4601235abb625fa7b505541057e8df6bf00000000ee5de1004ad7324d8c89aecf397df6b2a8104a6ad3edfac6fcd311aefc6952a4b139d447a9b3597dc8ae3796be611951db5ab626d06faa6d9d2c4b65efa31529381085f7151a94c26ba9fce53f527fae7e2bff6f6706000000807b5828806a5d582f7263d8346bebec685121cca00cb87da1fa76cbc921ddbcefb0af56aa75f7fef4b4137405067050014c47a38abf3ecfd15c2ea44706d4b6fc3560add2fd2bb54f13fdf251b07f562e4536e1fb6ffefb5f494beab6f47ff2b99de3e106653903300000000033891d44c23f80445a960116823fb83b99650088ccfa26a5ffad1764779f9d54cc200f91ede274f3c1cc0014c16d857fd837db201485fb6ffefbbdf2ec123ba15d3d29ff97ff5b44f0a4d9c12c749fb0e0770300000030337946e1d3f4ef37ed9465df4c3d18b917384120011400000070af0834e15b2ab585f62fba57b575cb33ba066de824c113000000708f08d44021bf4cf3c470d345000000003319011400000000c494e577a00000000000410450000000001013011400000000c44400050000000031114001000000404c0450000000001013011400000000c44400050000000031114001000000404c0450000000001013011400000000c44400050000000031114001000000404c0450000000001013011400000000c44400050000000031114001000000404c0450000000001013011400000000c44400050000000031114001000000404c0450000000001013011400000000c44400050000000031114001000000404c04500000000010d34f162d5af467fb7f20a7bff99bbfb1ffcbed6ffff66fedff000000809985000ab1e9006affbfdd6fa7a26dffe7db09a00000003063d1840f00000000622280020000008098120ca0d649ddcb2764f5eb2764f1637656121e3ba0b67144ea16dae9527a6942be3b39217bed64485bb71cee3d2cdd6d763a01adbb0f4b6f6f6ffa757877ab7d2721fa3bffaf93d26527f3f9d7ffc37f941f3ed5afdbf2afed3c00000060a69ade1aa824839fa97a6a52beee18972b4753b2d3ce0a69aa951a1991e13e3b9d80d3dd2f487b7bbb7a1d95413b2f51bfa9917f2fff49febb1841d44bffdd98fcd3c694fcbb67ffb13cf0ec5cf997763e00000030532518409d92d177d6cbb937d6cbb5afecacaa71573edff99f44cefd6379ea37769647ba566863939a6a920efdff773b9d37abde5fc83ffd6febe4ca7dff495eeefecf765e94ff2c6d0fff28135ffc430227000000dc33e8031561efdf8ecad25bff48ded9fd17764e46e7bbbdb273d5881c6d6f97bde72745868e3a3544bfeeb14bcc04b3e4a9a3f324b5faa6fcbba7ec2c000000008100ca34a973fa2db9af74ffa5857b6479d6e6765db238bd6ca6ef93f30a7f26b5c5beb741d7e0cc91259d9ee55fdea3b2ef7ee9e5b3ac4f64547ebceeec83bb5cf1fdaeeecae36ab7ae7c5e2307ed9c8c4e696e14993cff91e87069e94f6b64f24f579cb7a274edcfd37fa955ba3fccbcaf5ffbe3763e0a08f6950ad588997dd9afbe41609bd96ace7453be5b7f2ffff5a6bb7606000000804c00a5032415d08c1c779addb92f7ff3bb3932bbdefed76be122a9913bf2e3889ec834dd3b773cbad7cec421effb77e46a8f9dd6af7776a910c6e50463cb1a07e5b2fbfe1b0744da824156932c7bfd19f9d1aee7c21777a47e43917dab5eba2b4be51fca1f23e3a22b32362152b36a9309441a16888c5c3f6ddff33301cdc62619fc58f75f725e07649367c0894ed9dfbb535a6ed81a2cfdfa78509a36163e5084b756cc59d751196cec90de0fbbd55e7ae9e6863b65d9377b9de5deea9749b55c74d0f617d2f7cd3f1459f0ff8b3da00400000030d36502a8fa5a999b0e82225cff5e26ed7f35532bb4c566adcd67752d9033592ab3d66f9325f37480b54d54dc62a900ed9037c8d2f4329b65d46effeec56fe476b6602f8fae85ffbbc8add9d2f7b99de1735a76ff420fe6e004222d293b3ba8ad5bb6adaa91c9f37b65bba71aeb74f776d96d079c68ddfd8c5acba01cf536fd3bb85d8e0ea900ed917581c02707b5ad671a45056adb4dad98a347b6ab604c52cb645d6084401dd0bdd06d83bebe61d1a7bb7e61f4d60e5eff2f44eefb51daa29af1adbb2b8fa666cbd7ff5bb8992300000030536502a8af8ec8d5f14c73ba7013b82bf2e3b8cadcdfbf4efdbf4b6a55a65d1a7f26e918627c2c10d44cddac0573d47abf91f1120766b9fc973ffd7bfbbf6c5470e2d6dea8295d63a49bc2f96a8dcce87c9372f96c74ed94a69bffc9d08027e871f40ce8c0a75696dae9bcccb6066520d8def0e0809a5b23b5ba9564daa48cf92a059def920ea8e258f7f772590f5bfecf45fec7676be59f9cb2f3010000807b80a70f54a6e9dde52191fa0d4e20b57cbd0e989cf77f1c1399bb4065ed7593bda18fd4724d52ab02ad59f7d7d965aadf7ff8d33fb4ff8b63303d9844cdaa6d89fe1ed4f4f92f64d85b1b77ea1fca323d6cf9bf15f9bfaa40ea940aa4000000807b852780ca70fb28e9406aee436de9fe46776fdc317f67ad7844262f1f9489cb8352bfaccba9291afbbee43550667bf36a43834a242967b3352f5df3333126baabd4e9b39745855099da9ec131ff74842b7f9a14696c96e0100e9dcdea4376bdb1986d354973b0a35257b39a1bac712a8cd39cf12fe43fd8699f53b3e4eb0991babfcc35d43900000030b34406508e7532bb56fdf1044677ff382a52fb8c2c7d6254c6f4e0125ffd7f64a4f1196950cbddbe113bcb9f313266fa2a2d58e1d672f9dd3d7152465418b0cc3732df3aa9db121ea9af647e334b052f7f2fffd5dadc8141ebc27a911bc3a21bbf7576b4f89bd1f5ed96932af86cda78d8572bd5ba7b7f7ada09ba9aa4c33b0a5ed77ee9d0fd993edf6dd61b4bdf29b9ac0299a68d7a843d57a7ecd7bf51357432dde7aa70ff59da1ef97bf51dff41c46884000000c0bde9278b162dfab3fecfacf54764e51373ccccb4a18fe4dc214ff6598fd4d7d922733df3f56012cb54a65f8fdee78cd8a78713df2491e33704d7a7e9a1d3cd70e6d678bf5c088dc4f79a2c996727030346389faff3cfb3fb3999dea7c2ecfddbefe59f34cd93ffe59994ecb4f31c7ae4bc0e15f6044cf4cbde5f84831e3d12dfce5535764a0f7fbe37d0df28b8be49e97feb055fd0a347d8d34155986e3e98193822b85c685b7a18f38df5a1f567f5d2847cd7f1bfcbbfdfbb40fea96dc2f7377ff337b2ffdfee77265480f5bf1c1a9147bfad9765ff2a3390c4f67fbe5dfef66fffd64e01000000334b3a8082d75df9fce4a8dc7fee1fcba3113fa6ab4223e9fed0190ebca00118aa46f4f72780020000c0bd2e4713be7bd92c79eae83c49adfe8ff275775453bea5529bcafe1b50d5ed3fcbbffb5f4765e9ad7f24ef44068faebf90ef6f88a49ef87bf9d7760e00000030d3114065f39b943c6882a849d96b676538c37f7b7fe369c6786952fe6bf947f2affedb9abc7d9ffee5bfa897ff6d6242fea91ed6fcd3db045200000098f108a072d14154a81fd40ca7bf738ce0c9f117f24fb6fc6379400f6bfeec5cf997762e0000003053114001000000404c0450000000001013a3f021363d0a5f1c8cc20700008099ca04501d1d1dd2d7d727e3e3e37636000000002088267c000000001013011400000000c444000500000000311140252a25bbba5e9463afac91ad764ed156ac51eb7951de6f4bd91900000000ca8d006adab941d68bb26f859d05000000a02211404da3b56d1b54e0b4566470d8ce0100000050c908a01235213fdcd47fc664d09991b1628dec68ba2afbde3e2e7b6ed879b98c8ec9a4fe7363c29906000000507655f13b50a92d276459a39d903b72b567b38c5eb79346972c7e7d93d4db296de4f87ab9f6959d30d649ddcbafc9927976521bef970befec92bb76d278ec80acded0642794a18fe4dca183762221ba7fd3d30d32f4d907b2e3a29d578caefdd2bb51edfbd05169ff758f9d09000000a0542abc064a073d3a781a94cb6fac9773e67540a46d8fccb24b38cbfc4cc6d2efaf970b5fdc91fa0d47a46ea15d44496d51c193a880c9b3dcb940f0346bfd11153c89675b6fcad5da4db27a4b975d02000000c0bdaca203a859ebb7c99279bac6699b641aae9d92d143dec0474dbfe37d5fe4eec56fe4b6cc91d9e92aa97532bb56fd19fbde5fdbe4d3257ff9c41c19391ed8d6df0d8a34fe4caa62ecbb83dba5bdbd9dda270000002021951d402d982332fe8d8cfb9aeb45d0cdee5e3f917975b6c85cfb96c30d843639efbfecadc1b2162e921af5a77e83673dfa659af3d5c96c4f6d16000000807b53f50f2261fb2cddfee2cd4cd3bc9e7eb96ddf4efb6a5be6bd792db2d204480742354bbaef547a3de957b0cf15000000807b51450750776fdc1199571bae2df298757f9dfa7750864f9c7266e4737d975c7203296992dac7dcf9df9b51ee6aee5fe74c030000004040650750274eca880a7296f99adcad93ba2d99e9bb7f1c55ff7a9ad82ddc23cb434df822d4d7aa65eec88f23765a0eca1fbeb823739f784d16bb4155b5d1a3f0f5f64aef87ddd26a6701000000289d2a18c63c38fc787818f3f030e7276576e72691f450e6e161cea387437746e25bf9c41c3b652532947983ec7b658da477db6b6240f61dbc2467ec646c6ddd72f8d516a99149e97feb05d9dd67e7030000002889aaf81d28c4d7f96eaf743412400100000049a8e8267c28505bb73ca3abb4864e123c010000000920809a113a65bfeefbf46a8bc8f9bdfc0e1400000090109af001000000404cd44001000000404c0450000000001013011400000000c44400050000000031114001000000404c04500000000010d3bd318c795bb71c7eb545463e6e97ed07edbc846dddfca23cf7a0c8d0671fc80e5923c79e6e10f9eeac3c7f64d82e1143dd72797f4bb38cea755cb4f3669215f6b8b80a3d3ed32e25bbba36c8e3a961f9e4edb3f29e9d5b72557a9ccc3d307f40f61dbc2467ecbcb006d9f7ca1ad1bfffec48f858baecbd5593f0b15cdbb64176ac4cd92991c90bc7e5977d13766a7a54e23e01a5e45ee3e6dabed4e0dceb13f9d2a23c4c3e62995c7eeb85c47ea8be75f761d9b9aac64ea97bf3fc5e79a1fbb49d9a266e5a698edfb03c699e7913f2e5a1e3b267d42e5381124de7cc315922dfbac7601af26a25c963624aa8814ac8e098be5127e4a6beb946c764d2cc4d964e308ebdf2a21cdbecc96c2744dfbcc7ba96cb5a3b5d948bea667ffb03f53a2e5f927fcb6e461fa761d961bedb07b2ef42357d391d3cab7b40df6f81d7be157611e54cdf717beececa909d37253a98f66eaf887bb0e4fb34553af3e1fd4ee6b54176d5d9f71360d2af32a4930e5d48e0bf2ea6a224696fc9c4bb0fcaedcc8d5be6efe80d95a68c4e4849f2f94db5522323329c50f0a49dee7e41dadbdbd5eba80cda79d3ce3d7e372754f039213fdc34738b96cea7247c0d2799ce6d5da30bdf068a0e204b91579b8e3c26fc08a0ca6872cc49d44bce66405e92ab95912102ee15bac4cf3ca433afa44a204dc6f9e9fbe4cb439eed7d2af252d9028124e9126dcff7faec963cbee54579bf2d53828c0a56c6fba0682600289cae15eaeded95de8d4d6aaa493af4ffdfed74debc67dd921f8a0a1e52f264534a862e0cc8646a893c99602149721ae4515df3f3fb226a7a12ceab2596c7442402a872885b02664a97d7c8563b194f83ec3355c91fd00ca7ec6c69dcc458e59416221e7b4f463f706ca97a2505262a6d709a6b049acd8c5e925fcec4261b17cf9a1ac99a956b13ad89c2bde0968e9d8ad2f96eafec5c352247dbdb65eff94975031e756a887edd6397b8f738351f45aa6b9087531372f3d2b07c3b91928797575a018993f6e72ab859dbd62c8d130372ace002829879351b641554835baa5a5614a4f2fb40d9fe4be956c113fdb2f717bb25d42ab86bbf2d2172f8da0ea7db2e1f10f9d54e69b1f74654fbe2601b6493609621b1f4b567756f4cd3ae56df7067449ed5ed8e9dd9d9dbf2dafe24536a071bec93a2a4d717f19e87bb5f4edb6309b79136df27aa9db0ed4b7433db7edbf7d3695ae5b7bf4eb3df397d45459c9b605bedeced98f31da7e0f9091e27e7f30f0faaf374a3d9d3afaaf8e3e9ee7bd43569ae6951fbfafbc5b1b6e5aceb56b80f54e475e37cd7bae0764bd55fcc3d6f59fb4de43b174159f63726732cf3f627d382f74a204df1c9b34fc163193a16cee745adffd802ef355c603fb6743a179d5e8877ff82f75391fd5ad2d766ce73173e96c5f5a3c81ca7dcb532c1ed79ef15671df9d25ecddc474d57d5719990e73d9f09ed7bf0fc16d5ff30fe7d104ae7a6948ebbc723c93e939db2bfb743ea6d3e410753cffc29479fa45c7910a355ba3fdc99ce7f688359fb65fbb71d12d856385fe47c5ed4fa3f5ae8cdd30caa6070bb4c57f897b9362fa97c59e6ffe9fb37787fa779ae15bb4cace78191eb3d0f77db39d314e77a37cf50efbacc674b9757cbf55c4d8a9bf7ad887e7755a2b26ba0742261021fdd26d8791dbdd1223b3fec56495186a9625789894e8cdce50ec826e96eb30b1835d2f2ea4ea9fddc2ef3f1a0d4acda29fbbbecdb8ab7b4c959cf51196cec90dec0f64a4bdf903a78d20944d40336258f6fd920f3cfbb4d5b86a566e58684da97eb7db137b5de96fb4adfe099fe2a9f7ca7267542e359cebdd1cff40dc8905a57b07469edf22526712aace44627344e8295de1fd3bc27d93e1225a13328360398de77154c78cf9dcec83941837d5fb7d77e507daed0f6e13a01b70f09775bfb2e88690615bc56f4f573ec69496ff393efd435f66c42edd1f577593596be4e92dc967ee878bf97e933365f6dbf989a245db3a3cf45aa597624dc1f27bf943c305ffdc9db04c9b9574c66d63d062abd687cbaf0a670ceb1f4361754c752f4b108d790ebf59b8c90bbdc44833c578ada3b5baa5a537b9f336dee27a704d7fd7e9fdc54fb94505f8aad9bd55a3fcd6c2bd9b4375f3a172fed4d33d7ad13b439ebd2fbeea9cdd3e9c543d7d29f4f9fb7a4faa5a873e714aab9db73b6595cf0542e574457b6d4acdaa4c2915669582032723d3a63993f0fa2031a153cddb03558faa5f2204d1b7be5f0eec27217ceb6eaa53f9d2fda2bfda2f245bdfbd556fcf4fa773e7259f6bacb4d3449c7b4353f749aef4d0e0e9b74eccca5abe1667c26ddf55e234effa550cd7ba9d967b51954285781cc8a66151c4dc8b797a2829ad2e5d54cff2dfbf9cae9ef88a00a0ea05aa5fba926150d1ff08d78d373b45fdd74cb649d9b30b575cb361b357b4b724e776f0f8d94e32bed3938609a5dd52fb489975acf338d7a196fe94c8f6c57899c78b7574a26d3ab323ca21f86d913085f09f2c56b2641a95b505886289efb64be5aedd4dbd10ecbd7ea215fb3b2d993d96a90e775898a4d3ce372abcb7fe3cd205c1c500ffb42abff7506c5e9dc1c7e25914156dbd3a5bb2a41f6656e2e9ecd9c4b75fe7f6e6a1dbd25a82aa3a4124e29b07db8e9d41a384e67face9841271a1f0a64664de62bb34dd32423552b9ef2ccd8dc8eba594bc9f4b63c0fa4f7ce26d5f6ddb9befcc77242f69c57c7f2c1c505368b7539995613f44504a2860e1013bf96e231f78adae74fbc259aea7ad319ee9aa686021ec2f65ebd70c69326a963f9a93a77eabd4783c7c197e9b0cd5a554252da877e4a76ad6a08ec5392d7935af791409a9c60da5bba74ce152890339dcc5332df3d4ea1a69f13f2bbc1e2d3817cf7c1da053a082eb6df4c1437a04caaf6493b2dbb7fa10773d0fd9efc35473e31f220adbb9f516b1994a3ded62c07b7cb517541d53cb2ae8002da4ed964b6e5cd17a9fdfc372a5fa4b6d0ec291036740b9a74cdd46919bea1fe2c6848b0403807db7c2f1d7c980292dcd7f7d6cd4e816eb860b9747421a6ae89d5f9ac7cb5a85bf5b334c7e01125cdab99c1a3dc42bc42bb7614ce1dc084daa7f82a38805a2ab5eabad3b544a603a7fb32cdf96aa4d64de5cdc8389372f9ec144fba59cfa00c04abd34da0e5d95ea9c42df128ab613966fa1d4c7d841893b1f166b6562c3699bbdf66cb6867d1a42f029380f81fceba8a3c5d321d4ba60437fc4aa074ab2e253aff90b3a3699dbee654b0197c389884d793d9c9cba9a10807a7365314cccc066a329c2028c98c88877d68c6ff6e31d9e3ad6b4332d7897a99264af7c90353d8de7b479c1102cdba83f784be7f93be966232f7ca77d742e7f13d7d0d16923136c732a2947554f75b08670882052efa7895324d73d6ef14eea4d326f7a5d3d024ae27cd147079b6a59bdcd8b74aad74e99c2b10acd8927d6f46d4641c3ddbf337af2b509efbc06995d020cfd9ef355d850c85eb91edbaf6e62d1da0a8f3b4d1c987f86a8d62e44196feb4463d0c06424de77a0674016dadcaedc4d4d620f551dbea3b2597d5bd992e10b626ff74c5fecfd1f36bf55da2ba4094816981e2bb2e6d416bb6c21d95477aeec140815049e56bfd13e0167816337844d174bec5d60eab7b2799da6f14abe20791d0a53ae92a6fcfab5cbfe794185dba70480519c534d74a507ae84f5d0be2962a16b37f36b3e5d67ee8929bc90b03c565d24d8d89f7e16c5f8925ac488c0d7492624a1143d7cad4821aa799a5aedd52eb9a966b2ea95a9d0a67af153314b5a5fb0484cf6f8ccc4fa174f0e41670a5b753fae1907dca98cee96bdacd38badb49f66704dc022c9d19746a74f5b3a5ba3284baff90339844cdaa6d812e02c8cd69bea76bb79d20da79e97edfd1ad2d9c161cfe1605a536217b0ee66961e0515c1784a9b2cdb2cd6f4d2690ce614a2a3880b2ed8f7f9aa76c6650374d28410d91594f44157857b39a3b2963490cb3664a05ddbe0515562a67aa8fd503af88e6640e6ff3293dec67e1b54fda549a97f995b9099fedbf91b3fade34ab896812656aebecef3bc4e264b0c32579f6a155e4f0bd8930b56e857cb798e21cef821558429920a716a9599ecff19037f74a447345d3eca4909122b335ad314d70d4db9e802649a6596aba86d61949adb8da9822d8ebf4cbb3e509984b97cec561fbd44de1776c8ae7645a9d402aa27971a5d2b54cea1ed2f539a7cf5ef6e73962e441aefc69527dd9e6501fa5ce66f521bbde58fa8665446d6bd99a4023bcb675b24cdd9bd9fa684d3b9b76840bb874a14430ad71fa62ebfebce548734d8db9cae744b63048f3f7df2a0b5303bec634edf536b947e5a8e000eab4ecfe5c3df21b3b7277b2ecdb2d278774d5fa615f8950ebeefd859510d92af0a68dde8e989db25f8f74337432b15f1e771f28714b41ca2d5bdb75e7819f27b0324dd17489936ec71c6e5a1447bae9c7946be9cadc844f6dcf6d0ee93ba72bd664a6dd5abaa7bded9bddbe5385656edc0cf64b9ec102d6b6ad351d5e93cc049ac10654101a6f9082e2be5b3838d2c170b0395596e35d2cf3f0cadf3fb16c4c7f187dad04827dbd9ff6a16f3a65eb7bc59b0930cd60541276be9026756e1f46ef10e22a53f3acd3cfae1c25b04e0d89ce70b91907b740664d797e1b2ad86728f29a2b9d42d2b958696f4ee11a4d77d4aff2996a7f5bb7406cea7d43f4e051a67b408ec1155a17d68bdc18364ddf3a3b7437024f73ff18791027e80a0ce0d0b55f3a74bfebcf0b6952d72303badf94af06ac55ba7fa5f669a25f3e2aaa658e1ee0c23906de41b54a2a5b7375b760c453f8679e5b2addf5f507f48af53c2850be164166f088e20a818b619eabee005465eae2610627c9731fc0aff287310f0ed7a9450c65ee0ec1e8f20dc56887421ff10d191a3d4ca84e4c75a2e62aeb908eba5f941945cc661a6c33927cc375ba998d305d725e40e6cf6db662271dd987890d6e376ac84de7c11c31a4b992fda11ddcefa804b2c0ef365dcc39f564687593a040939c7cc731f6710a9dbfe0b9d3257b2a28883df4767eeebe653ff7fefd0e2d1779cd397ccbfa8ea3fedeea91f26c7838d9c8631571cc738b739cec3211a7c5db9138fbbd99fdbeca25f4fd74e9a4ef011bbc57c2f749dc7d0a6d2b741cc3695151a2ae81d0f7b282f793966dd91cb21d03ef3517fcfe7a24b09bab228630ce2b5b06aff8742e579ae1ec77c4cf01f804b6a58fe1f95ad9e17dfec452fc7d109566c4e7ee7f71f751866768f1d04f9638798450c552969f52c999073182eb9b94feb75ef015ce06f31f19fee1c783dbcab6ef598741f7b2f923bdb6ecc3aa4f8d39ff597e86c1b95e6d1e414af73c889bcef939d773f01e37ebcaf5b307a5ccab45aeab0cd279ede91deabe9a547e0085aa6612c7e06f3d000050159c206bd937652c4c45e598ae80a6ecdcc20402a8b82a7e100954b115f6b73f3e2578020054236744e08aed5f84444dcfe011d3a06b93a9899d3cff11c1534cd440a1e432d5d4d1cd4f00000030cdcad08473a6228002000000809868c2070000000031114001000000404c0450000000001013011400000000c44400050000000031114001000000404c0450000000001013011400000000c44400050000000031114001000000404c0450000000001013011400000000c44400050000000031114001000000404c0450000000001013011400000000c44400050000000031114001000000404c0450000000001013011400000000c44400050000000031114001000000404c0450000000001013011400000000c44400050000000031114001000000404c0450000000001013011400000000c44400050000000031114001000000404c151d40a5b69c90d52fef915976ba12cc5a7f4456bf7e4052761a000000c0bd831a28000000008889000a000000006222800200000080987eb268d1a23f777474485f5f9f8c8f8fdbd99541f7815a261fc9b9cb3f93d51b9aecdc3b72b567b38c5eb793d2258b5fdf24727cbdfce1fe23b2f2893976fea05c7e639b4cd829cdacafd14e2823ea33d7beb21396eee394598732de2f17ded92577eda4f3fea867ddcef6ebd5ff6e7ff1a65c3a71cacc7574cafede0e6952fb72b47dbbf4d8b900000000aa53e5d740356e92d57f3d2617de582fe7d4ebf2d01c59b2393cb044fd8613b2f2a16fec726fcad5f12659b6a5cbbebb4eea5eb6c1985dcfb99e7ea9519f59fc985d447bec802c95039965def84846e6b5c8caf47a826cf0a4832cb5bc3f780200000030d3547e0015a8019ae8eb97dbf31e91790bed0cd7900a8ed2cb9d921fc7d49fda454ea0f5d86659326f502e1f3aa8a71cd777c9f0900abc967982a3afb60582a08332a69649afc76be11e59ae8327df76837a647b7bbbb453fb04000000cc08d5d707eafaf732297364b66e33e771fbc615fb3fc7c4a1f5e9c066d6fd75eadf2659f6fa0959ed7999e67cbee0c8a9a90a2d13a2d6d5d922737570e70dca00000000cc68d517402d5c2435f6bf85d17da2dca6799e57baf648074faf3935559ef72feb1aa810b54c8fae09cbd5bc0f000000c04c537d01547dadcc953bf2e3889d8ee1ee1f47d5bf75323bd8eccf67a9cc9ea7078238e21b7822abebbbe4d2f141d3476bf9fa7576260000008099acca02a82e59ac47e31b3ae919852f86af8ec8d5f139b2a4f380a4ecacb02bf2e3b8c8dc054bed7478d4be90afb6c9852feec8dc275ecb1244e951f87aa5b7f7b074b7d95900000000aa56450750776fdc11d1cde4d27d923649cd176fcab982fb1d9d92d177ecc87c9efe4dfa9519854f2d73a45f6eeb51ffec7b7ad43e1d20e572f7c466d3cc4f0751ab43cdf9aec898a9ceaa91656b5acd1c00000000d5aba27f076a46e8da2fbd1b9b64f2fc5e79a1fbb49d09000000a01a555f1fa8aad22add4fe91f001e9493044f00000040d523804a48e7bbbaefd34e69917ed9cbef400100000033024df80000000020266aa00000000020260228000000008889000a00000000624af781faf7fffedfcbc484f9d1220000000040046aa00000000020265f0dd4c8c8889d0d0000000008a2060a000000006222804a544a7675bd28c75e59235bed9ca2ad58a3d6f3a2bcdf96b23300000000941b01d474aa5b2eefaba0480746ceab04811600000080c410404d9b06d9b7a559463ffb409e7f5bbf8ecb97130df25cd772596b9700000000505908a01235213fdcd47fc664d099e1312c3b54e0b4e3a29d54cbee393f2c925a224fd6d9595ea36332a9ffdc60a87900000060ba54c5287ca92d276459a39d903b72b567b38c5eb79346972c7e7d93d4db296de4f87ab9f6959d30d649ddcbafc9927976521bef970befec92bb76d278ec80acded0642794a18fe4dca183762261ba9fd3d30d32f49937b02a40d77ee9dda8f67de8a8b4ffbac7ce04000000502a155e03a5831e1d3c0dcae537d6cb39f33a20d2b64766d9259c657e2663e9f7d7cb852fee48fd862352b7d02ea2a4b6a8e04954c0e459ee5c20789ab5fe880a9ec4b3ad37e56aed2659bda5cb2e91acb50bee53ff4ec8cd51671a0000004065a9e8006ad6fa6db2649eae71daa6c20ad729193de40d7cd4f43bdef745ee5efc466ecb1c999dae925a27b36bd59fb1effdb54d3e5df2974fcc9191e3816dfddda048e3cf24f1b1efea96cb4b2bd556be1b903dc5065007b74b7b7b3bb54f00000040422aba099f69ba571bd1cc2e28d8eccef235e3f32e13d5746fe11e59ded92273eda45f54b3c1526a907dafac914619964fde3e2befd9b9000000002a4bf507503630bafdc59b72e9c429679e0d862643fda0145fa0a49b06da1aa75c9f49941b3c4dc897878e175ffb04000000207115dd84efee8d3b22f36a3dfd9dc266ddaf87ac1b94613778cae7fa2eb9a4fb37f5f4cb6d6992dac7dcf9df9b51ee6aee5fe74c9785fea15d8227000000a05a54760075e2a48ca82067d9cb814123b664a6effe51471d7532db1d302267533c8ffa5ab5cc1df9315de97650fef0c51d99fbc46bb2d80daa12b675f306793c55c2e0498fc2d7db2bbd1f764bab9d05000000a074aa6018f3e0f0e3e1fe48e161ce4fcaecce4d22e9e678e161ceb3f56bd223f1ad7c628e9db29218cadc0e591e696240f61dbc2467ec646c6ddd72f8d516a99149e97feb05d9dd67e7030000002889aaf81d28c4d7f96eaf743412400100000049a8e8267c28505bb73ca36be2864e123c010000000920809a113a65bfeefbf46a8bc8f9bdfc0e1400000090109af001000000404cd44001000000404cbe1aa88909f393b2000000008008d44001000000404ce91aa8bebe3e191f1fb7b3010000000041d44001000000404c0450000000001013011400000000c4746ff4816aeb96c3afb6c8c8c7edb2fda09d97b0ad9b5f94e71e1419faec03d9216be4d8d30d22df9d95e78f0cdb2562a85b2eef6f699651bd8e8b76de4cb2c21e1757a1c767daa56457d706793c352c9fbc7d56deb3734baeea8f53b5ba87cf2fd71c663afb7cad9918907d0787e54973af4fc897878ecb9e51bb4cc15aa5fbc39db2ec9bbdf242f7693bafc4baf64befc6263ba10c1d9dfe1fcf4fe4584e8fb56d1b64c7ca5bc9a6f91e26af2899f4d54ccfd7c7f1929c3173123683ce5db951039590c1313d24fc84dcd417e0e8984c9ab9c9d237feb1575e94639b3d199f84e89bfc58d772596ba78b7251251a6f7fa05ec7e54b46d0cf8ee354b5d2f764f0e5bd474b7d7ef503d1b7bd35b2d5be155bc55d730db2cff79d9cd7be15f6ed04987337d534ae00264d2d55daad03e05736c8ae3a3b3dcd62dd07e5363a21267f787342655427e4879b66ee142d95da94c8c8f5848227ede076696f6f57afbdd25f29cf83121c4be71ac976cd3af7fffb6deae0ce242aadfef9832a58395b6ce1949b2e4ee15e4fe43eb837104095d1e4d82dfbbf12b319a697e4aa0cd959002a85aec1d2c188e795506d8ec984d85aebccf6aec9a3650c0492a46bf4d3dfebd080d43d3dcd997014a07cf741f16ec90fc594baeb562ebdbdd2dbdb21ba6ea869a3feff7ee974debd4715762ccf5cba2a93929287974704492b164ba3cadc7f7b69669520ae5dbe446a26aecaef8ab8e64c81cb2b8be5e685248e4991f7c13d8600aa1cdc083f1f536a5868697183ecdbb244be3df481fcb26f66252e95cf96d64c8cc9a03303334aeef35b925ad852aa5b2e2fad4cc9e485e38126bfc3b2a35ccd41ca69f492fcf23395017f704da23551b83738ad468aa09bd4d92e02ed6ff5ab2060508e9a1aa2ed32cd0deba64d51c7727458be551fab696a08a5a95b1f6a50e9707181c6b4c99b9f6b90e7557a3d74bef0b459179499667f6f9f95dfd979518a7946157d1fdc832abf0f94edbf54632765a25ff6fe62b7842ac803ed8227cf7bda209b752c93cb6f1d10f9d54e69b1051cbe65acd6dd8765e7aaf4d6cad6be585fe8e93e536ee6c7b44dd5c191babd9ed5ed529dd93a83141d2ce9eadc35d238a5fe0a761d76ca48af2fe23d0f77bff4cdbd63a584dbd09aef13d5a7cbf635b9996dbfddbe287652656caba67daefdcee92b2ae2dc38c7cb53ea96f5fce53b4ec1f3133c4ecee71f1e54e7e946b3a78f4bf1c7d3ddf76cd764e8bbb902d794a86be2d802efb2e17e47ee3de2f2dd2bae3c7d77cc3af483e7f78b4bf0fddde39dbd8f94f3fde3b6a7cf777e732b645bd577cd65ae13ff39b7dbf7edbfdde729a617e618355dcddb1721742c4d5f82c23345e96b33cfb9cf751f04dff3f1ee97b94f445d2b03f280f75885ae83e0f9cd72dfe511fbda0cdebf4a31db73b8d741f1e95b1c9deff64ac7029b2fd1f990a7c6a2f3285a303f1391bf889f0771fa5bb5dcc8f67ea7ecb735628e49e97feb05d9dd6727edfba202bf8f167ab7a903c0e909fe9ceb24987770aec1bac03326dff32073ff4ec8f39e6b38f4ac0a3ea38d609a5e589ae2ee5bce6b377d0ffaef89743ae07b46e57bc644e4b70cf7fecdfef9d273afbbe9bb8ecaa5b26ba04cc98e0e7c74698ef33a7aa345767ed8ad928e0c9de0e8e069509700d9e50ec826e96eb30b1835d2f2ea4ea9fddc2ef3f1a0d4acda29fbbbecdb8a4e0877ae1ab1a547fa7554061b3ba437b0bdd2d237a6bed9f40d1975b3a5e4f12d1b64fe79dbe4e1b361a959b921a11257bd2f3633a2b7e5bed20fd461d961e77df29d9ad40f64cf726ea274a66f4086d4ba8255f14e75f5801c2be861a81300270396de9fcf6e99635229edfbb3d209a44a984525d8e97d5789a2f7dce9c4d2c958d8f7552237f4a0fa5ca1351bfa21601f32eeb6f65d10759cc2fd44f4f5e324dcce729f7ca7aeb1674b5f939249d83ddf4dbf1191596f7c5a1d07fdb033cbe97e370df25cba6996bd474c899b5d976dbee5fd6e7a7bdeef65d6335f1dcb60132f7d7c578d79b655ecf7d7f783ddd75792ed8f134793ee7c11a33674665d73b774d37d91f929bbae32a717ea1e7f498524e96de963996a961d89342bcc7f1fbc77c4ced73573269367a7f52b14d4e9ebd673acd4ba267db5797a7b8be56bf7f3eab5efc284ba57133a96fa7a5219469de94cefb37a15173c95cf953f4daa43d5229b545ea27561bdc88de1e8e0c9d654c9f9bde97c4afb4073327910d3a4b043ea3ddbda7b5e541ea8d7b73d4d3737dcf9c865d96b96d3fdaa9aa4e3dde9697c18d98c2fd47c2fdef3c0d0f7a24aa374c18b59cee49fd666ae5ffb8cf63679d6d7b85f21698addb7acf939975a6e954a23bebb161dd4849e51ea5e2daab543653da3669a0a0ea05aa5fba926993c7fc0536222d273b45f2653cb649d1b1ca98462dbaa1a539be41d61ef74f776dfe7341d60a597393860321af50b6db2a4d6f34ca35ec61b31f7c876156889777ba56432201be471d18148f6d20c5f29c6c56b26135ab7c01f9c94c67d3a1f5282be5ac3f2b50ab06a56367baaaf9deaeac9c1e1824a66d7b6354ba30aba7ee32d31ba386032bd916da5b3d289a06e331cf54a2243a0b6a74b8f54b0e02bedba7836732ed5f9ffb929a5f2960ca9044f677e524be4c902f669eb1a67141def713ad377461d27159ce8e60f5e26f0cd6cd354d9a76a3d2595f19de9731e2a51b54f4e86dedbecc2b92e32995d0f1d54a53378b6e99cbbdc8a663123e17983aed14bf25bb5aecc77b3cd217cc77242f69c579f7970b1bf1985fefe9e6dfd6eb0f8ef6fb671d0cd5866ebe4ec3cbcbcd7dcb475869e01d75c2ea54b2f6252f7b3ffdacf718d4f55acfba030fad992de7fdbd43cf36cd1d7b6f73ac96470e717955ee6b90fea6aa5466dd30cbc5412cebda933a049d53e69a7bb5f90a3eaa16c02116fcd914fa7ecd72d64868efa5bbd1cdc9ec99394300fd2d9d1a2eecd7e39e0d9d6e9ee0366d089a6e64070a46bb8d23566a765f886fab3a021c142e31c229af1859aef15741f04021933a0977bfdba418ce7991c21769a12333f67d435c8c3ba6634dbe011657f469592ba664d303ef39bb0567000e58c66a36b897a4de74cfb32d5df3552eb5e494d3ad19d94cb6723cb7ce233eb199481e030e726d0f26caf546cc9478d2fe338dd86e598bac94c69b17ec04da114f5bdb303eaac34c8a36e898729451a96dffa321bf9994cb82945f23e789daaf49adafbec5271646acfc2af041eb07529d169f4d0efb324909ac930a80c5730f1364172219994943c305f05bea1e0d426bcc1cc9c196d27c30982fc19a5527032c9de4cb9ba1e54e63d2a880e06eda624ddde176b17e8f31cce7c99e61bee77b3c75b3f20bccb384d20ee9307621fcbe29863686b87c33539baf984ff9a8b0a38cb62a65e7376fda54b2fe2724a9cbdd75cd626745314eb3e2848305871d248dfb5a99f53deed859a3a1522cf7d6033a5ba06536fab9a4acb7b7eedd6dea8095d63a4f32ade5aa3b606a9577f06077264294b960769958605eadefce654a026ecb49cfa6632141c4dfee98afd9fc37c976c4d1013e7060bee7323fccc28ec3e080c86a0fb4daaebce09989c02e39ccf6825569a52607ece297c2a6f9faedccf2814a3e20791d0354be9ea6ecfab5cbfe794183d4cb06d32514917b35ba3609a80e87dd3894531fb674b92dc12215d8a347961a0b80c9329bdf63f78cd2bd00c0c95e5cc0d1d14653244ba43ad6e1e5a5cf010ce7c9957e061156cfee3bc922d81d69ce683fa1a57f7cf3415882455ab53d9226acdcb965ee8e04967a4fcd7a669de9c9878f74149e84ca17b4dbbdbd1cf2cfb76e9b93546ce31740b43aa6de86ad395400f26916a916dbba7a51ea7aaf96a39b38ebe57c6fb40cb97a614949f7382c262068f988a4a7846cd34151c405d119d1fa8f9e9523b9dc5a0ae922d410d91594f933407da074b57b39a3b2963f93a1614c394861c972f45976e54589f1ef777608a68dae3500fc374f3299d60145efba4952e5358e6267ca1e630114c73024f2d9dcb3e34e23765719abc85472f4ac9934d6afb81d2fff2709a47f8325fde074e019c402c4f2d529ce39d10a74f916e3e388d354b8a93f168909fe7ca70ceb06bce34af51fbe266b0ca1b44dae0add882a102c5ba0f4ac829e92f2edd9e2ab72f970ea4a24665ab4cbad58ccd2bf49d92cbeab0a5f32f7dc332a2fea4bb0c4429591ec4698657f3c8ba4033bc5659f7484df63e5a95c253f81a35fa5ea9ef83e033c3d43879c44e53e2e6e76c6b9c502b800455ca336aa6a9e000eab4ecfe5ca5188d1d723857294edf6e3969da1f1ff60d1ad1ba7b7f6010893c6c82d7b4d1fbdb0d6ebbe593a1fe54a5e394ba994ed5119dafa79bf3100dff2640b8795604d32c4857b5eb9a872c9d25f37006a450eb98722d5d999bf0a9edb9cd217de77485a793b6fba078da3bd4a9db776aa0a07d7a4f37434835cb4b9eccf3dab6b56246a02afa47faf233a55a2a08cd564a5c926653e9a63db98684cd72bc13e504e5cf3de89486e66a475f16b61f40f818a8fd74ef9f1970cdb99c414af4089067d2fb5dbaf4220e67000bef35ae332a4935e18b771f58b6afc754fa7d8532aaba8fc7949af015ca69265a7c30ee36af9c7a019919a82ad82c2fc834d31b91619d57e8da6446fbcd34d9eb918fce4f8606aed2034ba4a74b9807e919d0fda6fc3560adbbb7a97d9a94fea3c5f44cd123ab39dd28828350949e6dc6f7e01a732f859a0917721fe4e4f457f4f6d58eba7f0b4b53f2e5e7dc82c5f214ba4ccf33cabd56fc79f299a8f287310f0c4f6e440c651e1cfa333c8cb9f33b0d99a67ffa243ba3d4783b759a21493d63b6460d759e18d364c233aca57d60f987fdd637847f48cfec0f6ddd81b280e020f201a96fbce8be0ac1ed868607559c4c4ef4109b6e06282cb8dfce77f60ea55bf0779b2eb6194c9a6e231da885c9771c631fa7d0f90b9e3bdbe4a8c861b2a36432b1e1739f3dc3e5ddaff0f51ccd6d2e65272ddf002b4ae4b1f21c7373ace77b3be8ba9f893bd47846d4ba82b29e3bcf3ec53ebf7105afb9887bb8faaeb9a834205bda549af422ceb90b7d7ff5debeb1e658c39f0705cf89cb7f6ee2dd0746f03af0764c37efdd97f798f8f7491fc30199af32aee1e1e4732bfa3ef01eeb82b9c7aac8fbc8239d2f88c87b04f30c8ee090e156303f13314479be3c486898f3b4c0366dbe27b3647058e9e83c5024cfba7c837125257d5f653b77f9ef03e77aca97aefbd763ee35f3730bc1e1c58b485382f939cd7c2ffdd334d93f17eb1995f5d9aa78ee9938cfa8d2b3c3ebab635ad6fcf334a8fc000a55cddcf845642650edb20546f64134a58c1100541613d8e8e1c0a76d000654bae90968a6812d2898e90154c50f22812ab6628d98daa74f099eee397654bc103b7fea43e50340e558fad39acaef5f8469343d8347949ff31344bac6f3e40c0e9e346aa0507299661f536f3a812a166a4ae6886c6e040000aa56aea6ae3311011400000000c444133e000000008889000a0000000062228002000000809808a00000000020260228000000008889000a0000000062228002000000809808a00000000020260228000000008889000a0000000062228002000000809808a00000000020260228000000008889000a0000000062228002000000809808a00000000020260228000000008889000a0000000062228002000000809808a00000000020260228000000008889000a0000000062228002000000809808a00000000020260228000000008889000a0000000062228002000000809808a000000000202602280000000088a9a203a8d49613b2fae53d32cb4e578259eb8fc8ead70f48ca4e03000000b8775003050000000031114001000000404c04500000000010d34f162d5af4e78e8e0ee9ebeb93f1f1713bbb32e83e50cbe4233977f967b27a43939d7b47aef66c96d1eb7652ba64f1eb9b448eaf973fdc7f44563e31c7ce1f94cb6f6c93093ba599f535da0965447de6da5776c2d27d9c32eb50c6fbe5c23bbbe4ae9d74de1ff5acdbd97ebdfadfed2fde944b274e99b98e4ed9dfdb214d6a5f8eb66f971e3b170000004075aafc1aa8c64db2faafc7e4c21bebe59c7a5d1e9a234b36870796a8df7042563ef48d5dee4db93ade24cbb674d977d749ddcb3618b3eb39d7d32f35ea338b1fb38b688f1d90a57220b3cc1b1fc9c8bc1659995e4f900d9e7490a596f7074f00000000669aca0fa0023540137dfd727bde23326fa19de11a52c1517ab953f2e398fa53bbc809b41edb2c4be60dcae54307f594e3fa2e191e5281d7324f70f4d5b640107450c6d432e9f5782ddc23cb75f0e4db6e508f6c6f6f97766a9f0000008019a1fafa405dff5e26658eccd66de63c6edfb862ffe79838b43e1dd8ccbabf4efddb24cb5e3f21ab3d2fd39ccf171c393555a16542d4ba3a5b64ae0eeebc41190000008019adfa02a8858ba4c6feb730ba4f94db34cff34ad71ee9e0e935a7a6caf3fe655d0315a296e9d13561b99af7010000009869aa2f80aaaf95b972477e1cb1d331dcfde3a8fab74e66079bfdf92c95d9f3f44010477c034f64757d975c3a3e68fa682d5fbfcece040000003093555900d5258bf5687c43273da3f0c5f0d511b93a3e4796741e90949d1576457e1c1799bb60a99d0e8fda17f2d536b9f0c51d99fbc46b5982283d0a5faff4f61e96ee363b0b00000040d5aae800eaee8d3b22ba995cba4fd226a9f9e24d395770bfa35332fa8e1d99cfd3bf49bf32a3f0a9658ef4cb6d3dea9f7d4f8fdaa703a45cee9ed86c9af9e9206a75a839df151933d55935b26c4dab9903000000a07a55f4ef40cd085dfba57763934c9edf2b2f749fb6330100000054a3eaeb0355555aa5fb29fd03c0837292e009000000a87a045009e97c57f77dda292dd22f7bf91d280000006046a0091f00000000c4440d1400000000c44400050000000031114001000000404c0450000000001013011400000000c44400050000000031114001000000404c0450894ac9aeae17e5d82b6b64ab9d53b4156bd47a5e94f7db527606000000807223809a366e70e579752d97b5f65d000000009587006ada4cc89e831fc8f36fbbafe3f2a534cb0e8228000000a0621140256a427eb8a9ff8cc9a033230715509d1f16492d9127ebec2cafd13199d47f6e4c38d300000000caee278b162dfa73474787f4f5f5c9f8f8b89d5d59525b4ec8b2463b2177e46acf6619bd6e278d2e59fcfa26a9b753dac8f1f572ed2b3b61ac93ba975f9325f3eca436de2f17ded92577eda4f1d80159bda1c94e28431fc9b94307ed44c2743fa7a7453e79fbacbc676715a46bbff46e54fb3e7454da7fdd63670200000028950aaf81d2418f0e9e06e5f21bebe59c791d1069db23b3ec12ce323f93b1f4fbebe5c21777a47ec311a95b681751525b54f0242a60f22c772e103ccd5a7f44054fe2d9d69b72b57693acded26597485283ec7bba41262f0c14173c01000000485c450750b3d66f9325f3748dd336c9345c3b25a387bc818f9a7ec7fbbec8dd8bdfc86d9923b3d35552eb6476adfa33f6bdbfb6c9a74bfef2893932723cb0adbf1b1469fc992433f69d77208935d2383120bfe99b4213bd83dba5bdbd9dda27000000202115dd84cf34ddab8d686617146c7667f99af17997896abab7708f2cef6c91b976d22faad960e9ad6ddb203b568a7c79e8b8ec19b53301000000548cea0fa06c6074fb8b37e5d28953ce3c1b0c4d86fa4129be4049370db4354eb93e5336ba466a833c7ef3ac3c7f64d8ce0300000050292aba09dfdd1b7744e6d57afa3b85cdba5f0f593728c36ef094cff55d7249f76feae997dbd224b58fb9f3bf37a3dcd5dcbfce999e469363b7ecff000000005492ca0ea04e9c941115e42c7b393068c496ccf4dd3feab66e7532db1d302267533c8ffa5ab5cc1df971c44ecb41f9c3177764ee13afc96237a82ab3ad9b37c8e3a961f96db1fda0f4287cbdbdd2fb61b7b4da59000000004aa70a86310f0e3f1eee8f141ee6fca4cceedc24926e8e171ee63c5bbf263d12dfca27e6d8292b89a1cceb96cbfb5b9aa5c64e1adf4db1e95e5bb71c7eb545ad7352fadf7a4176f7d9f9000000004aa22a7e070af175bedb2b1d8d045000000040122aba091f0ad4d62dcfe89ab8a193044f000000400208a066844ed9affb3ebdda22727e2fbf03050000002484267c0000000010133550000000001013011400000000c44400050000000031114001000000404c0450000000001013011400000000c44400050000000031dd1bbf03d5d62d875f6d91918fdb65fb413b2f615b37bf28cf3d2832f4d907b243d6c8b1a71b44be3b2bcf1f19b64bc450b75cdedfd22ca37a1d17edbc9964853d2eae428fcfb44bc9aeae0df2786a583e79fbacbc67e7965cd51fa7a9728fb39d9409f9f2d071d9336a27adb56d1b64c7caf4423279e1b8fcb26fc24e25c7b9d7a3f7a9741a64df2b6ba4d14e89247ccdc55289fb0494927b8d3bd7b6789feb53782677bedb2b1d7234c11fbdd73faedf214d764a64508eb66f97e9fd89fd648e6565c93cab727daff4b32aea591eeb793ffd69aff90e4d5765dfc14b7246cf30fb7d5fc2cf41afe9bf9ea8814ac8e098ceb84dc84d7d218d8ec9a4999b2c7d411f7be54539b6d973f32544671a8f752d97b576ba281755c2f0f607ea755cbe4c3e9f5bbdeef9e334217b0eeaefaf5e9f650f1ccff41db7c7e9ac0cd97955413f78f47d1b7cf9eeaf61d961bedb07b2ef42292e02fda0f76f6fdf0afb566ca5dea7a933e992e73b995792e9a12ee47a6583ecaab3d3093369fc54d35d97d9f762ce7b4262dd07e5764b6e9a47f9980a41dce7fa54b54ac30291c93f5db1d349e891edededd2ae5e7bcf9723f71147a98fa5ce403bd748c55cc3a510eb793fdd696f833caf02c0a1f336782a58e6f953fcb94be2de2c0c0154194d8eddb2ff2b31fb207c49ae5657c61180a56bb09c0762fae596ec959acdf43f7ed37d503bafaf1f2a5f2090285d629bfe5e2a13325f67ccd7c856fb362a5919ef83a2d982d182e95aa15ee9eddd292d29919a553bd5ff0f4b779b7dfb9e54ecb154562c96c68901f9f23b91c687922f348e2753d897ab16245dd857ad2d49f4b15741dcd745d4f43805fd6b55c493c4779fc2f5540402a872189d9058e7d494c015faa06f907d5b96c8b7eaa1538ee64af09a901f6eea3f4e0908ee4d4ec9d72df921ea2637f77425052629d9f56cb3d4a88cc7bec0c3fbbd23e56a7a514e3a43a36b241be4b932d4cc63663b73a3c84250dd8da0b743eacfef95f6f6a3ea793129fd6fe91aa21764779f5de61e53f4b1b4b6eaa0e9a6babf7fafd2b10717534052324ecd5ef69a21f50c59d5209317060a6f32a89e87a6d9dfdbea5973c3ce8b52c47373aad753312abf0f94edbf54632765a25ff6fe62b79cb693695dfba57763a6c5efa44aa85ee8b64b99752c93cb6f1d10f99553faa3f996b15a771f969dabd25b13194ab29d7286afcf941bd59b3e503a383a23f26ca60f48f6be1db64de894fac8b8ed4a3dd2eb8b78cfc3dd2fa77daf84dbc29aef13d5a7cbb61bd625e291fb6ddfb7df5f678acad7ce768aec774e5f5111e7c6395ee92f97a5cdb396ef3805cf4ff038399f7f78509da71bcd9e76d6c51f4f77df43d7a44e00d5fac3ed919d7dacf32d5fc0f935ebcdd7ce3a6a1b1e76dfd27430e19672a7efb9a8f53beb9502db5847dedb5eb1be538673cc6f15d7e63deb3d1821d7710ac8bd4fc1f31b3e16e6f3a63dfd843cefb9860bedc7668eb584ef0fe71c78fb0994284dc979bd78048fa56db75fe8f9cb1ca73cb532c1ed79d214f79e8de6ddafccf57e6c81f733c17d0f9fdfa2fa1fc6be0f82e99c3285679e7b3c8adae7989c7cc588d30fc9e4476ae564d63e49add2fde1ce743e4554b815eabf14c8ef64cd1729be6ddb7919c1be523ab0f30675cebe2cfb46e595ae6ff26c33b85cb979d3e270baecde279f0c2e91e7f475abd3ae4f455e32cfe2c0f59bf7de8c731fc44b4f82f75eee6bceae33ebf3dee1acb3f8b4d7c73d16b9eea76c699ef9aca8fdb8268f7aeecfdccfbda83c8223ef73b3e4dc7b217e7fc1caae81d28984097c9cb6bcfa75f4468becfcb05bddd6193a81d037f6e0c799e50ec8a640d5788db4bcba536a3fb7cb7c3c68aad0f777d9b715ddb1d34968dcf51c95c1c60ee90d6cafb4f405ae2f147dc3455d2829797ccb06997fde3667f86c586a566e48a8cdafde1775e1eb9b476fcb7da56fa44cbbdb4fbe53933a51f22ce7260467fa066448adebe1e59ebb5659bb7c8929f93e56d0cda0132f27d39fde9fcf6e996352f1cd8d7402a1126c5189647adf7fbfd877ee7422e1247ef67d95080e3da83e5768bb7f9da8a9444b070deeb6f65d10759cc22549fafa71123a67b94fbe53d7d8b325ee677071c0b4df0e35adb055ffbf4d3f34ca7b7ef5c3c6c9a4d96de9265ed22c3bd4b1cb9460a6647ed4b6eb5252a71e8c85361178ef88d34ebdf1e917cbd23f31a7ba5a9512e6ff0ef18e531ccef9f535175469983e16efb7f9d3074939ebd7191577b99a956b4b721d38b584f7c903665d654e53f4bdf9d0b5ccb64cdf8606792ea1be3dceb9cbdcdfe9668cf6da4b371f3a3460fae6ea0c4a66dfc299307dae9c5263bb2ebdef9eeb78eb66f52d3ef5ac635a9f5195e9f4f511f56f933cb35be5249ad43d383126d13da074264e054fa202a2743e64409adfedb4efbbf99d7a5b83a55f7bd5d22a5fd4bb5f7dba00be5a31675d7bcf8bca27f5faf2459a696eb851d279a3a3432a3ff5ab24f34579f89a90a9bf51cdf8547af25ced80739da796c84bcfd6ca6ff5f355ddff3f77d39e02eecddcf74125f6d32d20ed559c7443d72ca97dcc713f6d5da35b305c95df453e43d43179a5596edae786f3dc2b2e5dada8e76616151c40b54af7534d3279fe80af94a3e768bfba1996c93a37385289c0b65535a636c93bc2dee9eeeda1d2111d60a5973938609a5dd52fb449805acf332a641efcd81b79f6c876156889777ba56432bdea02171d88642f75f345e017af991baf6e41f80698bafb64be5aedd4fb6a39095acdca664f66cbe9743839385c507bf6b56dcda69df36fbca53426731e0ed072d38989d36931fc4a22e3a4b6674b727c254c17cf66cea53aff3f37252cde4c8b0a527502ac12fc270bd8272751f31fa7337d67d4718a78b098c037b34d93b94cd57a4a21e3731f08e152b409f9dda09af760b3e7d8aacccf2a7d4caea5b75dbaf31b87bd062f9cf1dc6beac1f7a9ce4836c8a33ac317686eab03dc74e26d828f2c4df5f230c7493fc8b306c7baa024705d4edb4323c6718ac99c5f754d7fe27d20ab7b4017c0d43435048e43a010c90cbe9325989d82f25e73cae825f9a52f4362ef8d22efb9dc6ce76e5f9aa2cedd79b5fd629b39e960255de3659b2dab07857bee424d3fa7f48cca771f94ea1995913d0d2ba183dbcd600e4e2092fdac77be6b4bc07db5492a1f926e05d3299b4c7ec79b2f3a2dbbff8dca17a94f3607029f5c3a3b5ad433a35f0e785ae19cee3e20fdea3034350742315dc3e52995bff227157aabeb77a99d2e37d37ccff31c31cfb0d0f5add293b3ee7da72e9ac188266785dc9b79ee834a133fed750af19d5643f9ee0395feeb3c4bd6c123fc356f672e5d9d521a9effb9594aeec02bf16a9fb40a0ea0964aadbae69d8e96bae3a57d99e67c3552eb5eddba34479da2cb67a32aaf0b60d6332803c161ce4da0e5d95ea9d8da891adf4d39dd86e5988af84d0dc5143370ef9d0d64b642350ff134e98bc0944c7b1faa4e95744ded7d76a93832b567e157f6e0b568a6b6422534ba7d763626431ed111d364400a497452f2c07c95a90805a7f661104ce46f4ef89673321051d5ff5313aa89ac6b908753de875a29cf6f0cb606e9db4b816b707458be55b39c0c9f33b28ff37fe761e17b304fa5bf9b7e58eb9247f37d8341bb133cf8aecb1ca580898a759ce231e7d793d171bda7ef8b502625109c9ae355cae61bcefacb7acd592610f76c2f7b13ba29b2e98e29b5f56ccf69a2e4d6c0152618ace89261df33cb14047ab717685e57907cf741e99e51e576bafb055b7ba32652bac648e769bcb546cee87c3234903d03d7d620f551f99dbe537259dd9be902e1bcec4880df9c0a34fb3b2da7be51c1d182067fedd28d61df72ce77899fd12c2d275df65e974e463d58b8e34f4f466f04d2332beebd99f73ea830f1d25e5b4b657e8a257f3ec80dca8a193ca268399f9bd3abe20791d0354b6ef5b2f755aedf734a8c1eaab26c91757c6e699ca986d6fba6139562f6cf66b6dcda0f5d625454a743cdd498781ea8ee6bba329888c9d644dad22ed384f3bb8170225d51e7d729593419699d19fd4e97d8390fe6b50ba698b936194d95b934df3781a03d8e846a752a9dc94c7883df325e733a83e636d176b793f4d0c3fe6679ee2b898222754dbb0581e9ed24db3ca964cfa869e4e46bf460124dd2e1699e87184c61ac4aa3dd205abf4cdfa688d616794cc7bd595974c1b26d8e98373849c9934dba654291f9b86255c273338b0a0ea0ae88ae95adf9699e4ae2419d2128410d91594f44157857b39a3b2963490cb366226b75f19abe05951559a77f8ba088e6640e6fb3115d625478ed933695e6657e656ec2679b82e52cad3799d960a999621e1085f4b5b199fe50932827c10bd6389593a98934d78fde17f1d53e69a53bbf31987312d14ccbd48ca9b76d09a5d35fc609f8467f3f6c4aecf483d964c28b3d969552e3ec166cacca91e18c799ce2886e5ae314a8946df44adb54d6ada12deb35a78ea3ae1d96a8828324c449774ac9f6a90bded76531e567d474706a7e46aeebfa9c1e19d09166bab6e7b40ceb91c982b53f5e7dc332a28ef8b2358125dad6c93275ca9df5c6e16cabe69175816db5caba47542812a871aa244eda112e0031814f41cd54cb7c6f9659fcb4d7e9bfe5f6998eea1f65d81624a1960949aac8965a19151c409d96dd9fab53dcd8218775c7cb6cfa76cb499508356df4ff9e42ebeefd85fdbe82ad026fdae8ad52ef94fdbabdf2d0c904479b712e5ed3913fa2c3ff74734addc3fd3e9c4c489e8796698aa64b3674a7df7055721c4e33b0e84e9d852973133e4f5313df395509427adacdcc3eeded98eff69d2a2c5177aae59be5254fe2b7b66dad3c1e6832576aa6e3a90a42b326bae63b3a03a13c2ee18ea7a53bbf71b87df3bc0313a4d2c37abb839b98e150e7ab63b9f296d354415fc70f36cbcf7533c922fa5e98262276b4a1e9af35b5051bba3944a0f9d3d6cd6e4142bce31487dbb4c63784b8ba07cce84a45ff086301dc1a12b5df6e9fa7f25e73e1be12fa9e49ac095fb674278a0db60a2db5f709d568ea82aaa934e12b5cb667545c79d3b0b8cca00cba595eaedf76d25d136c81aced77ed6d46e7f4f16e919dbe5a29950f494f3b4157cdaa6d9e6db44af7af9cfe4c1f15d032a76740ed84dad6364ffeaa75f7366951fbd77fb4b8c6797a202ed3d522b15ab56ccdd56dbaadaebff87d34cb7d6f9657a169afa9d9fdcc190026aa69ace9675dc660b3fccf4d3d804bbefbd7aff287310f0ed7a9450cd9191c7e3c3c8c798b8c7807913007cb1981c63b94b94e003a3ca97fd450e789d1d1b6193dc9f647b10f7fff90c3ce03ca3b44b3530d6dfe1ba0aba60b080edccc869d740487f4cc086e376a484e27418a18d25cc99e5805f73beaa15ce0779b2ee69c7a12235d9212480cf21dc7d8c72974fe82e74e771655814c9e61510be1ee5bcee158ed31f00d86e293effce6c894798e67f6fbc07f1c42c733784edce318b1eeecdf210bf3ddf30ccd1cbc465cba94d52d758bbc371db987c2cd267c4c83df2df671b2935efe7d0a6e2b7cef3adb2a7268768fa86b20fa9c95284dc97a0cbcd75c605bfabc9eaf951ddeb43ea6ac6941e0dc442e173c7f5ace34c3d9efac3f076005b735f4d971b9b9cafe5c4221d765d1f741f667541ceefe17771f79a4f32ae121be83f913976f60ab34276f92c9f58487550ead2ff8732b36cf13dea2dabb88bc5166b9e0b6ec90ea37e2fc9c8b67f8f5a47efec59effe89f61b0f799bacef78d3567d213df6782d7749c7b33ce7d10588f57c473242c730d67bdc7bde953d674a7f0b437ccf98c7758f8e8790151cfbad0f9ca719cbcf7799ce766c965aedfb8f9feca0fa050d54c6210e7774b307399c4b0f0cc2200cc2826c8d2c3814fd7000c40e19ca06eea055c15cf1682c40da02a7e10095431957136b54f9f123cddb3740994a97d227802706f6b5d582fbaff49f46f400195689a068f283be7a793742decc998adcea88142c965aaa9e354176326f2364328b8d91b00004019a4bbee44740fca85000a0000000062a2091f00000000c44400050000000031114001000000404c0450000000001013011400000000c44400050000000031114001000000404c0450000000001013011400000000c44400050000000031114001000000404c0450000000001013011400000000c44400050000000031114001000000404c0450000000001013011400000000c44400050000000031114001000000404c0450000000001013011400000000c44400050000000031114001000000404c0450000000001013011400000000c44400050000000031114001000000404c0450000000001013011400000000c454d101546acb0959fdf21e9965a72bc1acf54764f5eb072465a701000000dc3ba88102000000809808a000000000202602280000000088e9278b162dfa73474787f4f5f5c9f8f8b89d5d19741fa865f2919cbbfc3359bda1c9cebd23577b36cbe8753b295db2f8f54d22c7d7cb1fee3f222b9f9863e70fcae537b6c9849dd2ccfa1aed8432a23e73ed2b3b61e93e4e997528e3fd72e19d5d72d74e3aef8f7ad6ed6cbf5efdeff6176fcaa513a7cc5c47a7ecefed9026b52f47dbb74b8f9d0b000000a03a557e0d54e32659fdd76372e18df5724ebd2e0fcd91259bc3034bd46f38212b1ffac62ef7a65c1d6f92655bbaecbbeba4ee651b8cd9f59cebe9971af599c58fd945b4c70ec852399059e68d8f64645e8bac4caf27c8064f3ac852cbfb832700000000334de50750811aa089be7eb93def1199b7d0ce700da9e028bddc29f9714cfda95de4045a8f6d9625f306e5f2a1837aca717d970c0fa9c06b992738fa6a5b20083a28636a99f47abc16ee91e53a78f26d37a847b6b7b74b3bb54f000000c08c507d7da0ae7f2f93324766eb36731eb76f5cb1ff734c1c5a9f0e6c66dd5fa7fe6d9265af9f90d59e9769cee70b8e9c9aaad032216a5d9d2d32570777dea00c000000c08c567d01d4c2455263ff5b18dd27ca6d9ae779a56b8f74f0f49a5353e579ffb2ae810a51cbf4e89ab05ccdfb00000000cc34d51740d5d7ca5cb9233f8ed8e918eefe7154fd5b27b383cdfe7c96caec797a208823be8127b2babe4b2e1d1f347db496af5f67670200000098c9aa2c80ea92c57a34bea1939e51f862f8ea885c1d9f234b3a0f48cace0abb223f8e8bcc5db0d44e8747ed0bf96a9b5cf8e28ecc7de2b52c41941e85af577a7b0f4b779b9d05000000a06a55740075f7c61d11dd4c2edd276993d47cf1a69c2bb8dfd129197dc78ecce7e9dfa45f9951f8d43247fae5b61ef5cfbea747edd301522e774f6c36cdfc7410b53ad49cef8a8c99eaac1a59b6a6d5cc0100000050bd2afa77a06684aefdd2bbb14926cfef9517ba4fdb9900000000aa51f5f581aa2aadd2fd94fe01e0413949f004000000543d02a88474beabfb3eed9416e997bdfc0e140000003023d0840f0000000062a2060a0000000062228002000000809808a00000000020260228000000008889000a0000000062228002000000809808a000000000202602a844a56457d78b72ec9535b2d5ce29da8a356a3d2fcafb6d293b0300000040b91140550437d02240020000002a1901542558d12c8f133701000000158f002a5113f2c34dfd674c069d19111a64dfd30d3279e1ac7c39616745191d9349fde746ae850000000024e9278b162dfa73474787f4f5f5c9f8f8b89d5d59525b4ec8b2463b2177e46acf6619bd6e278d2e59fcfa26a9b753dac8f1f572ed2b3b61ac93ba975f9325f3eca436de2f17ded92577eda4f1d80159bda1c94e28431fc9b94307ed44e9ad6ddb203b56de924fde1e9007ba36c8c383c7e5977d4506495dfba577a3daf7a1a3d2feeb1e3b1300000040a954780d940e7a74f0342897df582fe7cceb8048db1e9965977096f9998ca5df5f2f17beb823f51b8e48dd42bb8892daa2822751019367b97381e069d6fa232a7812cfb6de94abb59b64f5962ebb4489d52d979756a664e8b3b3f29e9d05000000a072557400356bfd3659324fd7386d934c9dcc29193de40d7cd4f43bdef745ee5efc466ecb1c999dae925a27b36bd59fb1effdb54d3e5df2974fcc9191e3816dfddda048e3cf24892e4a5bd7344bcdc4801cbb68674cd5c1edd2dede4eed130000009090ca0ea016cc1119ff46c67dcdf522e86677af9fc8bc3a5b64ae7dcbe106429b9cf75ff6d660590b17498dfa53bfc1b31efd32cdf9ea64b6a736ab2456ac91e71e9c902f3fbd2467ec2c0000000095adfa0791b07d966e7ff166a6695e4fbfdcb66fa77db52df3debc16596902a403a19a25dd772abd9ef42bd8e76aaa52b26b5583c87703b267d4ce0200000050f12a3a80ba7be38ec8bcda706d91c7acfbebd4bf83327ce29433239febbbe4921b484993d43ee6ceffde8c725773ff3a673a49750df2b08edc1e747e1cd7796d304399d7acdcc0ef410100000015aab203a8132765440539cb7c4deed649dd96ccf4dd3fea2a1c4f13bb857b6479a8095f84fa5ab5cc1df971c44ecb41f9c3177764ee13afc96237a84acae825f9e5db1fc8f3bed771338cf9e485e366baa891f8f4287cbdbdd2fb61b7b4da59000000004aa70a86310f0e3f1e1ec63c3cccf94999ddb949243d94797898f3e8e1d09d91f8563e31c74e59090f65ee48c9aea90e63ded62d875f6d911a9994feb75e90dd7d763e0000008092a88adf81427c9deff64a4723011400000090848a6ec28702b575cb33ba266ee824c113000000900002a819a153f6ebbe4fafb6889cdfcbef400100000009a1091f00000000c4440d1400000000c44400050000000031114001000000404c0450000000001013011400000000c44400050000000031114001000000404cf7c6ef40b575cbe1575b64e4e376d97ed0ce4bd8d6cd2fca730f8a0c7df681ec903572ece90691efcecaf34786ed1231d42d97f7b734cba85ec7453b6f2659618f8babd0e333ed52b2ab6b833c9e1a964fde3e2befd9b92557f5c7696673eef509f9f2d071d9336a67965c83ec7b658d34da299184afb9582a719f805272af71e7da16ef737d0acfe4ce777ba5438e26f8a3f7fac7f53ba4c94e890ccad1f6ed32bd3fb19fccb1ac5a367f5753d674d33907923ee6360f73b37c798ab56d1b64c7ca944c5e382ebfbcd4e01c838901d977f0929cb1cb540b6aa012323836a1fe9d909b3a43353a2693666eb2f48579ec9517e5d8664f663b213ad378ac6bb9acb5d345b9a86edab73f50afe3f2a53e5c88c6719ad97480acefdbe0cb777f0dcb0e730d7c20fb2e94e222d00f4efff6f6adb06fc556ea7d9a3a932e79be937925991eea4cd02b1b64579d9d4e9849e3a79aeebaccbe1773de1312eb3e28b75b72d33ccac75408e23ed7a7aa551a16884cfee98a9d4e428f6c6f6f9776f5da7bbe1cb98f384a732cb3e5734a7a6fcc506bdb9aa551052bc78a0d58dd7b740ac7f9cc8d5be6efe80d75fe472724b132c73220802aa3c931e7c22939fb207c49aeca909d05a09ae81a2c271849bf922a91b3997e53eae8d9ded70f952f104894aea14d7fafe3f2e57cfdd05f235beddba86465bc0f8a660b460ba66b857aa5b777a7b4a4446a56ed54ff3f2cdd6df6ed7b52b1c7724226e72faeee7b7af492fcd25ce3e5aa7d4ac9934d29991c1c2ee27ed235572a707a682c99425c1559575bed934600550e71a36c13dd17faa05717f69625f2ad7ae8fcb22f892b1bd94dc80f37f51fa7440df726a724f596fc1075939b7bba92029394ec7ad636990834d978ef48924d10a7cb84ec39785686543af95c196ae631b3b9a5e705d3dd087a3ba4fefc5e696f3faa9e1793d2ff96ae217a4176f7d965ee31451f4be3967c3b789ffcbc4d45a230f2d6c0ad6836dd0d7e5b703e51b756709afde56ee6675b351494ceda5ac92a55f97da06cffa51a3b2913fdb2f717bbe5b49d4cebda2fbd1b332d7e275542f542b75dcaac63995c7eeb80c8af9cd21fcdb78cd5bafbb0ec5c95de9ac85092ed94337c7da6dcea55d3465607472a367f56f7b571669bb6a39137816d633ca53e326e3b658ff4fa22def370f74bdfc83b564ab84f88f93e517dbaf2b5c3b5efa7d3caa4fb9b9490fdcee92b2ae2dc38c7cbf320c87afef21da7e0f9091e27e7f30f0faaf374a3d9d3afaaf8e3e9ee7bd66b520710defe5ba1b6cece3eebc4f9d802ef7108b60b0f5e03c1fb20f3dd7ea31e21d9d71371bc5dbee35eba6b2ef2def632c7e8bed8eb77f6ff5671ede6b3de8311f29ebb8cdcfb143e77c163613edf7455ad7f429ef75cc3d9d3ba68e6584bf8fe70ce81f75a28d1f94da7d1793e1b3c9645f67bc81ca73cb532c1ed79aeedacd7bfe1ddaf52dd9b31c5be0f723da30ae71e8fa2f63926275f31e2f44332f9915a3999b54f52ab747fb8339d4f89ecbf14c8ef64cd1729be6ddb7919c1be523ab0f30675cebe2cfb46e595ae6ff26c33b85cf9a4d39a4363f2f367457e63ef85a87b2374ad07d33073cd89ba9e07e401ef351cba9ec2d75c9cbc5a703deeb3c0272a5d2d28bd70efbfdc695874dae87c36f4dccc9ad6db6d4996f7ddfc4e8e6745c9b9f74299f2ea5e955d03a50f8c097c9cb6bcfa75f4468becfcb05bddd6193a81d00770f0e3cc72076453a06abc465a5edd29b59fdb653e1e3455e8fbbbecdb8aeed8e92434ee7a8eca606387f406b6575afa82d43795bef8a3323529797ccb06997fde3667f86c586a566e48a8ddbade179548e89b5e6fcb7da56fb84c9f874fbe5393fa26f12ce73e7ccef40dc8905ad7c3cb3d0997b276f912736315d6fe56275cce0d9ede9fcf6e996352f1cd8d7422a81213510fe6f4beff7eb1efdce944cdc978daf7552239f4a0fa5ca16d8c75c2a512f83acfb6f65d10759cc27d1cf4f5e33c349ce53ef94e5d63cf96beedb87e78391922f7bb1d972fa55976a8fd0cd6b2363ead8e837ef8b9cb4df86b0cb66e567bf7a9bb1ef5ca721fe8793b6a07ec72e19a07e781aa837b775d7a19c5f7a02bed35f7de11a78f90fe8ee5e89f98535dad4a09f3379b29e4dce5e61c4b5f734175eef4b1783f587a9c72d66f4a3aed72352bd796e43e776a09ef9307ccbaca9ca6e87bf3a16b996db9d77742fd359c7397b9bfd3cd18edb577a6cf7eef4303a66faece0866f62d9c492bd5bd591af99e5195e9f4f511f56f933cb35be5249ad43d383126d13da07440a382275101513a1f3220cdef76daf7ddfc4ebdadc1d2afbd6a69952feaddaf3e5d005fad98b3aebde745e5937a7df922cd3437dc28e9bcd1d121959ffa5592f9a218462fc96f6f36cbf3d9ae33f5fc7d4965e133d7894aeb751a134a83d5f5ec4d0ff47da19ec199eb575f738be5ebf47adcf43c985e84f36ae25b8ff32c70d7a15f261f1554507a61d3573390558e8207b5ce9feb42bcdf47df27a1e766e4718ac1344bb49f57fb55f179b429aae000aa55ba9f6a92c9f3077ca51c3d47fb6532b54cd6b9c1914a04b6adaa31b549de11f64e776f0f958ee8002bbdccc101d3ecaa7ea14d02d47a9e69d4cb784b697a64bb0ab4c4bbbd5232995e1bcde7b8f87d251d17af990c5fdd8240e6a324ee93f96ab553efab352c5fab84a16665b327b3d520cfeb52be02dbdfba9d1e7fe32d19bc38a012947080969b4e68540636f295c48daeb6a74b90d483de57aa79f1acafd4ca246a9f79332d2a48d5096f6a893c59c03e6d5de394fa788fd399be33ea38a90cd0438184d004be996d9acc65aad6530a199f9b190b97dcdaf37de18ce7ba9e903d9fea4c5b833c1a7ce8e90c51bac4ca368d5417a3fbc008352fcb761ff80221e73af4aea7a9562d3f71557e975e577899d25d7319e638d907737470ac1fbe81eb72da82ad02cf5d0ee658aa63fc893783abee019d71a8696a081c87402192197c2725f34b7c6f26717e73d2990a5f067f427e3758fc3d979b73eefc698a3a77e7d5f61f2cb2cf48a9eecd58f2dd07a57a4665644fc34ae8e0763398831388643feb9defeadaa04139eaab4d52f99074c97aa76c32f91d6fbee8b4ecfe372a5fa43ed91c087c72e9ec6851cf8c7e39e0698573bafb80f4abc3d0d41c08c5740d97a706ebca9f54e8adaedfa5767ababca70282d0f3cda5d219ff390da7f52e9dc74a2f6bbb5c64ae5fa719b0b760e1cca5ab91695349f26a71d30b5d40ab6bc54c6142b8e0c32b6fe1759ee766619c827653301b51805b72eade32050065ae7dd22a38805a2a3aafe374b4d41d2fedcb34e7ab915af74ad2a539ea52be7c36aaf2ba00663d8332101ce6dc045a9eed958aad9da8f13d9ca6dbb01cbb30614a23a69a817bef6c20b3b562b1c94815dafed664784d6986f7a1aa4b5cd4b5517b9f5d2a8e4ced59f895a3e4a6587529d1696bb6121fc3d406a8c42a98a89984b7908c634a1e98af3215a1e0d426bcc18430d061d3c940e44e800b66beff847c7b2970be4787e55b352bf8500966884c499df7be30850dde6b20d08427262758f406a7ea1a5541acf7d895ee9a0bc8593ae7040fbeebd2f7102da302cf5d2ee6587e772d746de98c4f388008f42333c72baa56be58cefa133bbf39e89ae6ccb674ad73fc6358109bee98da4ecff69ce6406e0d5c61ca756f3af2dd07a57b4695dbe9ee176ced8d9a48e91a239da7f1d61a39a3f3c9d04044533babad41eaa3f23b7da7e4b2ba37d305c279d99100bf391568f6775a4e7da382a3050dfedaa51bc3bee59cef92ad096219e967e583cd590a409dd63d99eb32a2f99c11ac9177f20abee0cb042b9e75799be527205f7ae1d432379866a7f99f13c5155e4f5545b5bc4848c50f22a16b96dcea65efab5cbfe794183d3475ce12e9e9916ede61ab9fcd0d5cccfed9cc965b3ab455fd9dbc30505c26ddd498041eaafa355d194c9497cea0b9850de9f36f9bde15c8e9b8ec2de5764af042a5cf495c7326a3a9b667d69d40d01e4742b53a95cea979f40cf652c634456786dc26daee76921ef6dddf2ccf7d25515054ba7b33ae923da3a69193afd18349344987a7791e0aa5036a89a839d6c193dbb4cdbd2eb33499cb47074f6eb0e2aecb367f4d429cf4c2dc03b6a96cdee0a4c8c2eba9d2df43077e262d9aa179b50a0ea0ae882e2caef9699e4ae2419d2128410d91594f44157857b39a3b2963490cb3664a58ddbe0515d65ed4fdeda1229a9339bccd4674297f7137f0549a97f995b9095fa819400493998d68126512bc428677759ad5849b4439c3964ecb10a1e6fb473489aa6b9087d52cf31b1071d97e3b5f9e9d6a22ac1eaaab020f42fd0a24eea5bbe63c2aa5c6d92dd8589523c359c273678e6544d3315da052b6d12b55265f3795754b601339bf5939b5c3f2dd407902e638e94e2995ecde2cc2949f51d3c1a9f919b9aeeb737a6440479ae9da9ed3327cc33b1da16f5846d4115fb626b044db3a59a64eb9b3de389c6dd53cb22eb0ad5659f7484da8c6a992e9e674a29e7dfefbd936f52cb6d0d663ed025d2b5dae00a480f4c25cff679d3ed3af64ef9b6ad2da885600c9716afeb2f7eb9f392a38803a2dbb3f578fd7c60e39ac3b5e66d3b75b4eaa44a869a3fff7145a77ef2fecf7156c1578d3466f957aa7ec37a37b9c4c70b419ddbeb68ced450be4241ee1219ac34da12298a668ba83a62ee52fee067606a4284587eb3237e13325634e5313df395519e9f4b49b997dda9bf8b97da70acb70394da29ae5254fc7fcb56d6bc58ccc9360e6c63425504168684000f5fd9d7e70de410054c26a87d02e68209150ad890e868b6f2694af9956e9ae3987698ea1ce696594c4d9820ddd842d5072b975b35b9050ba73e7f41550c7d2bb2d750f985109cf972190746b48d47ebb7d9e4a7d7e730bf719720632492ac0c992ee44b1c156d63e247194f8de2c46b667545cd9d3b00299411974b3bc5cbfeda4bb26d80259dbefdadb8ccee9e3dd223b7db5522a1f929e7682ae9a55db3cdb6895ee5f39fd993e2aa0654ecf80da09b5ad6d9efc55ebee6dd2a2f6afff68718df3f4405ca6ab45396bd546f560124be4d15a3b6d38c3637bd37aa766c74e14c069b5e069feeaa62976b2b40a4d2f74bec60e321155106c0a8fca58c0a18f8d6e0e9da75f7f49e9c1e6f43597e8606fd12a7f18f3e0709d5ac4909dc1e1c7c3c398b7c8887710099d28d91168bc4399eb04a0c393fa470d759e185355ac474fb2fd51ec8dea1f72d87940e9d1d6dc6647d913065d0250c0451c9930641f3e33b8dda861609d9b3f624873257bc210dcefa8877281df6dbad8eaff345d0311c844e73b8eb18f53e8fc05cf9d6dd6907518f4c2b9fb1675eeb5d0be87be7ff87a8e125ccfd067c7e5e62a67e424e773d1dfcd1cdbf92a31776b7d22af712d78ac4a74cd99f39f6768e6e035e2d2cdccf2ee77f47d975ff8fbf93a402b79cf5dec7d0a6e2b7c1c9d6d153934bb47545a18fc5e8e129ddf58d753605bfabc9eaf951ddeb43ea6d0397105ce4de47211694fee34c3d9efa9df9b31157d1f647f46c5e1ee7f71f791473aaf121ee23b983f71f906b64a0b0e2d1e1ec63cb4bee010ce36cf13dea2dabb88bc5166b9e0b6ec90ea37e20c11ed197e3dc121a523d30af7dac975ada8eb7fdf58b37fa8f338e9b3e24f57743a3120f3b73823869ab4c56e2b5f5e2d28f47c328a4b2fcc71891ac63d30cf2fde7333788f7b65d2d7d2e72f62495fc3e51f5abff2032854b5fc3730502ed91e68f6811595c10480523141961e0ebc020660c0b433814ac4efd69546bc029099c0a9f8287f0055f18348a08aad5823a6f6e953822754003b4259889d5fcaa1910120a87561bde8be7fd1bf0185194dd752799b32abe95cbfcd3465d3347844d9d9a6b0c976b589460d144a2e53dd5d4493182049599a094537f30200a034824de178ee4c45a6a96b59bbda78104001000000404c34e103000000809808a00000000020260228000000008889000a0000000062228002000000809808a00000000020260228000000008889000a0000000062228002000000809808a00000000020260228000000008889000a0000000062228002000000809808a00000000020260228000000008889000a0000000062228002000000809808a00000000020260228000000008889000a0000000062228002000000809808a00000000020260228000000008889000a0000000062228002000000809808a00000000020260228000000008889000a0000000062228002000000809808a00000000020a68a0ea0525b4ec8ea97f7c82c3b5d0966ad3f22ab5f3f20293b0d000000e0de410d1400000000c44400050000000031114001000000404c3f59b468d19f3b3a3aa4afaf4fc6c7c7edeccaa0fb402d938fe4dce59fc9ea0d4d76ee1db9dab35946afdb49e992c5af6f1239be5efe70ff1159f9c41c3b7f502ebfb14d26ec9466d6d768279411f5996b5fd9094bf771caac4319ef970befec92bb76d2797fd4b36e67fbf5ea7fb7bf78532e9d3865e63a3a657f6f8734a97d39dabe5d7aec5c00000000d5a9f26ba01a37c9eabf1e930b6fac9773ea7579688e2cd91c1e58a27ec30959f9d03776b937e5ea78932cdbd265df5d27752fdb60ccaee75c4fbfd4a8cf2c7ecc2ea23d764096ca81cc326f7c2423f35a64657a3d413678d241965ade1f3c0100000098692a3f800ad4004df4f5cbed798fc8bc8576866b480547e9e54ec98f63ea4fed2227d07a6cb32c993728970f1dd4538eebbb647848055ecb3cc1d157db0241d0411953cba4d7e3b5708f2cd7c1936fbb413db2bdbd5ddaa97d020000006684eaeb0375fd7b999439325bb799f3b87de38afd9f63e2d0fa746033ebfe3af56f932c7bfd84acf6bc4c733e5f70e4d45485960951ebea6c91b93ab8f306650000000066b4ea0ba0162e921afbdfc2e83e516ed33ccf2b5d7ba483a7d79c9a2acffb97750d54885aa647d784e56ade0700000060a6a9be00aabe56e6ca1df971c44ec770f78fa3eadf3a991d6cf6e7b35466cfd303411cf10d3c91d5f55d72e9f8a0e9a3b57cfd3a3b13000000c04c56650154972cd6a3f10d9df48cc217c35747e4eaf81c59d27940527656d815f9715c64ee82a5763a3c6a5fc857dbe4c2177764ee13af6509a2f4287cbdd2db7b58badbec2c0000000055aba203a8bb37ee88e86672e93e499ba4e68b37e55cc1fd8e4ec9e83b76643e4fff26fdca8cc2a79639d22fb7f5a87ff63d3d6a9f0e9072b97b62b369e6a783a8d5a1e67c5764cc5467d5c8b235ad660e00000080ea55d1bf03352374ed97de8d4d32797eafbcd07ddace04000000508daaaf0f54556995eea7f40f000fca498227000000a0ea114025a4f35dddf769a7b448bfece577a0000000801981267c0000000010133550000000001013011400000000c44400050000000031114001000000404c0450000000001013011400000000c4440095a894ecea7a518ebdb246b6da39455bb146ade74579bf2d656700000000283702a869e30657c15709822d000000008920809a6693178ecbf36f7fe0799d95f7ec7b000000002a0b0154a226e4879bfacf980c3a338a373a2693facf8d09671a00000040d9fd64d1a2457feee8e890bebe3e191f1fb7b32b4b6acb0959d66827e48e5cedd92ca3d7eda4d1258b5fdf24f5764a1b39be5eae7d65278c7552f7f26bb2649e9dd4c6fbe5c23bbbe4ae9d341e3b20ab3734d90965e8233977e8a09d2825dd846f833c3c785c7ed957a2a0a86bbff46e54fb3e7454da7fdd63670200000028950a0fa0dca067502ebfb14d9c3043cddbd226e387dcc0472fb3597e7cc77d5f64d6fa23b2f209f1055a2608ab8d08983c9ccf8dfab7a5b73f964410e504508ffbc68418964fa6d2848f000a00000048544507505181502c0bf7c8f2ce16994cd742c509849c5a2c09d65c991a29f10455c9d9baf94579eec109f9f2d071d9336a6702000000a818151d40c5a9353282cdee2c5f333eef32514df76cd035d74efa45351b4c4283ec7b658dd45d2861b33e000000002553fd8348d8c0e8f6176fcab937d63baf9e7eb96ddf4efb6a5be6bd792db2f2f513b2faf50312fc55251d74a5d7937e952378caa8a9bdcffe0f0000004025a9e800eaee8d3b22f36a65969d8e32ebfe3af5efa00c9f38e5ccc8e7fa2eb9e40652d224b58fb9f3bf37a3dcd5dcbfce999e0e7529d1df66e8f7c3ce34000000808a52d901d4899332a2829c652feff104517a1089ccf4dd3feace4275327ba1339dbb299e477dad5ae68efc3862a7e5a0fce18b3b32f789d764b11b54955583ecdbd22c35130372eca29d55283d88446faff47ed82dad761600000080d2a98261cced0010e9e1c7c3fd91c2c39c9f94d99dde0121c2c39c67ebd7e40c5c31c74e59890c65eef4774aefb632f4d907b2a3d8e0496beb96c3afb6488d4c4aff5b2fc8ee3e3b1f000000404954c5ef4021bece777ba5a391000a00000048424537e14381dabae5195da5357492e009000000480001d48cd029fb75dfa7575b44ceefe547740100008084d0840f0000000062a2060a0000000062228002000000809808a00000000020260228000000008889000a0000000062228002000000809808a00000000020a67be377a0dabae5f0ab2d32f271bb6c3f68e7256cebe617e5b90745863efb4076c81a39f67483c87767e5f923c3768918ea96cbfb5b9a6554afe3a29d3793acb0c7c555e8f1997629d9d5b5411e4f0dcb276f9f95f7ecdc92abd2e364ee81f903b2efe0253963e755977bf8fc56fdbd09e4619faf35133a8d1a9627cdbd3e215f1e3a2e7b46ed32056b95ee0f77cab26ff6ca0bdda7edbc12ebda2fbd1b9bec84327474fa7f3c3f916309d7dab60db2a3e96ae6596ad2e7fbca787c1b64df2b6ba4519c67a178f3b733316f1a13355009191c9b50ff4ec84d7d718f8ec9a4999b2c7d931d7be54539b6d993f14988ce1c1feb5a2e6bed74512eaa4cd9db1fa8d771f9521f2e44e33855adf43d197c79efd1529f5f9d99f16d6f8d6cb56fc55671d79c7e807bbf93f3dab7c2be9d0073eea69ac615c0a4a9a54abb7506eb950db2abce4e4fb358f741b98d4e88c97bde9c5099d209f9e1a6993b454ba5362532723da1e0493bb85ddadbdbd56baff457caf3a044c7d2dc03c1ebd64dcfca782f569606797e654a86ce175b10a90b029dfbadf8f4f2963eb52a4b3b2683ea8f93bf050154194d8eddb2ff2b319bc0bc245765c8ce02502974a99d0e463caf846a734c46d5d65a67b6774d1e9d21990f5de299fe5e8706a4eee969ce84a300e5bb0f8a774b7e28a6445fb772e9ed95dede0ed175434d1bf5fff74ba7f3ee3daac863a932fc0f2f5751a8b576f912a9b1ffbf27ad586c6a7ebe2ea2a6c729b85029ff6012f799ad20b887114095835b3a938f29352cb4b4b841f66d5922df1efa407ed947a94079d992365b2a839926f7f92d492d6c29d52d979756a664f2c2f140b38a61d951b5cd287318bd24bffc4c650c1e5c93684d14ee0d4597aaeb2675b68b40fb5bfd32a9528ba3a68668bb4c73c3ba6953dcb14cc903f345862e0ca808b4c1a6ab2979b2e9967ca2eff319c9a959cf9e7ea564d7aa0695a60f14de845ce5274db3bfb78fcb9e1b765e94226aabcfdc48a832a0ca547e1f28db7f295d0231d12f7b7fb15b4215e48176c193e73d6d90cd3a96c9e5b70e88fc6aa7b4d8c20ddf3256ebeec3b27395a7bca34ced8b4d7f91609b52d3ae5807472aebf3ac6e53ecccd619a4e860c9b6539d527f05b7adab477a7d11ef79b8fba54b3d76ac9470fb5cf37da2fa74d9be2637b3edb7db17c54eaa8c6dd5b4adb6df397d45459c1be778654adcb2f737c9779c82e727789c9ccf3f3ca8ced38d664f1f97e28fa7bbef51d7a4b9a645edebef17e7d896b3cfa2ae89630bbcc721d8ef28780df8ef95f4b6228e8bd947db7ebc29d63ec5e51eefec7da49ce3a33200b1fa50e53bbfb915b2adeabbe632d7893fedb0dbf7ed7ff05a29eefc7aaf9b5cc167e8589a7e208507acb9ae612ff759e10add079ef77cbcfb65fa5088ba5606e401efb10a5d07c1f31b7846c514fbda34fbe5af512c667b0ef73a28f6fe8ea7f3dd5ee95860f3253a1ff2d458741e450be66722f217f1f3204e7fab961bd9deef94fdb646cc3129fd6fbd20bbfbeca47d5f54e0f7d142ef367500381dc19f73bee69f3f2e3757a9f0e95375ceead4f5f0d0359b5eebebd5bd7e82f778385f94b97f27e479cf35ec5baee8fb20704d65c9ab654f5715f75acfb54c7abd81eb37bddfd7e451cf7e65bd57ecb6b2bdefa61bc5df6b85b2d76e2a784d5697caae8132253b3af0d1a539ceebe88d16d9f961b73afc193ac1d1c1d3a02e01b2cb1d904dd2dd6617306aa4e5d59d52fbb95de6e341a959b553f677d9b7159d10ee5c35624b8ff4eba80c3676486f607ba5a513027df1ea1b32eae24dc9e35b74a2629b3c7c362c352b372454e2aaf7c56646f4b6dc57fae61e961d76de27dfa949fd40f62ce7264a67fa066448adcb5b0daf99aa78f5996305dda03ae1723260e9fdf9ec96392695d2be3f2b9d68a9e04954829dde77f520f09e3b9d7039190bfbbe7a400c3da83e5768cd864e6855425ae7d9d6be0ba28e53b8744b5f3f4ee2eb2cf7c977ea1a7b36a19a14fd5d568da5af936cdb6a7c5a1d07535aa697d3fd6e1ae4b974d32ce71a309978bb1e7d1fe8cfbcdfe6b9c6e6a722bf4393ee9460dae65bbe7dd2db2af6fbebfbc1eeeb94da979786f99e316a4367d63567dbe6a7cf7d99d30b758fbfa4aeacf4b6f4b14c35cb8e449a15da67850eb2dcedd9668ceef17eef889d6f4aec9d674a7ad95050a7af5bcfb152eb9af4d5e6e9ed2d96afddcfabd7be0b13eabe4be858eaebc966f2d2fbac5ee5c9d015efca9f26d5a16a914d2a2fd1bab05ee4c67074f0646baae4fcde743ea57da039993c886952d821f59e6ded3d2f2a0fd4ebdb9ea69b1bee7ce4b2ec35cbe97e554dd2f1ee74363e9c90dfa9444ce71fb63ea4ae87df87838bad9bd5ddfea9e73ac9962fd2f7a24aa374c14b66b9b581eb37cf7d103b9d0be7d5b2d58eebe04e07343a98cb1a3c295bd7e88139aecaef22837fbddfcd72d3dee353b93775bae17c9e26d185a8e0004a45a84f35c9e4f903bee8b4e768bf4ca696c93a37385209c5b65535a636c93bc2dee9eeeda1a8560758e9650e0e988c46fd429b2ca9f53ca3c2f8c18fbd252f3db25d055ae2dd5e29991b53650c450722d94bc87ca50217af997e4e750bfcc14969dca7f32125e8ab352c5fab00ab6665b3a739a2d311727270b8a092d9b56dcdd2a882aedf786b372e0e984c6f3040cb4d67ac9c8e94e157121902b53d5bbae4ab99b97836732ed5f9ffb929f5f196caaa4cb94e78534be4c902f6c94968fdc7e94cdf19330040a37a08f998c037b34dd3dc2255eb29a98cef4c9ff35009d63ea5e96d79326eef9d550fa7a8efa683f6f472b6e99ccd149b6b40d7f2781f34ea38ea20bec636f5f03519b1f795734e9d6621be6bdab74ffa615dfcf7d79fdf7330f3f0f10574694e80e5bde6a2972b831970cde552baf42226751dfaaf7d27edcb16cc4fc98a663123427aef83d14bf25bb5bdd0f18e493f5bd2fb6f9b9a679e2dfadaf65e27eafc5eba2a93ea9e9a5f547a99e73ea8ab951ab5cdd2f5ab70ee4d5d489254ed9376bafb0539aa1eca2610f1d61cf974ca7edd4266e8a8bfd5cbc1ed993c4909f3209d1d2deadeec97039e6d9dee3e60069d686a0e0447ba862b5d63765a867573af050d09161a67e3e43f347d9da91d9547e747f7fd79ef48e09c66cd17050aa6cd805ee1eb37d77d50483a973fafe61482382d74f275bb689047755a9d75f0087f2dd8d4ee4dfd9dd4b3dc068fc9374d3f2dbb7fa103f6eaad7dd22a38807246b3d1b544bda673a67d99eaef1aa9759fbc4d3ad19d94cb6723cb7ce233eb199481e030e726d0f26caf546ced448d2fe338dd86e598ca089ad262fd809b424984c928eb04c02d7db11d217f9b33c10833a5eaa614c9fbe075aac86b6aefb34bc591a93d0bbf1278c0d6a544a76351a5676926c310f18030096f2109a10d1242c1a90d0e8299396f6d8ce20441fe8c5262ccc329fcdd8241bb2949b7f785b906bebb16dabff7f4b1b59970d326dbfedfe974eccf308fde28ecba2b943986b61434fcf009779ecffde04cd04cbde6ecfa4b975ec4e5648832dbcad1846e8ad62ed0fb1f0e42ccf68a0ad882c18a9346faae4dfd9cf26ecfdb1cb96079ee031be8ea927dbdada892fb4ad5f36bb7f6464de81a239d57f1d61ab53548bdfa333890a3615cc9f220add2b040dd9bdf9c0ad4849d9653df4c8682a3c93f5db1ff7398ef92ad0962b9e882819b0dd278d39beedf270fb8e9932924f35c979e666c7e81812c74bf4975ddf96b3573dd0705a67339d99614e66731f2e739dc82c362068f289a393eb6163d9182e599a5e20791d0354be9ea6ecfab5cbfe794183d4c70d9a2fdf8dc1a05b7fad9244ec5ecdfe8b07cabd217b7844657c517d5115233a5d7fe07af79e5a8fa4685b28165c9999245e701abf221f2e5676e47e44ca966927c4d32a6a94024a95a9dca16516b5eb6f442074f6e8628b31dd3bc3931e120c4bc92b8e66cbf09734dbbdbd1cf2cfb76e9b93546ce3134cd89d4f367da6a6b8b64ba12e8c124522db26d77f9eb71660a5388e6deb3de9f82d1c1935bf8ec5e973ad36fdfae5c3a30739b7ce70b4ef4e019ba6f719179a66299c05405a3260d4db6e67626a8e000ea8ae8fc40cd4f97dae92c06f58d55821a22b39e26690eb40f96ae66357752c6f2752c288689f6d50d251518edbbbf035344d31e877a189ed741d862d96aaaa20baf7dd24a97292c7313be50739808e6a1e0a9a57399daba429ab2384ddedce66c194e221c2cfd9f564534d331d780b98efc74509eeef3931ee9521dcff957e5771755002feaba5da103b652360b0a73fa14a5fccd40a681d384a3417e9e2bc339c3ae39a7947642bebde41cf7f2069136782b5326c719f9ca530a9f30a7c6abb8747baadcbe5cde66ba954fb79ab17985be5372591db674fea56f5846d49f7497812825cb8338cdf06a1e59176886d72aeb1ea9c9de476bba99c2b51869907d867c79b61c05a8a54ee7dc26df4e1faaac8503750df2702a93ae954545b68aaa6c151c409d96dd9fab14a3b1430ee72ac5e9db2d274dfbe3c3be41235a77ef0f0c2291874df09a367a7fbbc16db77c32c1769ace0d653a554774be9e6ece4334fc7b0e4e46254f60659a05e9d2163d3045b809561cce80146a1d53aea52b73133eb53db739a4ef9caa442a3dedd6d23ded1dbadeed3b3550d03e39cdd99ae5254f82bcb66dad9811a8127cd0989a171584c62b252eeebbb98141665009451d47336a50ba7db81e4c20250f3fdb2c75a6b985d311f9f1554bcc7bc5fd1e493e4e50fedc834ead80bf59c834b0fd61c29da9d57ebaf7cf0cb8e65ccec86eba94f64c7abf4b975ec4e10c60e16d1aa883e9a49af0659ab8c5f8a90bdbd7632afdbe42019b5bf26f2793e7349f2a3e18779b574ebd80cc0c54156c9617649ae98dc8b0ce2b746d32a3fd669aecf5c847e727430357e98125d2d325cc83f40ca8c42f5003d6ba7b9b33ead9d162c6d7d323f639dd28828350949dbdb633cd8d753a9cad09dfd42591cef99a7c47749530fdae0a4c8fa742a75bee287de569d9a347e1ab90eb690a2a7f18f3c0f0e446c450e6c1a13fc3c3983bbfd39069fae70ce1a947a9f176ea3443927aeec4a8a1ce13639a4c7886eab40f2cffb0df4e62a14784714bbbb33fb4fd9d0cf38a7c40eacc61745f85e07683c3886a4e2627624873c5cd008505f73b2a812cf0bb4d17db0c264d97ee0412a87cc731f6710a9dbfe0b9b34d8e8a1c263b4a26139beddcfbf73bbc5cf87a8e16bc06c2e7df398e9ef9eef1d0cd116c899a59667e665a73f633ee50e31951eb0aca7aee3cd741ecf31b57f09a8bb887abef9a8b4a03b2a54da5492fe29cbbd0f757efed1b6b8e35fc7950f09cb8fce7c66d3668272d5fe77557f03af0dc07ce7bf7e53d26fe7dd2c77040e6ab002e3c9c7c6e45df0711e9657ceeb12af23ef248e70b22f21ec13c8323cbf0ccc1fc4cc410e5f9f220a161ced302dbb4f99ecc92c1e1c9a3f340913cebf20dc6554ae65e8a18b25bb3f7999b170a5e2b439fe9a1cfedcf25d87bc559264fba1ef33ec89bce05f6cf11e7d9e62ce3bf9fa2e60544ed77681fa2d241ab88b4a0d4d2d779d661fa2b5fe50750a86a26112b2233010040b530818d1e0e7cba076040558b15f8cd046e505ec50154c50f22812ab6628d4a0844befc94e0090030732dfd694de5f62f429598a6c123a681196a5fd79a16d5a4b43250038592cb34fb987ad30900000054bf4c13d46093d2ea4300050000000031d1840f0000000062228002000000809808a00000000020260228000000008889000a0000000062228002000000809808a00000000020260228000000008889000a0000000062228002000000809808a00000000020260228000000008889000a0000000062228002000000809808a00000000020260228000000008889000a0000000062228002000000809808a00000000020260228000000008889000a0000000062228002000000809808a00000000020260228000000008889000a0000000062228002000000809808a00000000020260228000000008889000a000000006222800200000080982a3a804a6d3921ab5fde23b3ec742598b5fe88ac7efd80a4ec34000000807b073550000000001013011400000000c44400050000000031fd64d1a2457feee8e890bebe3e191f1fb7b32b83ee03b54c3e9273977f26ab3734d9b977e46acf6619bd6e27a54b16bfbe49e4f87af9c3fd4764e51373ecfc41b9fcc63699b0539a595fa39d5046d467ae7d65272cddc729b30e65bc5f2ebcb34beeda49e7fd51cfba9dedd7abffddfee24db974e29499ebe894fdbd1dd2a4f6e568fb76e9b1730100000054a7caaf816adc24abff7a4c2ebcb15ecea9d7e5a139b26473786089fa0d2764e543dfd8e5de94abe34db26c4b977d779dd4bd6c8331bb9e733dfd52a33eb3f831bb88f6d801592a0732cbbcf1918ccc6b9195e9f504d9e04907596a797ff00400000060a6a9fc002a500334d1d72fb7e73d22f316da19ae21151ca5973b253f8ea93fb58b9c40ebb1cdb264dea05c3e74504f39aeef92e12115782df304475f6d0b044107654c2d935e8fd7c23db25c074fbeed06f5c8f6f67669a7f6090000009811aaaf0fd4f5ef6552e6c86cdd66cee3f68d2bf67f8e8943ebd381cdacfbebd4bf4db2ecf513b2daf332cdf97cc1915353155a2644adabb345e6eae0ce1b940100000098d1aa2f805ab8486aec7f0ba3fb44b94df33caf74ed910e9e5e736aaa3cef5fd63550216a991e5d1396ab791f0000008099a6fa02a8fa5a992b77e4c7113b1dc3dd3f8eaa7feb6476b0d99fcf52993d4f0f0471c437f04456d777c9a5e383a68fd6f2f5ebec4c0000000033599505505db2588fc63774d2330a5f0c5f1d91abe3736449e70149d9596157e4c77191b90b96dae9f0a87d215f6d930b5fdc91b94fbc962588d2a3f0f54a6fef61e96eb3b30000000054ad8a0ea0eedeb823a29bc9a5fb246d929a2fde947305f73b3a25a3efd891f93cfd9bf42b330a9f5ae648bfdcd6a3fed9f7f4a87d3a40cae5ee89cda6999f0ea256879af35d9131539d5523cbd6b49a3900000000aa5745ff0ed48cd0b55f7a3736c9e4f9bdf242f7693b130000004035aabe3e5055a555ba9fd23f003c2827099e00000080aa47009590ce7775dfa79dd222fdb297df810200000066049af001000000404cd44001000000404c0450000000001013011400000000c44400050000000031114001000000404c0450000000001013011400000000c4440095a894ecea7a518ebdb246b6da39455bb146ade74579bf2d656700000000283702a80ab075b30eb2dcd706d95567df00000000505108a0a65583ec5341d37372569e7ffb03fb3a2e7b46eddb000000002a0a0154a226e4879bfacf980c3a333c74f3be35d2f89d0a9e8e0cdb79398c8ec9a4fe7363c2990600000050763f59b468d19f3b3a3aa4afaf4fc6c7c7edecca92da72429635da09b923577b36cbe8753b6974c9e2d73749bd9dd2468eaf976b5fd909639dd4bdfc9a2c996727b5f17eb9f0ce2eb96b278dc70ec8ea0d4d764219fa48ce1d3a68274aa86eb9bcbf65897c7ba884354e5dfba577a3daf7a1a3d2feeb1e3b1300000040a9547800e5063d8372f98d6de2d4bda8795bda64fc901bf8e86536cb8fefb8ef8bcc5a7f44563e21be40cb0461b511019387f3b951ffb6f4f6c71208a2f4a0104f8b7cf299c8734f37d8992293178ecb2ffb8aac652280020000001255d14df866addfa682275de394098e444ec9683a78d2d4b42778d2ee5efc466ecb1c999dae925a27b36bd59fb1efb3064fba16eb2f9f982323c703dbfabb4191c69f49a9c7be5bbbe03ef56f833cf7d0b54cffa74303222b37143fd2dec1edd2dede4ef00400000024a4b203a8057344c6bf91715f73bd08bad9ddeb2732afce16996bdf72b881d026e7fd97f7c82cfb4edac24552a3fed46ff0ac47bf4c73be3a99bdd02c5562c3f289b7ffd3e825f9ed7722354d0db2d6ce020000005039aa7f1009db67e9f6176fcab937d63baf9e7eb96ddf4efb6a5be6bd792db2d204480742354bbaef547a3de957b0cf557206c7264452b5e2e98505000000a04254740075f7c61d9179b5e1da228f59f7eb1f4d1a94e113a79c19f95cdf2597dc404a8529b58fb9f3bf37a3dcd5dcbfce994ed8994b57d5f6ee930702bff9d454ab42bac851fb000000004cb7ca0ea04e9c941115e42cf335b9d3834864a6effe510f61e76962b7708f2c0f35e18b505fab96b9233f8ed86939287ff8e28ecc7de23559ec0655491a1d966f2752f2f8b3cb33cdf556ac91e71e14193a7f49ced85905d18348f4f64aef87ddd26a6701000000289d2a18c6dc1d89cf4e460c631e1ee6fca4cceedc24921eca3c3ccc79f470e8ee487c73ec9495d450e6e6b7a036c8e3e9768413f2e55486356feb96c3afb6488d4c4aff5b2fc8ee3e3b1f000000404954c5ef4021bece777ba5a391000a00000048424537e14381dabae5195d13377492e009000000480001d48cd029fb75dfa7575b44ceefe577a00000008084d0840f0000000062a2060a0000000062228002000000809808a00000000020260228000000008889000a00000000622280020000008098ee8d61ccdbbae5f0ab2d32f271bb6c3f68e7256cebe617e5b90745863efb4076c81a39f67483c87767e5f923c3768918ea96cbfb5b9a6554afe3a29d3793acb0c7c555e8f1997629d9d5b5411e4f0dcb276f9f95f7ecdc92abd2e364ee81f903b2efe0253963e78535c8be57d688fefd6747b2c7726ddb06d9b1f256cc6ddcc3e7b7eaef4d200ffb7cad99d069d4b03c69eef509f9f2d071d9336a972958ab747fb853967db3575ee83e6de79558d77ee9ddd8642794a1a3d3ffdb8f891ccb7b83794e4a267d8df7dc2c21ce5dd1a8814ac8e0d884fa77426eea0b70744c26cddc64e9cce1b1575e94639b3d199f84e89bfc58d772596ba78b7251251a6f7fa05ec7e54b7db8106d461fa761d961bedb07b2efc2ccbb08d2f764f0e5bd474b7d7ef503d1b7bd35b2d5be155bc55d733ad0f67e27e7b56f857d3b01e6dc4d358d2b8049534b9576eb00f8950db2abce4e4fb358f741b98d4e88c91fde9c5019d509f9e1a6993b454ba5362532723da1e0493bb85ddadbdbd56baff4574a9259a26369ee01755dbcdfa60ea24749ef8d4aa2d2ea9f3fa88295b3c5164eb9e9e214eef544ee837b030154194d8eddb2ff2b319b617a49aeca909d05a052e81a2c27484cbf12aacd3119555b6b9dd9de3579b48c814092748d7efa7b1d1a90baa76768c66a462adf7d50bc5bf24331a5eeba954b6faff4f67688ae1b6adaa8ffbf5f3a9d77ef51451ecb0915153635cc88f42a9fb5cb9748cdc455f95d11c7c9093617cbcd440a1e8b3c77f71802a8727023fc7c4ca961a1a5c50db26fcb12f9f6d007f2cbbe4a298eba57d8d29a89311974666046c97d7e4b520b5b4a75cbe5a5952999bc703cd0e477587694ab3948398d5e925f7ea632e00fae49b4260af706a7d5481174933adb45a0fdad7e9954a9c5515343b45da6b961ddb429fa581a57e5db9bcdf27cb5dfd379f3730df2bc4aaf87ce179e36eb8232d3ecefedb3f23b3b2f4a31cfa8a99dbb7b4be5f781b2fd976aeca44cf4cbde5fec96500579a05df0e4794f1b64b38e6572f9ad0322bfda292db676d8b78cd5bafbb0ec5c95de5ad9da17eb0b3ddd67cacdfc98b6a93a3852b7d7b3ba5daa335b6790a28325db9f644afd15827d5294f4fa22def370f74bdfdc3b564ab80dadf93e517dba6c5f939bd9f6dbed8b622755c6b66adae7daef9cbea222ce8d73bc3c4d16b29ebf7cc729787e82c7c9f9fcc383ea3cdd68f6f47129fe78bafb1e754d9a6b5a27f2bf5f1c6b5bcebab2f54f0a5e03d9ee83e072fefe4be16d648e59f6fb2a1bf7b3d9fb48e5fe4e41f9ce6f6e856ccb3d6f69157fcd39db9150da61b7efdbffe03550dcf56d8e51d3d5bc7d1142c7d2f425283c5394be5ff29c7bf759e1f23e3382eff978f7cbf4711375ad0cc803de6315ba0e82e737f08c8a29f6b519ec7ba714b33d877b1d149fbec5d1f96eaf742cb0f9129d0f796a2c3a8fa205f33311f98bf87910a7bf55cb8d6cef77ca7e5b23e69894feb75e90dd7d76d2be2f2af0fb68a1779b3a009c9ee0cf5cbfbaffcff95ad9f1d0b5f4b518756fe4ba0f5cd9ee87745a5ff47d90fb9a72b79bf3da4d6fdb7f4fa4bfabefb999ef191391df32dcfdcefef9d273afbbe9bb8ecaa5b26ba04cc98e0e7c74698ef33a7aa345767ed8ad928e0c9de0e8e069509700d9e50ec826e96eb30b1835d2f2ea4ea9fddc2ef3f1a0d4acda29fbbbecdb8a4e0877ae1ab1a547fa7554061b3ba437b0bdd2d289bcbed9f40d1975b3a5e4f12d1b64fe79dbe4e1b361a959b921a11257bd2f3633a2b7e5bed20949a6bfca27dfa949fd40f62ce7663ecff40dc8905ad7c3cb3d990ac5a9ae1e9063053d0c7502e064c0d2fbf3d92d734c2aa57d7f563a8154c193a8c43abdef2a51f49e3b9d583a190bfbbe4ae4861e549f2bb466c334e35c23759e6dedbb20ea3885fb89e8ebc749b89de53ef94e5d63cf265493a2bfcbaab1f47552ecb6b66e569ff8d43d46ea15791f38d7cae3e2bd2eafc9a3599b78d9878bbd8e0b0b9e347d3fe83e420df2dc2bc9f6c789a34977be88511b3ab3aeb95bbae9bec8fc945d5799d30b758fbfa44292f4b6f4b14c35cb8e449a15da67852979b6dbb3cd18dde3fdde113b5fd7cc994c9e9dd6af5050a7af5bcfb152eb9af4d5e6e9ed2d96afddcfab97eea7d8f87442c7525f4f2ac3a8339de97d56afe282a7f2b9f2a74975a85a6493ca4bb42eac17b9311c1d3cd99a2a39bf379d4f691f684e260f629a147648bd675b7bcf8bca03f5fab6a7e9e6863b1fb92c7bcd72ba5f559374bc3bcd8d0f2f0ec897f39bb35c67f9ef03cd09623ccd46f5f5ade6870bcaf2dc0705a473e97dcb9a9f73a9e556a934e2bb6bd1418defb9699f3145b576a8ac67d44c53c10154ab743fd52493e70f784a4c447a8ef6cb646a99ac73832395506c5b55636a93bc23ec9deedeeefb9ca603acf43207074c46a37ea14d96d47a9e69d4cb7823e61ed9ae022df16eaf94cc8de966f8b29766f84a312e5e33fd9cea16f88393d2b84fe7434ad0576b58be560156cdca664ff5b5535d3d39385c50c9ecdab66693c1fd8d37c1d389eb443840cb4d67ac749be1a857121902b53d5d7aa482515f627df16ce65caaf3ff73534ae52d1952099ecefca496c89305ecd3d635ce283adee374a6ef8c1900a0f1a14066ce040c996d9a2afb54ada7a432be337dce43256bf0a1b7e5c9b8bd77563d9c0afc6eda7b4702f747c47db075b32d69f36514d5f1f495245af6a1680a0b8aa82dc898903d07dd8c65b8f3b3c3797879afb9e8e5ca60065c73b9942ebd8849ddcffe6bdf49fb32015d09ad68163322a4f77a1ebd24bf55db0b1def98f4b325bdffb6a979e69ed2d7b6bfd4facca5ab2a139a92f945a59779ee83ba5aa951db34032f9584736fea0c6852b54fdae9ee17e4a84a8c4c20e2ad39f2e994fdba85ccd0517fab9783db33799212e6413a3b5ad4bdd92f073cdb3add7dc00c3ad1d41c088e740d57bac6ecb40cdf507f16342458681cc784fc4e7dedc87b36d67d909207e6ab3fde00657458be55dfbfa6f63e3b2323d77d103b9d8b999f33ea1ae4615d339a6df008df73531f0bb5b1a2d3cb38cfa85252d7ac09c6677e13d60a0ea09cd16c742d51afe99c695fa6fabb466add2ba94927ba9372f96c64994f7c663d8332101ce6dc045a9eed958aad9da8997206ae9486e598bac94c69b17ec04da114d56494d503f351b7c463c56293b9fdad2fb3919f2955d725babe07af53d51e951066a74b629cd2a3f02b81076c5d4a741e63e8f7591248cd641854862b584a658283423229cec3221c9cda8437989933a3ed643841903fa39418f3702a2203661e4ede6b40074b5e110fccac54464edf7bfa2115155c15c11c435b2b16aec9f19482da57d680336933f59ab3eb2f5d7a119753e29cd9962e7db66f95d8da057affc34188d95e51015b305871d248dfb5a99f53deed799b23172ccf7d60035d5db2afb7554da5e53dbf766b6fd484ae31d279156fad515b83d4ab3f830339b29425cb83b44ac302756f7e732a5013765a4e7d33190a8e26ff74c5fecf61be4bb6268865a48375f115c23ae2dd07b6ffea838b339f37414bd43339d77d10339d2b303fe70465c50d1e51acdccf2814a3e20791d0354be9ea6ecfab5cbfe794183d4cb0ad2aaea48bd9ad51304d40f4bee9c4a998fdb3a53d6e09cd56f577f2c240711926537aed7ff09a578932bf28231b581644074feec3297dfecf9a1aa8e2a88c9cbef74ad8d44ab743d7edd575f390e92a1049aa56a7b245d49a972dbdd0c1930ecefc818169de9c987010625e495c733a53e85ed3ee766c33a864b83546ce31d4a5e5faf9336db5b545325d09f46012a916d9b67b7aeb71aa9aa955f214c2fae4bf0f9cc1103c81967a86e8e6f48934092d283fa7be936e0550c4e011535109cfa899a68203a82ba2afff9a9f2eb5d3590ceadf582a410d91594f933407da074b57b39a3b2963f93a1614438f22a5dba78a2e31adb03e3deeefc014d1b4c7a11e86e77510a64b8074825178ed9356ba4c61999bf0859ac34430bf0f16f18030b575853465714adb6a4243bfa6e4c926b5fd40e9ffb42aa6998efd4ceedfcab0258e714be23d23b84d3583e6f4294af99b814c03a7795583fc3cd7f79961d79c69b2a7f6e5db4bce712f6f106983b7620b860a74e6860e12ef9307caf49c704afa8b4bb7a7caedcba503a9f03556a974ab199b57e83b2597d5614be75ffa866544fd4977198852b23c88d30cafe69175816678adb2ee919aec7db42ad07bbf1f0e354f8d771fd811ee02fde90a4f9f0b48e7e2e6e76c6b9c502b800455ca336aa6a9e000eab4ecfe5ca5188d1d723857294edf6e3969da1f1ff60d1ad1ba7b7f6010893c6c82d7b4d1fbdb0d6ebbe593a1fe54a5e394ba994ed5919d12a797f3100dff26809351c91358996641ba0448f73589d3b42acc199042ad63cab574656ec2a7b6e73687f49dd3159ecea96e2dddd3dea14eddbe530305ed937ed0e8a64b2f7932cf6bdbd68a1981aae81fe9cbcf946aa920345e1052dc777332fddee6653a180e36e1b3cd4643b54a6ad96cb54c17cf9a76e1fa1c1517443941b9db5179da3bbbdb7e00a16b4eefa77bffcc806bcee58c3ea547803c93deefd2a51771380358789b06ea8c4a524df8324ddc62fcd485bd67a6d2ef2b9451756b82ed64f26cb3dca28371b779e5d40bc8cc4055c1667941a699de880cebbc42d72633da6fa6c95e8f7c747e323470951e58223d5dc23c48cf80ca3b056ac05a776f53fb3429fd478be999a2475673ba510407a14894194c62b13c6a278d02ee8352f4152f2c9dcb979f73068f2857a1cbf43ca3dc6bc59f279f892a7f18f3c0f0e446c450e6c1a13fc3c3983bbfd39069faa74fb2334a8db753a71992d493338b1aea3c31a6c98467584bfbc0f20ffbad6f08674418b72421fb435bdde0850cdf1af980d4375e745f85e076c3a3dbb8999ce82136dd0c505870bf9defeccf3017f8dda68b6d0693a69ba1059a12e53b8eb18f53e8fc05cf9d6d7254e430d9513299d86ce7debfdfa1e57264cabccb06d735f4d971b9b9ca0e8feddb6ef05af11f03673dfee194d3c73fe2dce4623ea787dccdd11c22ebb9f36c2beb32c55ee3c16b2ee21eaebe6b2e2a0dc896369526bd8873ee42df5fbdb76f4c05f131863f0f0a9e1397ffdcb8cd06eda4a54b964399a3e075e0ed986edebb2fef31f1ef933e8603325f655cc3c3c9e756f47d50e03de9e71eab22ef238f74be2022ef11cc33388243865bc1fc4cc410e5f9f220a161ced302dbb4f99ecc92c161a5a3f340913cebf20dc6556251696afabaf05d0b31ee83503a6815711fe44fe722987507862937ebd13f4d937d7bd98f81e7b995e3b9e93d4e51eb4a9e1d5e5f9d9bb2e69fa741e50750a86ae6c62f2233010040b530818d1e0ebc020660b8e7d90023f49b9376beee0be52f782b8fe90968a6812d2898e90154c50f22812ab6628d98daa74f099e000033d7d29fd65455ffa219cdf49b8d60e78fde287ff0a46bc6a763f088f2737e8248d7789e9cc1c193460d144a2ed3ec63ea4d270000000a11dd6c943c49927235759d8908a00000000020269af001000000404c0450000000001013011400000000c44400050000000031114001000000404c0450000000001013011400000000c44400050000000031114001000000404c0450000000001013011400000000c44400050000000031114001000000404c0450000000001013011400000000c44400050000000031114001000000404c0450000000001013011400000000c44400050000000031114001000000404c0450000000001013011400000000c44400050000000031114001000000404c0450000000001013011400000000c44400050000000031114001000000404c0450000000001053450750a92d2764f5cb7b64969dae04b3d61f91d5af1f90949d0600000070efa0060a0000000062228002000000809808a00000000020a69f2c5ab4e8cf1d1d1dd2d7d727e3e3e3767665d07da096c94772eef2cf64f586263bf78e5cedd92ca3d7eda474c9e2d737891c5f2f7fb8ff88ac7c628e9d3f2897dfd82613764a33eb6bb413ca88faccb5afec84a5fb3865d6a18cf7cb857776c95d3be9bc3fea59b7b3fd7af5bfdb5fbc29974e9c32731d9db2bfb7439ad4be1c6ddf2e3d762e00000080ea54f935508d9b64f55f8fc98537d6cb39f5ba3c3447966c0e0f2c51bfe184ac7ce81bbbdc9b7275bc49966de9b2efae93ba976d3066d773aea75f6ad467163f6617d11e3b204be5406699373e9291792db232bd9e201b3ce9204b2def0f9e00000000cc34951f40056a8026fafae5f6bc4764de423bc335a482a3f472a7e4c731f5a7769113683db65996cc1b94cb870eea29c7f55d323ca402af659ee0e8ab6d8120e8a08ca965d2ebf15ab84796ebe0c9b7dda01ed9dede2eedd43e010000003342f5f581bafebd4cca1c99addbcc79dcbe71c5fecf3171687d3ab099757f9dfab74996bd7e42567b5ea6399f2f38726aaa42cb84a87575b6c85c1ddc79833200000000335af505500b17498dfd6f61749f28b7699ee795ae3dd2c1d36b4e4d95e7fdcbba062a442dd3a36bc27235ef0300000030d3545f00555f2b73e58efc3862a763b8fbc751f56f9dcc0e36fbf3592ab3e7e981208ef8069ec8eafa2eb9747cd0f4d15abe7e9d9d090000006026abb200aa4b16ebd1f8864e7a46e18be1ab2372757c8e2ce93c20293b2bec8afc382e3277c1523b1d1eb52fe4ab6d72e18b3b32f789d7b204517a14be5ee9ed3d2cdd6d761600000080aa55d101d4dd1b77447433b9749fa44d52f3c59b72aee07e47a764f41d3b329fa77f937e6546e153cb1ce997db7ad43ffb9e1eb54f0748b9dc3db1d934f3d341d4ea5073be2b3266aab36a64d99a56330700000040f5aae8df819a11baf64befc626993cbf575ee83e6d6702000000a846d5d707aaaab44af753fa078007e524c11300000050f508a012d2f9aeeefbb4535aa45ff6f23b50000000c08c40133e0000000088891a28000000008889000a0000000062228002000000809808a00000000020260228000000008889000a0000000062228002000000809808a01295925d5d2fcab157d6c8563ba7682bd6a8f5bc28efb7a5ec0c00000000e54600354dd6b66d300151e4ab6bb9acb5cb01000000a81c0450d3e44cdf7179feed0f02afe3f2e5847af3e6849c711603000000504108a01235213fdcd47fc664d09991db8a66793c35215f9e1db6333c46c76452ffb9a1232c00000000d3e1278b162dfa73474787f4f5f5c9f8f8b89d5d59525b4ec8b2463b2177e46acf6619bd6e278d2e59fcfa26a9b753dac8f1f572ed2b3b61ac93ba975f9325f3eca436de2f17ded92577eda4f1d80159bda1c94e28431fc9b94307ed4492747fa90df2f8cdb3f2fc9188002a8eaefdd2bb51edfbd05169ff758f9d09000000a0542abc064a073d3a781a94cb6fac9773e67540a46d8fccb24b38cbfc4cc6d2efaf970b5fdc91fa0d47a46ea15d44496d51c193a880c9b3dcb940f0346bfd11153c89675b6fcad5da4db27a4b975d2241a6f649c53ebf2f32780200000090b88a0ea066addf264be6e91aa76d9269b8764a460f79031f35fd8ef77d91bb17bf91db324766a7aba4d6c9ec5af567ec7b7f6d934f97fce5137364e478605b7f3728d2f833497aecbbad0f35884c0cc8b18b7646310e6e97f6f6766a9f00000080845474133ed374af36a2995d50b0d99de56bc6e75d26aae9dec23db2bcb345e6da49bfa866832554b75cdedfd22ca39f7d203ba61240010000004854f50f226103a3db5fbc99699ad7d32fb7eddb695f6dcbbc37af4556be7e4256bf7e2054b3a483aef47ad2af04832765eb9a66a9996aed1300000080c455740075f7c61d9179b59efe4e61b3eeaf53ff0ecaf08953ce8c7caeef924b6e20254d52fb983bff7b33ca5dcdfdeb9ce972a95b2e3f7f5064727098a1cb010000800a57d901d4899332a2829c652f07068dd89299befbc751f56f9dcc76078cc8d914cfa3be562d73477e1cb1d37250fef0c51d99fbc46bb2d80daacac0d43ec9b0fcb6af04c393eb51f87a7ba5f7c36e69b5b300000000944e150c631e1c7e3cdc1f293cccf94999ddb94924dd072a3ccc79b67e4d7a24be954fccb15356524399dbbe4f72e1b8fcb21401545bb71c7eb545056493d2ffd60bb2bbcfce07000000501255f13b5088aff3dd5ee9682480020000009250d14df850a0b66e7946d7c40d9d247802000000124000352374ca7eddf7e9d51691f37bf91d28000000202134e1030000008098a88102000000809808a00000000020260228000000008889000a0000000062228002000000809808a000000000202602280000000088e9def81da8b66e39fc6a8b8c7cdc2edb0fda7909dbbaf94579ee4191a1cf3e901db2468e3ddd20f2dd5979fec8b05d2286bae5f2fe966619d5ebb868e7cd242bec7171157a7ca65d4a76756d90c753c3f2c9db67e53d3bb7e4aafe38e560bedb7df2e5a1e3b267d4cecbca3ddef6be4afc9eb887cfef4cbee600cd3e5f6b260664dfc16179d2dceb1331d3a26c5aa5fbc39db2ec9bbdf242f7693bafc4baf64befc6263ba10c1d9dfe1fcf4fe4586693790e3892da4ee558dbb64176345d55c7f6929cd1330a7a6e964283ec7b658d348af32c146ffe7626e64d63a2062a21836313eadf09b9a92feed13199347393a56fb263afbc28c7367b323e09d101e2b1aee5b2d64e17e5a2ca94bdfd817a1d972ff5e142348e537cfac1f2ca06d95567a7a759fa9e0cbebcf768a9cfafceccf8b6b746b6dab762abb86b4e3fc0bddfc979ed5b61df4e803977534de30a60d2d452a5ddd5781f94dbe88498bce7cd0995299d901f6e9ab953b4546a55c67ee47a42c1937670bbb4b7b7abd75ee9af94e741a98ea5b96e83d749f03a9e903d0775daa45e9fdd0b853a0df2fcca940c9db7c153c174c0e91ccbe2d3cb5bfad4aa433f2683ea8f93bf050154194d8eddb2ff2b319b617a49aeca909d05cc3c99076775957ae9523bfbc0775f09d5e6988caaadb5ce6cef9a3c5ac6402049bac433fdbd0e0d48ddd32a63309d997014a07cf741f16ec90fc594e8eb562ebdbdd2dbdb21ba6ea869a3feff7ee974debd4715792c553affe5a1cc35f2c97729797c4b11854033c58ac5a6e6e7eb229e794ec1854af90793b8cf6c05c13d8c00aa1cdcd2997c4ce94ba1094583ecdbb244be5509ce2ffb2815282f5bd2664b6530d3e43ebf25a9852da5bae5f2d2ca944c5e381e0830876587dbf4632619bd24bfd425d00fae49b4260af786a24bd575933adb45a0fdad7e9954a9c5515343b45da6b961ddb429650dc57b6707d4316d904767e43deed4ac674fbf52b26b55834ad3070a6f42aef293a6d9dfdbc765cf0d3b2f4a11b5d5676e24541950652abf0f94edbf54632765a25ff6fe62b7842ac803ed8227cf7bda209b752c93cb6f1d10f9d54e69b16d677dcb58adbb0fcbce55e9ad95ad7db1afcf949bf931ed8a7570a4b23ecf66dafcea0c5274b064dba94ea9bf82dbd6d523bdbe88f73cdcfdd2a51e3b564ab87dae6d271deed365db34dfccb6df55dce6d97ee7f41515716e9ce395fe7239fa9be43b4ec1f3133c4ecee71f1e54e7e946b3a78f4bf1c7d3ddf7e03569e67bdb6c7be904fb6971fa15a5ff7f4d1ef5ecbbbf6d75fef3efde3f914cbb7ccf7e04cf49f0fdd8dce39dbd8f94737c6e657ddf2fdff9cdad906d55df35e76c47426987ddbe6ffff35f2f71e4bc863d42c7b2c8ebc95cc392ffdc07af75efbd12fb3e48df7703f280f75885ae83e0f90dde9bf1c4be36cd7ef96b148bd99ec3bd0e8a4fdfe2e87cb7573a16d87c89ce873c35169d47d182f99988fc45fc3c88d3dfaae546b6f73b65bfad11734c4aff5b2fc8ee3e3b69df1715f87db4d0bb4d1d004e53f067ce7fa06f4f3a1f14710ea396f7c8776fa6efb9df2fce9f3605aecd703e2c98eee4b976ddf5654d7b956cdfdd7c36df73d3c36e2bdbfb6eba51fcbd56287beda682d76475a9ec1a2853b2a3031f5d9ae3bc8ede68919d1f76abc39fa1131c1d3c0dea1220bbdc01d924dd6d7601a3465a5edd29b59fdb653e1e949a553b657f977d5bd109e1ce5523b6f448bf8eca606387f406b6575afaa6d317afbe69a32e5e5d7dbd41e69fb755da9f0d4bcdca0d0995b8ea7db19911bd2df795beb98765879df7c9776a5227469ee5dcc4e44cdf800ca9753dbcdc9392286b972f319d4c8f157483ea07b893014befcf67b7cc31a994f6fd59e9444b65d44525b4e97d5709b5f7dce984cbc958d8f7550663e841f5b9426b367442ab12d23acfb6f65d10759cc2a55bfafa71125f6739d344e2d9046a5252b59e8777c6da05f7a96bc75babd320cfbdd22c376db38d7d1726a4f169eff9cddfe6fdbd23def79d7bc94ceb9737336bce895363ebbeffc9cd66d951544d92be1f741f21bdffc9f6c789a34977be88511b3ab3ae39db367f7ecaaeabcce985ba9e5e5257577a5bfa58a6d4f59448b342fbacd0193e777bb619a37bbc63df0786be6e3dc74aad6bd2579ba7b7b758be763faf5ee17bb384f4f5643379e97d56aff264e88a77e54f93ea50b5c8269597685d582f7263383a78b23555727e6f3a9fd23ed09c4c1ec43429ec907acfb6f69e179507eaf56d4fd3cd0d773e7259f69ae574bfaa26e978b7521a1faa6bf0593d38c555f95d44809453dc7b53a77dabc66c5e46a7e7e1b44907626e00e2aeef37d2ecb90f9c74c71434b9db53f760a3ba37df6ff3e78334777d3a08cb5560b2754daeef9eefb9199f4e379ccfd324ba10151c40a908f5a926993c7fc0179df61ced97c9d43259e706472aa1d8b6aac6d4267947d83bddbd3d14d5ea002bbdccc10193d1a85f689325b59e6754183ff8b1b7e4a547b6ab404bbcdb2b25930151379de84024ba0445f3950a5cbc66fa39d52d08df9453779fce8794a0afd6b07cad02ac9a95cd9ee6884e47c8c9c1e1c0433cb7b56dcdd2a882aedf784b7a2e0e98442e18a0e5a61338a72365f8954486406dcf962ef94aa92e9ecd9c4b75fe7f6e4a7dbca5b22a53ae333fa925f26401fbe424b4fee374a6ef8c1900a0f1a140826802dfcc364d738b2cc14e3e67fa9ccc97bf242e58c5ef1c7b37636632faa6b3b1cb5fe277e6d25599540fcef9253f27ea616c9a439cf1dd6ba6894881c73bc309eedc874fd4c3d279d0f9afb9e8e5ca60065c73b9942ebd8849ddcffe6bdf49fb32015d09ad68163322a437c3357a497eabb6173ade31e9674b7aff6d53f3ccb3455fdbfe1aa3a9dd9b79ee83ba5aa951db2c5dbf0ab7e025fbb3b5144e77bf2047d543d90422de9a239f4ed9af5bc80c1df5b77a39b83d932729611ea4b3a345dd9bfd72c0b3add3dd07cca0134dcd81e048d770a56bcc4ecbb06eeeb5a021c142e37c74a1b17b8de81a1d75cd1751a31bfbded469537afd13f2bb41f5196fdaa4d2cca8a6d167facea6af2b93eea8f5fbee4db57d5dd05cd3d4e0d99e5308e2b4d0c9d7eda2411ed56975d6c1234afbdc34cf725b88927cd3f4d3b2fb173a60afdeda27ad82032867341b5d4bd46b3a67da97a9feae915af7ea6ed289eea45c3e1b59e6139f59cfa00c048739378196677ba5626b276a746d4f3189432286e598ca089ad2629d784da12422d46ed97684fc6dce0423cc64b675a991e7a1eb24aaeadaa8bdcf2e1547a6f62cfc4ae0015b97129d8e0dfd3e7be992936188e81c6a82e44212c2943c305f05bea1e0d43e0c820f0c5ff062134e4fe6b624ccc893f7c903fa3b9873efcfe42536a04a4e4e0141fafa765fa639dfd40236730c551062d61d7af8843bcfe77e702668a65e7376fda54b2fe2723244deeb296b13ba293235b7114188d95e51015b305871d248dfb5a99f53deed799bbe162ccf7d60035d37f33cdd35ba85e8f9b55b7ba326748d91ceab786b8dda1aa45efd191cc8d130ae647990566958a0eecd6f4e056ac24ecba96f2643c1d1e49faed8ff39cc77c9d604b12cfc35a7fb2edc67aef9c2af8712dd9b36b0fff652f634dba43bdf5d0ba567efe9e77f3a18b3b554e66731f2e739dca0ac98c1238aa6fb95ba357589142ccf2c153f8884ae594a57777b5ee5fa3da7c4e86182cb16edc7e7d6289826207adf74c253ccfe8d0ecbb72abd7133cd5bd5dfa23a426aa6f43a93a0a65f39aabe31cd4c69b69321d7193f5de331f4e062d96a33ded3c9349b88b89ea6d254c8d724639a0a4492aad5a96c11b5e6654b2f7406cdcd1065b6639a3727261c84985712d79c0e9edc6bdadd8e7e66d9b74b2fd354571f43d39c483d7fa6adb6b648a62b811e4c22d522db764f5f3dce4c91b5563ba7e9b837f3f136f9ce179ca4e4c9265deb55649ea958a655d41a538b9fab55141c151c405d119d1fa8f9e9523b9dc5a02ee92e410d91594f933407da074b57b39a3b2963f93a1614c344fbea86920a8cf67580a7139d229af638d4c3f0bc0ec274a6595745175efba4952e5358e6267ca1e630114c2d4dc4e842a6c6a690a62cce6871fea6029a9308074bffcbc3f64d31fb704bbebea89b4fe8efea6478476f147e2d4c9db34fa5ae8970fa14a5fccda1a681d384a3417e9e2bc339c3ae39a79436533a5cde20d2066f65cae438cd626dad6e1938355ec5a5db53e5f6e50a3781aa64bad58ccd2bf49d92cb3aad71f32f7dc332a2fea4bb0c4429591ec4698657f3c8ba4033bc5659f7484df63e5a15aeb0560b25bc374d9a99bb76dea43b26afe3a70b8efdfd52dd26df4e5fd1ac8503750df2702a77ad57c95564aba8ca56c101d469d9fdb9baec1a3be470ae529cbedd72d2b43f3eec1b34a275f7fec0201279d804af69a3f7b71bdc76cb27136ca7e9dc50ce6f1d545eb305e7211afe3d0727a39227b032cd8274698b1e98225cbd1d873320855ac7946be9cadc844f6dcf6d0ee93ba72a914a4fbbb5744f7b87ae77fb4e0d14b44f4e53816679c99320af6d5b2b6604aab3c9d5d4999a171584861f044e06bb6e95da879bceb9d7fbd8b8aa59ead47b89fd7e847dd845f7777183fa35252ad57682f2e71e744a39a7bdb3bbed0f13bae6f47ebaf7cf0cb8e65cee085bde3e6da54b2fe20807e43a984eaa095fa6895b8c9fbac8791fc4130ad874e9f4949af015cad656171d8cbb4db8a65e406606aa0a36cb0b32cdf4466458e715ba3699d17e334df67ae4a3f393a181abf4c012e9e912e6417a0654de295003d6ba7b9b33ead9d162c6d7d323f6fdffdbbbff982ab33b8fe39fc9264b2c3f06891d885ba9026d5a4cc7c12eca1f75566d2725c4cc0f649266ea3f4d613719abd99db6fa4fd1a0fb8feed64db44cb29166feb1cd6e443b9db80433299871ff50d991388db4d9083ab54ba16b90e1470d4d36b3e73ccfb997e73ef7820744bd17deafe4ca3de73ef779ee4fb81fcf39df1b2ea38817a178dc12bf5316162696f0bd995867182bd0f0e2ce6dc976e23faf5e892e7b307febedf132ad614a99f29d61a944b0be7481bf8f1f857d6c9245329ec8cc1e5b85efe9bc9e9652f697318f95270f6428651e2ffd995ec63cfc9e86d9a97f61094f5ba526baa83328491aa9d99aa9d4f963134c99b095aadcda00f7072bb5ecb7fdd01656be4afc6ff7dcbf185217193e54c63f90f6c361e6b50af1e3daa91ef1ff810f3fe46428696e243e00a58bdfeef03e479e166381f7ed6971d3609232942c7dd8e3e8fd38a53d7ff1e7ce4d6b586499ec4c663fc4cef5dc872333e1eb37f13c466e57f0f8642a5b1b7ddd677afe9d0c8f67da639eb248d8885f6ec5b7f1103c6fabe7bfde9ccf5de476fbbf0f3ca5ddbff4f770eebde632bd06e6faddb434bf2f7c9ebbb4fb6f2e3b31b6c9abfc79dc5cbfc7539f9bc4d424d774520a0d25ccf73ec8f4becb20f536d9c7f086569b00975e4e7e7e8b7e1f647a7f7b4b3c568b7c1f45243f1764f8ec11ffcc109aa33c73fcf34c8612e50ffb0c9256e63c29764cf7b96776cb7879f2cc9f81328aec2ba518d752cbf4bb39ed7deef9f7c0e3bd99e97778f83a4c2fb91f7f7da6ffcd8bdf2e9fd75d789dd4f753a6be984cefdf85fcdd5cc4ef82a5967c9dcf59a63ffb657f80424e0b7ee92ce2c3040000b9220836b61cf8532dc0805c3757805b7612a13c870354d61791400e7b7e9bf945207df81ee10900b07c557d363f67d717215b3ca5e2114f41506adf8e9a2e6a4a697660040a4b6e76dac7a34f9d00000040ee9b9d821a9f529a7b085000000000e089297c00000000e0890005000000009e085000000000e0890005000000009e085000000000e0890005000000009e085000000000e0890005000000009e085000000000e0890005000000009e085000000000e0890005000000009e085000000000e0890005000000009e085000000000e0890005000000009e085000000000e0890005000000009e085000000000e0890005000000009e085000000000e0890005000000009e085000000000e0890005000000009e085000000000e0890005000000009e085000000000e0890005000000009e085000000000e029ab0354d19e6ed5ed3faa3cd7ce0679f59daa3bd4ae22d706000000b072300205000000009e085000000000e0890005000000009e9e292f2fffb4b1b1513d3d3d1a1f1f77ddd9c1ae81aad6395d19784175bb2a5def946e77346974d835d5a2f587764b17eaf587e73a55b3a5c0f50f6ae0c85e4db89615ecafc2358c11739d3bd75dc3b16b9c66f7618cf7a9ff64ab665c33bc7c34b2eff0f865e6dce4b563bad9dd1bf4869a75aaab5195e6b69c6fd8a70ed70b000000203765ff0854c56ed57d6d4cfd47ea75c59c06860ab4a129bdb044d9ae6ed57cf1376ebb63ba3d5ea9ea3d2deed21d2addefc298dbcf958e3ee59bebacdfec36b136b7ab4aedb3db1c39a791e25ad524f713e7c2930d5966fbd4f00400000060b9c9fe00151b019ae8e9d364f19755bcd675240c997094dcae570fc6cc8f92f230686d6ed286e2410d9c396d5ba1e156dd1d32c1ab3a128eaeef8d85a0d31a33db24f713b5f6a836daf09472dcb80eed6b685003a34f000000c0b2907b6ba0867fa7691568959d33173179ef963b179a38539f0c3679cf959a7f2b557da85b759153309d2f251c85235569dba431fb6aae55a10d77d150060000006059cbbd00b5b65cf9eeecc2d8355189a979915372f4c886a783e14855e4f2013b0295c66cd36147c2e69bde0700000060b9c9bd005556a2424de9c1886b7b98f9e3a8f9b754abe2d3fe52546955b12d04d1995278624ec3adba79613058a3b5b17e87eb04000000b09ce558806ad17a5b8d6fe862a40a9f87eb9dba3d5ea00dcded2a725de96ee9c1b854b8a6cab5d3abf6a5b9be57fdd7a654b8e5e01c21ca56e1eb5257d759b5ed745d0000000072565607a8997b53929d26975c93b45bf9d78ee9ca82d71df56af4a4abcc1759df644fb355f8cc369d7d9ab455ffdc65b66a9f0d48f399e96e0aa6f9d9105597369def96c682e1ac7c556fdb1ef400000000c85d59fd3d50cb42cb2975bd56a9e9abc7f57adb25d7090000002017e5de1aa89cb25d6d5fb75f003ca88b842700000020e711a01e93e69fd8b54f0754ab3e1de77ba0000000806581297c00000000e089112800000000f0448002000000004f042800000000f0448002000000004f042800000000f0448002000000004f042800000000f09473df039557dfa99a2da31a38b25713ae6f6176a874ff416d28764d63e442bdee5c778d25d1a2f58776abccb5a4c147b8bd00000000b2c58a1b812ada63c293fad47fa45e57dc6969c393755a77dcbefbaf4db9be4c6c98eb56dd9e16d70600000090cd5658806a51498534f29fad9a713d00000000e06b6505a8b5e5ca77670100000060a1b27f0dd4daa3dad85cab42d70cc5d714c5d7354de976479346875d33c1ed6b7a9e354fe11aab02d732c6fbd47f7276c4aa684fb7aa4b52fbe65b9795f1b28cf76956a63559db0f9fd581adf99abe7a5cafb75d72bd000000009ea4ec1e81dadcae3a177812eb95d2d714d9820d07b5e6bf8f25b7b97261541b9a3b55bad65eeed6191d3227175aca76b9b63ded3faa3cbb99658e57a5f6d9fd1c39a791e25ad52cf51aa5e156dd0cf67f4cb76d661d3a1739e6e3589305000000602964718032c1e76b9541b8982f50e4d57f5365e37dbad5ddeb7a8ceb9d26981468cdf33b4ca357a3275d38e9e8d3a4e9b1233cc9c0121949d2f5bdba19dd8f4e6b6cc8fc28299f0d594fc9a5b6d7d5d0d0c0e813000000f014657180aad2aa621376064ebb7666796b0a243b4a9418510a4ee174bec235556e2b5f91d12a77aaae70170100000058f196471109bb4e2931a2143d9d993f7ca54aaca3b2ebab66f7316047a000000000c0c8fa0095ff9c9d86372b18718a98b9372515972cc114bb70c46bf25a275f780b00000020a32c0e50e1faa3c22d4d2a723d4105bcd894ba99ee8b1a51a5aaa3c52016e5961e8ca74efbcb78bc58604babdab720bd7a30667e54bc90bc8f73b155f8bababa74f6f076d703000000e049cbf232e6a9e5c927af1dd3cd3f36a96e976225c36d25bedd2a73ad508652e60f2b631e2f2f3e744efdf7bea99a2ffe2652b63cf5360515f4065e48bd4df394290fee434aa18ad8fe0cca9803000000d929fbbf070a00000000b2c4f2282201000000004f00010a000000003c11a000000000c013010a000000003c11a000000000c013010a000000003c11a000000000c013010a000000003c11a000000000c013010a000000003cad8c00b5b34d67bbba74aac5b59f80ef34bda177bfff864e3c6f1acf6f0bcebfdbb42ebc70850a1e93968d7ad1b5e16b9d4ed8d7cff7b7e93ba695f2da020000c013c508d46332383661fe9dd0fd51f363744cd3416f54915a5bc20fc2f1131f8c91ea13dd0f5e4e631a343fc2d7160000009e0602d413343df6893b17f1f165bdfae39fa79cdefac85d06ccc985730000003c5104a8276174427cd6c552f9e05e86200e00008027e299f2f2f24f1b1b1bd5d3d3a3f1f171d79d45ecfaa51fd42adf3535d1a7e3df3aac4bae99d4724a5daf55ba86347df5b85e6f735b05fba8d6c03fb74b7f7b40b5456177ca36cef6c36775606bf268d2d079357cafc33596929dc2b74b5fbd7f59af76de757d71e1365f1abca06fdfdba4775f4aaca19ad087672ee8a84b652feedca5b72a6febc4e909bdfafd6daa08bb35dd6faed71399ee65d76225f7614cdc30d7b9a90f5c335c6bb34d7affe77a778dd9678d7ba07457bffcf165bde35adee2c7b3e2c72cdda89fedd914797ee3b7c943b08f0dfaed1973ad97cd639ab8d976742ff9d8667ebced7aa25756bb6306b757fae5fbd22bc1edb6f7fb8ebe123ca6a98f79727f8963cd71f9c39e3b2b78fe928fb59172bb17aa59a7ba1a55a9419d6fd8a7c7f1ca05000058c9b27b04ca86a220f834a8a1213c9dbf57ab03ffd6a6ed6e13cb861e1b9e067f31bb5dbb76ab6da7db2090afda1f1c50c9afdc36bf1854fed6032985259a7fd265c2d388f9e099d8cf790d5634aa2b76bc272dbf6657f8c1de4df1fbe5c745faeacbb1620c459bf4960b3fc154c0f7ef9aebbda8d6d2f062fb21fddd979e351fde1353052fe84385d7b18509a22a5e7a230c6489ed26d6e9950516c0483f9ebdddeec2041b5882e013d9e6beb94d8b2a34611e933dbbb4faaadb97b9fffafcb645ac2733f775eb98b9ef9735a467f58d964dba6f02cf871366ffdb128f810d9a61384adcee57dfff24387ee2f14e78d8736703dc5b359f242f7fd51ed7dc6e8a6d00000064a72c0e50dbd5f6f54a4d5f6dd7e11ed765749cefd37451b57624c2d1ce36eddd9a1f8c26ed3bedfa8c4b6dfb52ae67d98095dce6f48d60417ed95a178dcc7ebe5961b789feaf7d87f699a0a5e8f1969afdb09c524422fd4378302a1319010a8a0814956876bccdb2231b91f55341e18a22ad0ef6b54eafd61469baff83c8c8c7848ebe77c36cb34e5f89870c3b02921c059ad0efef9b1fab8b16f0813ed3f1e28ad4ba755dda36ef5c36b7a96883fe26fe18781832e13179ff3fba63029054ba2632b2e369e86ae2be1729fffe8db4fbf0e2ce4daa30cfc9bf4647f73eba1184ac2f6d8c1d6fbee7ae74a3bef1797bbba3a37b77f5960d7f8b7c0c82d76c10fe197d020000781cb2384055a9c47c16b5a3445d5d5db3a7603a5fbe4a12e9a1b2c4b4a63570396d52dfc204fb19d48d48080b04412b72bca596564422757a57e0fe44ca94b60f7aecc8477c4add27fa7df47aa337f56db3bf20509416a9d404a1dfde8c556f1bbdabdf9aae78c88817bb78a7d3dcae854cab9beb78299eb5992c1ca18906c8603a5f22f83d0da9c5193215fea8b42fcc60c42f72bb4df0b5d3f9f24b9e755b39f33d77a5f6357757bf8e170d09c2dfd37c0c0000003097ac2f2261479612d3f2a2a7e8681372975da7951a20c353d657220c4696d26ff7e2d72e0100002017647180ba253bdb29ffb355ae3d87413b556d09468882fd546a53fccb765b3699de698dd9f97eb92aa80298617a59e93a7dc9748dde9b6fa468b1e2232845fadc6a7736107eb751da884d0ec83c85721182699619a6503ebf3e285a419972000080ec93c501ea920effcaa4968a469d3d3c4f09879ec3ba382455be7636a568c4f6c3a76245241ea2a75703e67371e56ba7d4ecba828a66b6b2dfd0c5b4f554b9e5ae7efdb19d2e375b54c2069ad69737297fe286de5dead11e3735b0626ba21042bc629d35a1a357c3420f3fdb190b768f45fa5aaea002dfe75d63013ee8b9a121137c5e79d4420f89c7e9a568218f753a612bf67d9cbef6ca8fadc267a7bba6be1f000000b034b27b0adfe97dc96a7929eba06255f13abed7a0e357a5da1fcc6eb357e716187a4c60fb5683ce0f55aa3179ac4695d929848fa58cb9935644e28d45548e7b38bb8ee944bff4d53d91353bb6a4f7424b867b31e1e8f4650d25d70985d5f14ef49bb410f591397e502d30b60eea3155a07ba7337a9bded037c62ea4df262f77f596ad9697611d545a019079d9c7c956e633612cb98f6d2ab5d31a173d15301cb9357159d5db9e66ed48000080e529fbbf070ac0c2b8ef44cbf43d670000007834595f4402c04284e5ffa5415d243c0100002c390214b04cd82f82eeea3aa05af5e938df03050000f05830850f000000003c310205000000009e085000000000e0890005000000009e085000000000e0890005000000009e085000000000e0890005000000009eb23a4015ede956ddfea3ca73ed6c9057dfa9ba43ed2a726d000000002b07235000000000e0890005000000009e085000000000e0e999f2f2f24f1b1b1bd5d3d3a3f1f171d79d1dec1aa86a9dd395811754b7abd2f54ee976479346875d532d5a7f68b774a15e7f78ae53355b0a5cffa0068eecd5846b59c1fe2a5cc31831d7b973dd351cbbc669761fc6789ffa4fb66ac635c3cb4723fb0e8f5f66ce4d5e3ba69bddbd416fa859a7ba1a55696ecbf9867dea70bd000000007253f68f4055ec56ddd7c6d47fa45e57cc6960a8401b9ad20b4b94edea56cd177fe3b63ba6dbe395aaded3e22edda1d2fd2e8cb9fd5ce9e853beb9cefacd6e136b73bbaad43ebbcd91731a29ae554d723f712e3cd99065b64f0d4f00000000969bec0f50b111a0899e3e4d167f59c56b5d47c2900947c9ed7af560ccfc28290f83d6e6266d281ed4c099d3b6151a6ed5dd2113bcaa23e1e8fade58083aad31b34d723f516b8f6aa30d4f29c78debd0be86063530fa040000002c0bb9b7066af8779a568156d939731193f76eb973a18933f5c96093f75ca9f9b752d587ba55173905d3f952c251385295b64d1ab3afe65a15da70170d650000000096b5dc0b506bcb95efce2e8c5d1395989a173925478f6c783a188e54452e1fb0235069cc361d76246cbee97d00000000969bdc0b5065252ad4941e8cb8b687993f8e9a7f4bb52a3eed2f45955615db42109d298527e634dcaa9b170683355a1beb77b84e00000000cb598e05a816adb7d5f8862e46aaf079b8dea9dbe305dad0dcae22d795ee961e8c4b856baa5c3bbd6a5f9aeb7bd57f6d4a855b0ece11a26c15be2e75759d55db4ed70500000020676575809ab93725d96972c93549bb957fed98ae2c78dd51af464fbaca7c91f54df6345b85cf6cd3d9a7495bf5cf5d66abf6d980349f99eea6609a9f0d517569d3f96e692c18ceca57f5b6ed410f00000080dc95d5df03b52cb49c52d76b959abe7a5cafb75d729d000000007251eead81ca29dbd5f675fb05c083ba487802000000721e01ea3169fe895dfb7440b5ead371be070a000000581698c207000000009e188102000000004f042800000000f0144ce17bf3cd375d737e6fbffdb63b07000000002b4f32409dfae929d795d9beefee23400100000058d198c207000000009e085000000000e0693640edf89306defb1ffdde9c067ef47fae130000000090301ba07a3fa3ea97ff4a9ffb97d5d29611f57ed7f5030000000002e953f84c90fa8f21e90b5ff9b3eb000000000058ac8102000000004f042800000000f0448002000000004f1903d40f7f5d24554ce9df77b80e00000000c01c23503f2dd4e75e2ed073ff60cb9a4fea9f5c3700000000ac641903d4dffd68cc04a719fd972d6bfe72a17ee8fa010000006025cb18a0aad63c9086f2084e000000001041110900000000f0448002000000004f042800000000f0942140fd597f5d214ddcfb0bd7060000000058b3016ac79f34f09e2d5bfebffac2d06755fd8f042800000000889a0d50bd9f517550b6dc9cfefe2f5d27000000002081355000000000e0890005000000009e9e292f2ffff4cd37df74cdf9bdfdf6dbee1c00000000ac3c418072e70100000000f3600a1f00000000782240010000008027021400000000784a59039557dfa99a2d05c1f9c96bc774b3bb37380f0000000098ab88c4daa3dad85cabc2f13ef59f6cd58ceb0600000080952cf314bee156ddece8d36471adaaea77b84e0000000058d9e65e0335fc3b4d9b1f856baac27660874af777ab6e4f8b6b03000000c0ca3177805a5bae7cf363f2deadb01de8d568679f262b76ab6eff51e5b95e000000005809d2d64015ede95675856b0c9dd39533a75d23aa45eb0fed5699a674bba349a3c3ae1b0000000096b1cc014a7305a75489b03572a15e77aebb4e0000000058a61ee97ba026ced4abffda94ca76b12e0a000000c0f2f74801ca8e40d9ef8db223503e23560000000090cb327f0fd443d96a7c07b5a198355000000000568ed808942b537ea85d45ae278dfd92dd43263ca94ffd47084f00000000568e5880aad2aa6277362313b09a6a5568abf39d6cd58ceb050000008095609153f80000000060e579a4221200000000b09210a000000000c08bf4ff1eee6ff7820926420000000049454e44ae426082504b03040a0000000000000021001c5d564cc81b0000c81b000015000000776f72642f6d656469612f696d616765322e706e6789504e470d0a1a0a0000000d49484452000002250000005b0806000000acdaf573000000017352474200aece1ce90000000467414d410000b18f0bfc6105000000097048597300000ec300000ec301c76fa86400001b5d49444154785eeddd0f5054d7bd07f06f4b0348c014070747d420be5037d88868c43a05ffeb24105385a4459a46e94bd5fe51a70ee6a5453b2fdacc333c3bd6348d342f962655b4056c08684534082995d420a4d2b5f840227f1ac61d770294002fdbbe7377cfc2dd3f2cbbcb2edcd8ef6766c77b7771f7eedd73cefd9dbff733ff144044444434c13e2bff252222229a500c4a8888884813189410111191263028212222224d6050424444449ac0a0848888883481410911111169028312222222d2040625444444a4090c4a8888884813189410111191263028212222224d6050424444449ac0a0848888883481410911111169028312222222d2040625444444a4099ff9a720b79dabcbc589a7f2e58ef722de68c4da04b9837a94c765c220f7d46cff6e0c4c3d68ad2d47f35b6530fef92f18bcd9235f0842c0dc18dc139b88298b13317de102cc8a0ac33d7db5287fbe1d09b96988947fe9bd71f87e7ed278280e0dc7e4cea8d4e73219d1cb13111d2e5f1a4f5d45285eb90ffd72d7b5cd98df988d38b93771464e238ec4b9bdf80a968e3d61deddfc525669c9001a5ef8121a8f0fc8fd91e830b3b41049b3e5ee880ca8d9b60cadd572d799a81d5874762b6203e4fe28da4e66a27a7fbddc738669995c1b3d2891fa0df5f8c38e4c7435c827ac929ec7aaa3b617f2fe1e033efcf3795c3b948beeeb960ce490d14d0368fded2ed4ecaf924f588cb9403019d0f0ab1771e395320cf6294f8421382b1bba27d662b6083e8245e6320df4a0f37fabd074783fba6aacc18ae0e4bb78cd5fdf6f9c181b0bf0f6e603e8379fc361c1072e61e38608f3f73376b4a0f94c2e9a5eaa95af0621f0d11dd03dbb1971e24fc69b69a01def1fda0efdf116f9ccb0e0670bb122538770370bd7712382e7a6937b70e505db74a208f8da4f91b46735a607c927c82d3e2fabb462a01667bf9c05a35d9e74303f074927323053ee8e4a4983a7f7e3ea8fca60924f0d0b42f8ab7fc4234bdd4884263d2e3cb50b86867687f709c87c0549bb93999669546e77df0447c423e1e914b9e75a705804a2976620f53797303f2b463e6b272008d12b562358eefa42ef8d22943ebe4cd4f6654012be06337f272ea2bbd3a09b650948140141619819978255af5ec6aa9733e097eb941fbedf780a8fcbc017be26779c11df2f7c960e8bb61d43ea2f37cb7338804111a4343c928ef2777b9c1470fe151034030bbeb9d9c939cfc0ecaf6a30205104842136732b1c63381da67f7da20312a5269d8b46b9f769e1f3b24a23fadf3d3f7a4022847e3dd5fd8044a1a4c1f44d080f4944e8ba19f2492b51f928ac8051eeb962ba5e858fd66f8663636922663ecd8084dce3d19892f0a953e5969b44628fdbf52222a3e4be1ff5d61dc1ef37ed43f74df9444832a24f1d46d203ae7342e4f21ca4bc61bda89237262fce46d27f26cb3da14f0fc3964db850375a33f3780942e0a7ae409c8a8010b93941ba4af6ba6edad7302d9755dee9c1b59202b9ed424806ee5f1526773c3103a10b831091be1981f29921e74ee0da2db93da2015c7bb31951eb74725f4d64becfc94da251f87fa06b800e739e7696507dc7d45184f2ad79b2bbc622f807fbb1d4cd0226346107e67dc3be86409e98fe98a8eddb9cef1618b6e6e2aa1b353bd21e254ffdc1aeebf1ae370e6595d78c55e83c238286371ab1a9d1c5e34f39983f96007c4e2a66ae93db43eac567eb5db77c1a2bf081712d6227624c19dd55fc1094185073a8085d724f11bd708dff5a224ceda8ddbfcf76ec83a82dcc79d493410d4188cb70524320f705c5237aa35d60d75780a6e3a31466a439a69e5a5cd86a97a7ee4ae35c568d81f18fe7d11bb515d1f3e5137e1386f9e919727b98e9b5225c73d1f0d976ae08f76c4872d27543e419df07252248e8b51f6738772b56f969e0586f4dbe6313f3fa647cc1d3dac2ac440d37dd7e3acc49582db786997ee1ba30236d3119aa509e910583b51bf46e36ce6595f70cd0979c073a8ee0ca43093895968ec29d075079ba16ad86019f07fdc189698e65a1a8607c70413529c0460b5a2b133127f153d7474a1ae4f3a0c474bd16c671ab1a1bf0fe71c77ed6e0f90f7a31c03406497b479879631285c2e95c943cf9184ec4c5591e2bd351fc5c3eaedeecc1a0fcb331f1ea339469a5f26fd58f6db2f6a7cc443ab607852b13c4f34b5078b41ebde6ffe71f01f7c7389ef7be62748d305272b0ab5ed45477e194f9f8c4713fbc0c85e2fb36a8abae5aa14c31af2cc0d99de9c3c71ba75c2076a1fc743dba34da1cd47db30a95cf65e1d49765daf8f263283954866627d797eeeb0528fbca76186d0212f17b58d39578149fb64c62ee3abd7de839f5a3bccefcb278af3294ef946979e51ed476589e57ebef10bfff4b7b50ac4ef3e2f8ac69dedfa7d4d3b2aafb7a11ce3e633dd62538b53317b5d7c571f655a1f43bb62d2eeeea6ec847b1357feeaf40a7b3e3b9751e9d43152f11845cd763b0a2009d3959a85926d2e0a603a8518e43fec59805e8109b152f7786f5feba146d725bcdd4781eb797a7b83d6dd88157794b19842dd38ccd430ecc16efa9cc0c2c495d229e13ef955d36746ec79c76c57bb755e6a3f41971bc0fcbff2fd26da1480f3575ede87776bcca7475d5670d3d0e59a64f7789ca75e953cb2ccf29e5e0fe22a779f45f818f839201bc5f9c377ecdf53df530381988173ac377f351076f15a164d9325ccdc947efd44d58f48ea5ef36f5e76940452ef422d1177ebf00cd6368eaf6fe33e2b1aaee2dcc4c92bb2a4a137cf9936b2d3391ba94a60a11d8bcf4ac28442daffb45e41c84cacd6103a236da2eb787b59dd987d32b33d17aac19e1ff75095f55beefcba93095884265e563385b6dd04cb74fef8d02f1fb2c41cd7f3763da9ee348bf58878da5cf233844b9409c87212713179e3c82462d7577888253ff6a264a53b7a3b32208334f58d254d2ae19e815816aedcaeda8be31dc8465acdc87d2b403e875679a8510b9e1153c72d4f900f1b6d3bbc47bed81a1423643748920e8b06a06870896af1e1401f7da2c7c38650b5614bc854def5f469c32fbc5d8827e9106f4a96b5056e238b5d4773c2bab3ac585ac346d1f8c7f4bc6fccbe25cbe7f09494f4f45d7bf8be0e4e1ede8f6e6408d65a8dc948b7e6bfe3cb913d5c71cbb3bdb6a4a5d577c1a0ad09ab60ca70f56c1e0a3133673fd564cb61f682d02a826870a8632c0b51ed356783726cffbbc1581a52f8b34e36c2ca0a91d35d96b509b2dca53f3fa54e2bdceecc1950acb557e2c69d752ae2e43f57772d1fdb778c4feaece5c76a51765e3dee67cb43eb54e04d9b9b86abf00514236d2dff9a9e339fda419577e948e0bcf88f7ab93ffa9cf20d2c23ed466e4a1c97f1940b37c1694f41b5a70e56026f427c7b1adfec6552735ff6484faa81b4619eca7144496827a0622bf9d3134906bf2dc0c3cbc5bd626ce1d1019a0c8792d671463fd8c80a0184c7940ee58dda9c0e5cdf998f4e34b22b3ec50653e51c84fc085b3ff03db1caa14f0d5e2bb98bf4a660e921787998f71f2e26d88360fb26b8171db4ed468a10b41144ae5a2266afe7d66e810392dc87cacc1b3d36ca74c5fcfc3b5e37ab933d106d0787813ae1eb6d4c20277ff104b6799373173c30e4bd3bca8ddb7890ba2752072f8f2e7cd41cbaa03aa595466ca62739680467998d7a891c26363708fdcb6ea7d6d3b6af51bb14a0419b18faa9af37b3e9217d601e87fbe05fad795733515931e88b14cd50e08c3fcafaba773f7a0f7b923b8ea87daa2c765554f05eaacebc8242563ae32b9252008d3133623e5947201b5bce4b19b7f7128bf4ceffd05b6b9a505adc5ae1623b31ac0e0ebdb7141fce63e690d0d4946ec37ed2ff8ede87ab3d67691426580ab21153a6f16771a6bde1269669a4883b65af0d71dbbf0d1fa52731010aafa6d3ee91bfebdbd4abb7df5b8a0746dcaf56c42bfbd130ba22cc71c18998c153f906371aee743bf5954aeeccadac0f0784c592877ac5edf8766d3162cad1381cdd91cdb96e69b47705d0652ff4ac61e9454efc385b838142f7b0c4de682e66ed1230af51fab06fb2561cabfc94d69a62e516e09a2a679b9c43e3c1e8d9f3ea3b10aff78e2874812a567e0dc4df242af9831e1d34c95d5572fe70ccfea085f9da8ca8861885c689dfd508fb6d7dc5b1fc19f9a4a8e0cff3e22adbb3affca05450b3d4ffd754770ed9875b04422a627a92e2e012288b5b6ac2903914fda0faa189bfe77a3f0c0ee64448a0bc682cd5b8703e2b0fb2c03c97baa71e3a8f533db61cc11b5e011638332dcb921377dc1dbb24a547ebaad69e0f503387ba67da8e522202a0d2b0eb8b7268a83d90f3ab42c062c7cd076cd9aebe7d1e9c14231a66359b878ce3717b2d8479d0cfe3f5e800655a6340f704d5fedd50057ffe4ad2af4476563c5f2081104acc65c5560f5b910d7635e464bbb4dc7f7aac65ae910aeb39d7a1d1cbb60b82cbb998f6bafd48fbecaf4ecad78686f0aa2c5a105ce5a836976adde1fdf726c65bedb8d3d285156491435a8f5170b11bd410b8b0fddf64d6bc0ad52b49e5197964ed6ba98166513d9f6bf528426b9ed16bf7d86a875245a33631816ed566a73e2bdb71d44e25cf9f404692af9852aa326e3befbe5a6342944b5bec4e972cdf5abf6b76bbd90e8c1b5827c5517800ef7d9b41c8a74a00a4c4d27cf7b966647a31a641e10b719f3942e99f03598b36b840b57470b7ac7eb37f64959d582eeec75287c266f68ec53f8ea2d88f4666990f0142c3f918de048e584890a84b2826f966ef862a898bbd5dc3d606da95affce6524fde615446f4b11175df9373606d07be8846f7ed359cea6079f178188350fb4a3b5da77035c7d95b72627c50f9599b1df38880865b9fd752f62d1ea517e24576977a016cdbf5007f04ed6118a88b209324dc74ee0da68697b4532742e4e9fa97bc488fdaee5b3ee9bd0481d96fea7c82ccb7d9340dd1232d936039be9f1b10faad79def9eb7edc74d8a71b2eaa69d8e5a189c0ce81b89ff3e23115354f7bd506a731bff5487f4efc53b19f3e17f81d326cb2d030cef7952f054e08e6f2bf21e8bcd3c8ce9a2d665367f33741996ee346363196ebd67ded49866dc392337ddd1510fa3a70d7c2e04cf530f320f42dceeb7b0e99dc348b4064661abb1e82719960b6a480442f7669b6f49a0dc22a0a1a402ff67f92bbff2b8ac7a6081e358809a23685cb904c547457e1481df2a2fef993559a4a98d17eb44c07119e97b5763ba63816623345c598d3a194bbff722d22f8900e5e51d08b60f4e3c2c8746e67c7af0e0b132f3580793c8035df1c95e0f70f54fde4ac69458d5ef1a128fb5a522a0fb49caa8e7d655da353554d9ada61b83fb46fdc1cb70fb6eea3c1827be1de81a300389df56357bf9db6c1dee959b6abded632f658d1f58efe7e2895af47ad07eefb7cf581c3331eb05f4189c34570661b2ce5a2b6d47afcdc0e42ab4aeb41d8d7e41d5b563ee279fe89a42880ecb5fbe64a9a98a5aedf4a67c94a42dc1dbf53a4cb3ef1fd682ae66bb3105b6b3679487ed0d176f63d0872d1593a2460dab317d5d0ed295c1dc7fba84949401341ecac2a9b47cfc63f16a877e7ebff1a4ac128154c2de357247ad07fd2f65a1dcd9c0c6f110200294e55bf1f8d9638898ab0eb03c2b875c713a3db8230fcdb53db8f6662d229daee0ea26bfe42d112c8c9e049d7295760d1dded58e3eee988884f1e9e6dba04408989b38c23d4644e173b20c9d72cf2782123133d3b1b6d3af6ff6e3a8fd4f01714ac62d3054eb68c6c7727348c846448e784b5ee56ea69666e9911ea9496ed6667de57a1e4ae4b45735653a68695a827994fc274f14223533463b8bedf554a0444e2d7494015d9df3736b79b8733759f705b8bb9cb8325dfda8084696a4a3f99c0e71053958304dbe364e3c29aba6af3f8c54a5abc559b43fc2c0c6f112109688b5fff3a26a50a70f0b00a7d3830760fcd936dc30a4619e1c403d163ecf5b5e7e77b7d32ef995cf8312a50612eaacbb76a01637df0bc224b9eb1b4198b7d1496de7423d9ac7189584dfaf1a60eab644847ad0863b1e9f319ebaf4f50ec160c03745c13514574cc6249b00450f6393b6068d345516e3b311eabee701341dcb32cf9032df45767e0e129e98a19d804430569762d0da45f6f9a976c7568d3b1a5b08cdd451815265babaf9eed24198bc7707e67b332663ac3c2cab94ae96c7cf16223add49eb8032b07122675fd90cea5c8d29de0e997162e6ba4d8eddbe0d7adcebe500d761dacf5b561151de9d50775a0ec996ef831265fef86ec7fed5d6c23c74cf8af079b742c05c392049cddcbce861b37f5f3d1a5523fda7cf4bb40d76c4db39c4391f76d876574425daddffc5b5f1f88cf1d38ea6dfdadd2b252403b1df500fdc8b42e817e5a6d47bae6ac267d80c5106b3bd761b8193875b67ba4a76e1caa1e16eb6e08d4988f6b226e61fedb8f6ebf3f86c980c4a8266e03e9bc0af1d864a0d2df53f508f0b5b775a2e42661998edce6df1fdc2cdb2aaee084aab2dc71b10a68c4711b5f9a21c84da1566a6fa168f675f19decd1b65f1b40111bca5cbd7cbd0e6e287bc2f529683eb96618e2f833c11f0dc6fdf221db211d3178eed77d37ede1a16a05be01898d9ff16860ebbaed3144cd5e8ad94b4cc0f418923652d8eba17ea113cc37edebb2f04216e97fda0b501185fc8777fe1191190943f95850e75a57d6e9aeda264efb6385c3c4d03b6814f60560a62e5b65bc6e333c6497f5d013a1be48e590c22f2b2b1c06680601074abec06ce9ddb8bea33ce174aeb2cc943ad8ffac6ddd15a7804c6be44840e7523e871ed67768156807a2ed4c4ebadce479b38efc30b06c6207aa36d73bbe9a503a8743aef565cf08ee543efec253f31569e705cc25e431722e765d500ba0fda9627ca1a42ebcb8f5b667658cd8df26cb0ebad02546e39e27af1b4ebf9b876546981515edf83ea1d05232ed4683229ef1383c86fa5f8b8f21784798fdbb648dbb6807a43fb79cb465812e664a9d3440b3eb2efe51db01b519729ced144b4007eca79149474b57b3ed84759b1afecabfbccb5fdd0fbfdd4941530034b8f94608e7a9adfcd23b8925de4b266a130f7673e9985eec587916073b3ab0824ee552f8c54ebd00cde7643355075f9f358fa84a741979f3ee3cea0e3d80e3f525639acdaa79a861a128fc81327b02ac1b1d40a5eba0d73ec02c8deec2d387bb21e9df2e238d8d78e8697b270c59482459e76557d22ffb53180c1512ebcddefe6a2565c8c94d69c499fb73ca7fc3f93dd2c86fe73e7cd696af056196ebe2d9fb46a31e0a351d29b53e262e2f8df469fdaaeac045cfe7de5360b3a4c525d85666ec8b6bd58a21e5d9bb3505e29825ef941fd063d6a72b6a3233ec3664ae27d0ecd70f5b87d4339c416d4ee3f8286517adb06ffeefa440ff6d9bf41056ed5f4880b6a0ff425c50e03a5fb3ff4ae7bcfe76595284fae1eaeb55db955a4f3a815725b0906d6d88fbd706df08366dbd97782e3e269762a9545149d0426a6163417d722206bbf77d3fe4db7f1714bcb88331703e2d4eb1dc563faa3765397ad06ba1dbe93928f1cf3a5bff2d6e8797d24aed3aea8fc6e97d38bcdaa70a7c9f6effb5bf4c3e977f666ccdfa55e8389dce57650d26fa8c7b5937691ade2bd0a34dfb42d544d033de8ba598beafd9928f98a75e96abbb110a2206e7dbbc2a110329eaff2eede39ca68fa036f61d5ab3be4bc7fe1dc3e54afd98e0b67f468eb193e46e5f8da1acb50999d8ed21fd622745f39363c9b8c08bb5ca64ca55d9b6f1ddc26de635f1ef432d31a1b0b507758f6212fcdc6a2dc34db29676e7ebf317d86c2d4eeb8c05463299aeb46ba5f8e7b94cffeeb49b9a3622d3814a601035a2bf3f0e623d61bb8296b2d3c8fc48bc7b16abe659556472210cb3d8e489b80a505dd22ad5426586687143e9c8e0fa6e660e586191e55a29569a5577f95ef70ce9571151dd54eee49217ea3ee5bcafd77b250ba4506552193113c7468733045bdb2a3a2fa00aa1f5a82d2331198b3d96ef553e586694bd2515ee741a9282ec64d27f39d7461e971bb5aef342ff476b5e0eab13d2849b3dec9772a02d535b2a078accafb2926ab0393be7a18bef318ce3e6439c7c58fecc547eb5e74081c8317a73a04349d5f89c3a9847474ccdb6853f3eb6e6e7198c2db7da66228b8742642176ff79bb6c3f8cc129c7a3217c6a4ad88b09b7adb9bbd0427be3f7cdf1277f8bcac929485c94ab7e5a1a1c3f21e835d55b865be78062170d78b1e070381f7cf71183fe1b0789ab3ee692530792a1757adc761d4a33a7b278cebdf42ca6ecfa7fd2b9580ab07f7a0aba31d5d3f1681e72d716197af0d534d0f5eb7c9f90057252d1716a05bee0eab45dbafaaecd2850ff296f8bc0f9bec83cf62b45d18e1fe332adea45d250835e72b39d3a9fbe08f512bd3537f4715de3e28efc336370db179d988b34bcb83c67adcb19fea2cca536ba03f78eb123eb47fbdb61e76b1cf5def33ff14e4b673ca8d849eca973b63a1cc02c8c102f3efa9dc482ed3458d2019d1175fc1524f6bc92a4651d0e8df3e0fc3efebf171a71ea6a1525f5c2ce31ec4bd0bd720eac954c4cd161752f9ca88949be595fc12370aaad0db283341780c02172663fad35bb02821c2ee3dbcf87e1e7f866294cf51168b3aead9fa098d87eca78c8e62b60ec15f4cc6b4756b10fd251da6db95332312054a5b75111a8e17a1bb66f8fb0627a561ce7733304f2edfec96ae2214afb4d470c7ccfe9cf5e951f9dc1e742af7c210c7172a0ae4fbbf9581f9ca1f8880f0ca0bcfa2b9a41ea63e71bccb3310fb6c3616b8352361b434e2096529785108cabd21d634f5eb52f45e979f14a94368ca16cc55ba01476ae3ef6b1181da5eb459bf57c26a447e6f0f9216470cfd26ca4dcd6ca76fdb8a78a3116b47b8db6ee7b903a839582c2eeae2222cde3b22630b1e5ea7c364f1e6bd8df9b8f8ec51cb3d4bc2e331f9bbd9487e42fceb4e62f04b592588f72d6ec940ea6340f3996234178b34abdca724449c8fa5a988debe0d8be68e1484bba68c29a9fa8f3cf477058a80fe0096fec0f95a255d35a282724ac92ba22cb3b69288bc1738271e91eb449e59e541de1ba2dcd46e99e35dd6cd9c95517a5c78241d7fdf7519eb1f5547c19ea465d5fb8e296fb93a76c5087942184bda351b2abb4af1f77af97b2869213e119199db909014e3985e5da64d714e0ec4a035c7c5eb63bc1e7e9a8c1e94101111118d837119e84a444444341a0625444444a4090c4a8888884813189410111191263028212222224d6050424444449ac0a0848888883481410911111169028312222222d2040625444444a4090c4a8888884813189410111191263028212222224d6050424444449ac0a0848888883481410911111169028312222222d2040625444444a4090c4a8888884813189410111191263028212222224d6050424444449ac0a0848888883481410911111169028312222222d2040625444444a4090c4a8888884813189410111191263028212222224d6050424444449ac0a0848888883481410911111169028312222222d2040625444444a4090c4a8888884813189410111191263028212222224d6050424444449ac0a0848888883481410911111169028312222222d2040625444444a4090c4a8888884813189410111191263028212222224d6050424444449ac0a0848888883481410911111169028312222222d2040625444444a4090c4a888888480380ff07c6a251b852e3f0e00000000049454e44ae426082504b030414000600080000002100c3737a1904060000a61b000015000000776f72642f7468656d652f7468656d65312e786d6cec594b6f13471cbf57ea7718ed1dfc881d920807c58e0d2d04a2c450711cef8e7707cfeeac66c609be5570ac54a92aad7a28526f3d546d9140ea857e9ab4542d95f80afdcfec7abd638fc19054a0161fbcf3f8fddf8f9db12f5eba1b33744484a43c6979b5f3550f91c4e7014dc29677b3df3bb7e121a9701260c613d2f226447a97b63ffce022de5211890902fa446ee1961729956e552ad287652ccff39424b037e422c60aa622ac04021f03df9855ead5ea7a25c634f150826360db071a1410746338a43ef1b6a7ecbb0cbe1225f582cfc4a1664e729a123618d5f4434e648709748459cb0349013fee93bbca430c4b051b2daf6a3e5e65fb62a520626a096d89ae673e395d4e108cea864e848382b0d66b6c5ed82df81b00538bb86eb7dbe9d60a7e06807d1f2ccd7429631bbd8d5a7bcab304ca868bbc3bd566b561e34bfcd716f09bed76bbb969e10d281b3616f01bd5f5c64eddc21b50366c2eeadfdee974d62dbc0165c3f5057cefc2e67ac3c61b50c468325a40eb781691292043ceae38e11b00df9826c00c55296557469fa865b916e33b5cf40060828b154d909aa464887dc075703c10146b01788be0d24eb6e4cb85252d0b495fd054b5bc8f530c353183bc78fae38ba78fd1c9bd2727f77e39b97fffe4decf0eaa2b3809cb54cfbfffe2ef879fa2bf1e7ff7fcc1576ebc2ce37fffe9b3df7efdd20d5465e0b3af1ffdf1e4d1b36f3efff387070ef88ec08332bc4f6322d175728c0e780c8639049081783d8a7e846999622709254eb0a671a0bb2ab2d0d72798e5d1b1706d627bf0968016e0025e1edfb1143e8cc4585107f06a145bc03dce599b0ba74d57b5acb217c649e8162ec665dc01c6472ed99db9f876c729e4f2342d6d68442c35f719841c8724210ae93d3e22c441769b52cbaf7bd4175cf2a142b7296a63ea74499f0eac6c9a115da131c465e25210e26df966ef166a73e662bf4b8e6c245405662e9684596ebc8cc70ac74e8d71cccac86b58452e250f27c2b71c2e15443a248ca36e40a474d1dc10134bddab187a9133ec7b6c12db48a1e8c885bc86392f2377f9a813e13875ea4c93a88cfd488e204531dae7caa904b72b44cf210e38591aee5b9458e17e756ddfa4a1a5d22c41f4ce58b84a8270bb1e276c8889615e99ebd5314d5ed6b81985ce9d4938bbc60dadf2d9b70fdd9df59d6cd93bf0f672d5cc7ca35e869b6fcf1d2e02faee77e75d3c4ef609148403fabe39bf6fcefff9e6bcac9ecfbe25cfbab039824f0fda864dbcf4d43da48c1daa0923d7a4e9df12cc0b7ab0682686a838e4a7110c7371162e14d88c91e0ea13aaa2c308a720a666248432671d4a947209570bb3ece4ad37e0fda1b2b5e6f4520968acf678902daf952f9b051b330bcd85762a684d335855d8da85d309ab65c015a5d58c6a8bd20a939dd2cc23f726d40dc2fac784da7a3d130d89821909b4df3306d3b09c798864840392c748dbbd6848cdf86d05b7e98be3ead23635db53485b254865718d25e2a6d13b4d94a60c6651d2753b578e2cb167e818b46ad69b1ef271daf28670dc82619c023fa95b156661d2f27c959bf2ca629e37d89d96b5ea52832d11a9906a17cb28a3325b39114b66fad79b0ded87b331c0d18d56d3626da3f616b5308f7268c970487cb5646536cdf7f85811711805c768c0c6e20083de3a55c19e804a7855985cd31301156a766066577e5e05f3bff9e4d581591ae1bc27e9129d5a98c1cdb8d0c1cc4aea15b339dddfd01453f267644a398dff67a6e8cc8503ee5aa0873e1c0304463a475b1e172ae2d085d288fa3d010707230bf44250165a25c4f46fd85a577234eb5b190f53507062510734448242a7539120645fe576be82592def8a7965e48cf23e53a82bd3ec39204784f575f5ae6bfb3d144dbb49ee08839b0f9a3dcf9d310875a1beab279f2c6d5ef778301394d1af2aacd4f44baf82cdd3a9f09aafdaac632d88ab37577ed5a6704d41fa0b1a37153e9b9d6ffbfc00a28fd8f444892011cf65070fa44b311b0d40e76c3193a6596512fead63d42c0485dc3967978be30c9d5d1c97e69cfd72716feeec7c64f9ba9c470e5757164bb452bac898d9c23f597c700764efc2fd68cc9434f691bb7029ed4cff83003e994443bafd0f000000ffff0300504b03040a000000000000002100ee9c5ffdb72f0000b72f000015000000776f72642f6d656469612f696d616765312e706e6789504e470d0a1a0a0000000d4948445200000168000001540806000000095da603000000017352474200aece1ce90000000467414d410000b18f0bfc6105000000097048597300000ec300000ec301c76fa86400002f4c49444154785eeddd6f681b57be37f0af1ff6820bbd903cec051952588514d66103b1b90b96b97d118514ead0fb1009072cd385acb30b59770b5bbb857bede4852377a1eb64a18d77e1deb8852e9221410e741fbb7043bc2f729102e5cae149890b0951c106095ab0610b36b4709e7366ce8c664692f5c7b273d27c3fcb34334733e7cc1fe93767ce39e3ed10128888c838ff4bff4b44448661802622321403341191a118a089880cc5004d446428066822224331401311198a019a88c8500cd044448662802622321403341191a118a089880cc5004d446428066822224331401311198a019a88c8500cd044448662802622321403341191a118a089880cd540802e217db6031d1ded98e248afeb6cc978a5f978956bb87fd7b166f967d3f25bb93f4cd807d3acfcbecb3a07e3b7b7754a59ee927d7e26ff5b27ece49b552c7d3c8ee163c38c0b353455830e9d18436aa588adef04d4ff19b81045a406f587ae18526bcee7025b5fe791fa6d447f46cf92d050465ec30de4af0ee894fd6595fff51d4c1cd7094f8109fb609602563f57b7a6187a5feeb4935c053cbca7fe4da0f7889550c5364af7d2984e1c45d73f1dc5e95f5e41fa8bca404fb6c603745f120b9fce20713c84ce1fe9b40674feb807890f9691bdd8a3539e43dfe470e597fd386cd5be0ea3ff97e398bbb582c2a6fdc5dcfcef699cfcfd8a356f9e03e889f4ebf9a7e0c7519c8ee9f9a7653ff7613b87e9df185c3bdf2e207f4bfe1bea45f74fec24d7e62a566ecb7f8ff7221cb2931cdbeb39a4fff0264ebffc02ba22c3989c5f7d6e9f409ad160800e616c6a0c9117f562d33a11796b12237ae9b9f2ed32c68ff563fce39cac5f2805e43ebe82f3b15e1c3ef882f53878f09545444f755b9fd2f36c1b2b7f1cc3e4377ad1445fae6059fd7ba607612bc1e3f10a32eadf533df07f9b0b48bd7d0d79b945f4d7631808046faaadb100ddf926e2a7828f334d92b590d8053dff3cf942d69e5f49e1896af2d9dac0c3e514662ec410d18f80e1be11ccdc5dc2c43feff2fcd2336ffbde158cfe7b4e2f99a9f4280ff5ac17ede996cf567e85d5bc552b8e1d0bcb2a9957182337e4f7fe9d318cbd3383cc27633a9dea692c40f704ef88ad3880de577af5fc73a46f02e246c2ae6d741e40f78904c6fe9441f691dd46ff24771d63ff12fcaad373e7ab3446ce4cc2ecf02c83f083b4f56fcf4fbaac7fcbb6e5670bf2df107abb2bead63e9dff7850cf513d0d04e81012bf1ba8b85bb622343481c421bd404496ed2fe7301c1946daf84659a713b05a07a16e7f461c3d353b08a9598d7712b6dbf79b58fd6c0ee3bf3c8993c7ec613b1d1d5d381a3d8fe9f91c4adfebf57c7298b6d60b4ed376cde3db02963e7c13a79dfc5eeec7f93f2cfbf32a2d63f63771f4bf6c6f7b3812c7f8fcaabcffd7e67470c45f753afaecbce3bf99c5d2e34dbd9657ada1897a78dae62a162e9ff7ecc3795cf95bfd5fe7e6e3256bdfcbe7eb30fa5fd5e76bd71de19b287c368b37fff528ba9cbc7f7905b916da439dfd748ecfba0e9717b05aed54b5d9e6974b987bf73c4e469de3e840d7b193b2fc3472fb14009b39fed26793387de2bc3f38df1c76f75d4dd35650acf59dd2df7d79fd566f4de37ce4b04c93bfa35f2fe83e0fbf66cf8f7f98e1619cb782f00286c34e9a33f562fcbefa6c16a70faa650ea96d0bf998bd0b45911a8450d994a79848ade98f6bd85abd2e468ec875fb26c4e2da969df6282512a1723ea1134991fdbbf591df771b62f19d90a73c3525c59d42caced3976e4fa13752e289dcf4c9a7a32252e5733545aee6edfc7d36c49d8b5111424824fe232f36be9349b2fc3b5311cfb661317243e51eb4251efe69c0b39e9a62e2dac23511abba9f2131fae986de36684364df53fba1d68b8889a5a2cc5dfaae2816ff4def4b282a26feabd6f675fc3d2f665e77cea93cd64ff4f114ef88e4e088487d32a13f73a65ad77843e4af0ed8fb194a8854c14e7df249c24dbbbe6a5fef6664a7bc65cb693025bf79017f7f28ae9f0bcbcf3de767eb8948bde1f9aec87394cc355fbed2d03e3479fc0fffe45cd39da7644e6fa0be7b177b029fcbdfc977f238ad63f7a6c3ff7d6af1fc14d3b1f2e74d4d3bc4815cb2f1759f73fb1fa0d732e5402cbfe4ded016fc11f4540d9ad5be3421113a32206672f61772e3f3193110f83c712e21c2afcb40ae6f084f3e0ae6312a167df16d4be4df7302718f98b8ebf9e2aea5446cc76db58a2fa29c42ce7e56f9b11d9f119547bc25cf8be786702e23b7f4d8ba2326dc1b5ba48500541419ef8ff4b5ebbe6b22be5e14a39e1ba73d55bbc6fefd1cf8c89b8bbc011cd7db86c6c49d6a37de1dd40f8ede6390fba603a325780daa9ee3faeaef43ebc7df58f0b7557ef76322f186bc39cba01bbc56b1b4934b7bce4ff146c25a27fa1fbe6f88e5c927f67ec59c9bfb4e18a01bb6ef4d1c2b3793e5c739f928373e5ffbb97325d7e85849f978753383b13ebba5fcc03fc7307cc69ad5e4e3e1ea51a4d213881eb2dbcec2a7e2f00f6dcd62f52b3dab6c2e63ceed515fc1f46fe5e37ecd668459ac7ca967771442e28339bd9f07101d88dbc98efb0514838fc1f7673176a9dc75148df4f8fb033a8fa2f7949e970fbb931776dacf4adb7fbb86d1bf94cf72f44cd43f7ceac703189baaffa28a3502c1dd4f79fe4f7873e9468fb38fa52b98fc78552fb4c9fd1492ee31c8c7ef777718477c5f5ee73d78f47e7ac7bf80e54313987c4dd6c5e5b51a79bbfcbe41d78bba9db84de7c7e9208c54740236de4148cd797a6dd05af6aba29edb8d7ef41ff7765abc00045fa61988d619c7bd82ed9d02dbfd8795c1b369fd381d913fa49a8ad8fc56cf5ab6b17c63c6d7b37fe045796c3e2174bdac6795fb9348dd6e744737b17c73daf763adec9d9737b363f55e5491f97c32690dbfb2f522ec7b89a1132ffca39e95721f2d79d6dd0377e58d4ecfee8fa77bfcc327fadd616d3d176691ec93d7ec9cacb0bc5ea36bbfa5f3b3d35b82ec20dc2bfb1ea07b7e35876b43dd32acc82fd16b49a47e65dff137ef2f20e38d444fdb015973fc740c03ea0b17eac6c84793f600fbed920c6a8b553b60da6f05cbbff7d7757a83af685531fb79a33534f9c3fab39ed50efe63b077be1195f9ece87e1e859a55b8161c1fc5dc070974ab53736400c94f46617dabbe59c1c24256cdedb1a779fc31596bf55cb3172398c8093cf928567e126ac7f9d9e12d41940ac8ab0e42f5824a3b867b916bff6bd02ff660342d6ba36a0cf0d2048e3e98c5f9e8618c7ede2d1fdff53a8608bf3e8345355eb9f810d7cf004b97e3387ce21af0ca697f33c05e592fc89f7e0bbe2c34d63424f3cfebd95da9c86712fdbe1efe0ef45fd21f594ad8f03d29ec56277a7e9bc2c3a2bc568f1631712c8fd95f9fc4e1b7f3e896b5cb3df7548fbf1be1ba43575b3f3fee288e83a731ab12ee8fa337706c1d5d71588d1fb7cf9747397114475b3cb5268ecd2fd2188f76a12bfa2636deb8236bd2dd3072f8faf7b2c6fc0719980f1e457ca11bd73f4b225abf12fb9c1bc39d2dfb459cead31d8cecc5a3b0ace5a5df3e89aeae93787333813b1f8da0fba97ca9f6f3f8834d5e3b30e6fc50a39e4280dec6ca8771f41e1bb6c7febe761d33e70ced58f86a09e3aff6e0e4bb6a4c690863ef4f22ba9f8f7087c2adbdc1f9d3b0d58454d78b07106c717eb8d6c2b3f78f4381278ae5063b4ddb67fbfe2ce23f3f8ae13f2ecbfae900aebf378270137fd46b570c38fe7a5a3d3ff65f34dcc29d77ac25243f0fde6c36b068fd09871eccac78d3337c29ad0df63d40976e8e60e0adf220fad85060d48029b657303d74daf302c9c8eeff1e49d3bad11ff8fb255b152ff094507ca467b5d19f3718d60f78461768abeb2d74af75ca1b892f9f15a46eef6937a0dffa02465e7b130b8ff5f2996144f7b3b3ea691f7f3dbb3e3f3b750216b0a2feba1da2e8f9a995406db4cf015a7e71df0b0cf1f951138f68fb68f3f61c26ad5e6bc7d3d8cf0388fe226977e868ab1535dc2d6c7bdb334313889d6ab49a1f4674c83f846ee51359fbd3f38ec2a37a2dd555f279771257ee571b16b38ddc87b358d9f59b8f65bea19b8aac19eeefd57abac75fcfaecfcf4e9d805fad22aff23ed38bf07ed75f9e03bb0cd04514eeea595701c59aaf076fcb472d3dab2ddc5a4441d50abf5a406ac94e733d2aeeeb70296fed74fbdb60c9192cfe4d0d5fdb945ff814827ddf85dd8fc1abaab36f0cb353e5ded3859587f22c7a387f9fd71241f2d624a24dfc50c243496b5896ebfe38462fe7e4514adfcb63fdcf619c7cb7e268f130f0de72453e58c2f86b714c7fb68a4d7d5eb7bf5941faad612cff7c043d6dfc316f7f1bb8a5dc94d74a8d69ffbe8085f4a29de6dae9fbd9badd1c7f2814d573dadd3cf2eaf4aabf23fed69cfbb459dd06b6ea04fb5d9f9fc779bb13b0ef68c5d3eeb6bc795b23a0e5535bc34fc2df6fe91947b6bda37a7e4844abbedb120f9d57580353cf858c7852f585b60db178c1f3d69a3b8545ecfdacc8ebb7917c53f0f5d3ef8a22539147d47d8bd052cc54befd766a4664bdabdc18add8f79e8b77ca6fe9adcc547d2d3c74624ca41e2c8a64c5db7510e173f2b8f5e6eacdb2ca57bd2162ee1b661bbe37cf9c6974c1f79ea0f6442cfeaefcaaf7e8c21399bbb4e57fd57becd306dee2aaa690d9e135f9ebe2e152953722ad2929b23a0b4b61518cf6555b4f4fadbc8efef51d31e1bc85e74e3171fd51f93bb1f169e5b5545378505ef3cf836f7daa2924a2ef65ed73d88806f6c1d2eaf17bdfaef54dc13743abbdea1d12a337f4abdb35ecf6fc3cf98fa8955eed2dc1fc557b7f6aff9902bfadaff3e2baf7cd553df5bcb3289e34f986e9f3a085005dedf5ee5a53955738ff9e17d7ce4584bcdb0a1c89889177ae8b3bee7bad3210bd3320baad2f6b48740f25c5a2f7b554190e9215659427ebd5d66aaf57bb93bd3f3bfe7d01cf6bb64f3e1d13033f535f26b92faf8f8a9985876e00df5ab92646faf4df3f383220463fca97837bbd733495aaf3b92fecb9361e2d8a6b1762226aed935a57eed7899818fd407eb99b8c7b15361e8accd448396f756de44dd3ca569ed3705f54c42e4c88990f526271392fcbdb105bea6f9304c91b68369d142327badda010fa59548c4c6544fe6bbd4e83eafe1d08f73c6d89fc07232262dd64c222726e4c5c5f76bf549eeba8f62521924b8ddfc81adf07add5e3ff3a2b669cdf85750c4991f1fddd927abfbbc0cdd26737e74755aad4762191fc5c27b9d42be4eab3a8bc59e9a4aa9a89199ebf3d42a243fd479e14222232cc531b074d44443b63802622321403341191a118a089880cc5004d446428066822224331401311198a019a88c8500cd044448662802622321403341191a118a089880cc5004d446428066822224331401311198a019a88c8500cd044448662802622321403341191a118a089880cc5004d446428066822224331401311198a019a88c8500cd044448662802622321403341191a118a089880cc5004d446428066822224331401311198a019a88c8500cd0444486628026223254fd00bd9e46bca3031d4d4f71a4d7751ed49a7bd395e7f5724e7fd80e394cef69fe40693eeecfff99fe5eace04a4f074efe67412f2b05ccbd2a8feb52e0bc7d5fc2f2876fe2f4b12eebb8bb8e9dc69b1fe6b0a93f266a448335e80846d3796c6c0908a1a62c92fa13cb600a452b5d4e5b45643f1a955b3cc3bec9e1cad9c3f287d585a38969a4ef15b0fd3db07d7b1cd3f7f43afba16f429ed30d2cfe562fb75d0413e221ae9dd28b7b203494c1d6d2a85e6a936f7398fc637b6f240d291590bf2fcf5a77582748db05acde0612c73c69dfca401eebc1c9b766b1f445c94a2a7db184d9b7fad1fd8bb40ce9448d692840f77e92c2b5a11e1ce8d4093be90c2172ee1a66dfefd209cf9a4d2cbcdb8ff19bea6754c2eafc24862387f1c23f74e0855737d17dc45e6bff1cc0c17fd2b37be2200e1ed0b37ba4f3603bbf0bdbc8fd710cd3dfeac5fdf4388f3412e8f57e07be5cc1327ad0fb7248276c63e5c3518cffd50ecc41a5bf0c63fa16ebd1d498fa01fa5002136f786a070dea79e71a1287f4c2336515aba5eb78229f06b60a7770edc200bad56fefc80092ff3583d88fedb5e869d8c6ea7f8e20166c4ed827855559eef15e849d582c951ee5b182287a7eaa13be9135e54f7b915ad9709f28efbc3700cf2698bbb52c6ffd44f5b193b0827cec5f1a81ba2575fe248ad13f2de26151fed01e2d62e2d41e573569079bc8fdfe34a2bf4e3fa5e0b689d59565e0540fba758a52789006cec8a0ad9f2eb765601e98979593e3fabb229f28a3ff96c2ec397b91a8197b1fa0370b58fa781ce7a347d1a53b8a0e47cee3cadf023fb38a0e31bb3369fbcb34c607547bb0dc6e601c4b5fe9f5bf5d45faddd338da25d7ed3a8ae10f5764fdaa8ab695afdaa3af20f78d5e3fe89b1c667fa3f74797317d6bb5e94ea1cd2f6479ffaaf7f5e57e9cff430ec5eff487b5043aa4aa1e5fab1a3d7fbb516fffb75730fbafdde8ff774fcdf352bfb5ae739d2a3b23a7a1ead9e5eb7718f18f57ed6d95068f2b77d9c9ef204eff5926fce1245e70cbe840ff6599766b1887e5bcea9fe83c256bf83fb136f538809e13313d2f9f2e7bc2be1a35514df231ac055991949baacdad6930258afa139f424a2442f2f35fc9cfbf93cbdf1545e642486f1712891b81ad1e5c135137df9848ddd5dbbb6972ea9b11f98dbc9879ddc9c799426274694367a4edb2fc6be9a48806cb7fedba78a2577739e520229277d53e6c88ec54c45a3ff446aa72fd1ab6724911b1ca098931eb583644fefd8172d96a9acada2b3bfe2eafc509754cf278d2aaa40d71e7628f67b99ea2480dd6c8bfd9f3578b3c2e377f755dd774bad2c4fe67a79c3ce4143c0fd2c6a7a3e5cf91147756ae8901eff573bea74d1c97afcc3a5332a737aa227f551d935a6f405c7fa41389ead8c300bd21162fe8cf430991d13fca623a567bbbb59490f50cfd79488407553096e91b8b62d4931e393122667276005bfcad932ea78bde1fedeecb0f1d191599af65e0bc3b217adcf4408091e1f7fa6bfab3539ee02d83809357e46a5e27ee604b9ed3e33a9fe3f2b875b22f7f35f902d396b8f38e0e2cde6ddc803862edffce6a05e816ce5f2d35037473fb5f2f40fbcb8988c86fe5f59001f8497a44c83aab18f8e8a15ca9b5e3dafaaf31f9d9a858f4d6013e4f8a10a20d04dc0d913967e7dd23bfa35b3a95a89e3d6ce2e844e701fd20575a46fe51d506881d1cc5c47b63e8514d79077ad13f68a7aa91155de72630d6677d80ee9f971f1df165c1d33eb9dbf24b38fd7ed2ea14ecfcc951ab4ddab6892d6f56f7d298fc4ccf1f78012fe859fc24ecb655e6decf60b94ef1dbb9455cbbaf175eee4279dc4318476b8d595c5fc0ec1ff411fbb671cc6139d7ea8881dd9ebf06ece9fe17703a3182f08fe4191c529dbe452c9e5357a4b5e32a7eb5021c0fa3cbd30d5158cdcb6f490fc2f53ac3bf59c6d2c7f2dfbe2466df8dc83d206acc9e06e8e87b051457ee20fb6815c9139d28dd9bc3cc5fe417bd2107f042ad6ff28fdc308817e40fb0badd961f43f4e7d53a059751f2b443afe432e59bc24ffd6d8bee5e9696b0f2a59eaf61f5fe52399f638db5516ecb00b1a0e77173d86d4bed884cea4420fbb8d551b7bb3d7ff5ededfec7cb232b7c9a3b2ea70dfaf0af9781fbe3e875f651a5fd42edfd159c7cc15eae3e467e1bb90f92980b25909a9f40e4459d4cd4803dee24ec44e87814dddf2e613c7a18630ffa3132d4a33fdb0f7b5ffef6b79e1ff63fe87f2bac60bb5e0dda9b4f8336bff104af53f6d040f954e49bf2bfdbcdf1eeedf9dbdbfdefda617cf7fe7d2fb7ef5dc1d8e54e246fcd2151d17948b4b3bd0dd0df17b0f0f64974f70c237b2285b95f75e360cd1aef1ed887f23b5f6ce487dd83ce3acfb59d3ff2d499eb8dda70fcc893e9ed15acb6fbfd87bd3e7f7bbdffb534715c918bf2465148c9e7a910929f7b6e1e1b8b50ef478e7eaac73bcb69a2cfdec6f5551a23671671faee92fc8c0d1bd4bc3d0cd09b587aab1ff13faaa151515943d9efb6b7fd29bffbb8e72584e2467958dd7a01793d0bef8b0c35847f16d77392af2dbdb6d0cbbd32f43b6631f7d74073800c1073b75b6d3bdefbf3b7b7fb5f4bf3c7b5fd4835c5c4d1e37d83f0f10a32eaba76d7a8a67f9bc3f4d035843f91c1f95ffceb6cde9fc3f47cab4d37f43cd9bb005d5a46eacf4e987988d5473274c99acbf267599d263d2aa2a867db6e9fcaef3c11c7b853732a6d6243cf627bcb0dd691abc388d68902072203187522fdcd3c1eba71691b1b5feb59e56bcf4d403ea60f7b6a6d0bbf18c6e467257b3cb8fa7b221f6c217aaac5b0ba1fe76f37fbffa080c2760173979b7c71a585e35afd42bfa052d14118c1d1aaaffe1790fe4d0c93f764907ef5a0db66ed4c077b66d1e9fd7b1e4435b414a0b71f3ff4d40ea59b192c3e0ed474e433fd413d2b7f15b83270105dafa671e0f5e1728d5375ba44a6b1e26cbae9093ef24b5e707e47df6f60a3fc0136bf71c3208a5f796a2272fb8deff57c3bcbf7a5035b5b7ac6d283d13f5fc380caf4d635a4ff5badb989dcfc1ce4cf1aa1d76730fbab069a417e3c80b1ab09bd6f5730ab6b5885bfca7cbc11e8c3d338e8fe453859f6873388ba072403c24097fd22c5b16be87acb7e2372478173eb1e5c2be7af86cdaffd617ccbb9464dee7fcfbf4c94cbbe398cc32ff463c5f304e32f4706d96a2f15357d5c25145656803eef489e6d141e2c006ff45639bfdbc85d1ec6f05f76ba6dd47fa222b28866f8c609579bfc63849f7c3a26068ec8f4231131f2fe1dfba500f1442cfe2e2ae48f41845f4b8a3bce3857df18d6f294cc05c65c3bd354b6c64b0449e18c906d4bf9e9eac75cf15242f18eb876614074eb1723423f1b10a31f386536eec95252247e668f0d0ebf3626320521b2ef758be8e0a898f82823eeac3c111b7fd72b3b64d933e7a2baecb0889c4b8a45b95d7db5cfadd2d4f9abc137bed89d0263c91bdeff2df1f0a3117bbd50548ca51fba638aab9703114b578ed46eeeb8b26242a6f95fcac98b99e3103d55c6b73f4927ac3caaed8b3b5d5814dee1d444b574a8ffc82f0d111119668f87d9111151ab18a089880cc5004d446428066822224331401311198a019a88c8500cd044448662802622321403341191a118a089880cc5004d446428066822224331401311198a019a88c8500cd044448662802622321403341191a118a089880cc5004d446428066822224331401311198a019a88c8500cd044448662802622321403341191a118a089880cc5004d446428066822224331401311198a019a88c850f503f4bd6974747434384d23a737334309e9b3817d5b4f637abe647dda5681f314df4d19bebce248afebf456ec3aaf1ca62fefe15555fbe7cb5f9617fc1eb5f3dc123d431aac4127911502424d6b29c4742a0653283ae9b9a44e34c8bd3914de56fb57446a7012fdea07fe5201d1a1905ea18dfa26fce76637645ec5745b72da755eb9cbfd98d4f37ba154c8237624ac97a4f502f283613829a5f9383a22fe3d5848743148d373a1a1009dcc4d20a2e76b9281203ba5e74d21f769a24fcd8490b8a16f24a28163214bee7207fa2fe9853d5278bc80deb0e7862903f4c2b1b0bc626a3e8dd1c7e3fabaf92b010bb796e5f311d10f5bfd00ed06b9fa221775f00b3c92fa1e61039f4ddff33643388fafd5d2029a2a433d363bcbd51ef3fde535de14e0df6efaae4eae46069bb89bbfda279ddeac403e1d67d3bb085481e376cfa19dee06e74bfde5cfab1d877bbebd4d133b9c534f1eaa8cc988673d555b96e5d9d73c8ad98b9edb695f543ecbd96267a2761027fa21933593e6aca5847c60166a530ca64451273be4e3b4fc2c26526b6a292be40fca5a3796f6ac994bdadb5b93bdaebd5dad34273f5bf36524e55a45911ad4cbbefd2ea72773d5966b29afe7942b9f20ecfc3d6916675fa6b2d6a2735c3be55ff5d8753ec1fd74f2ada5fa7974ce9b3a3792735dadbc8aa2b8563eaf15f97bce6d322db79b4aea7503d72470bc6e590e5566c5b5f05f6b2fe7fcface2dd10f589b477194b07c6b41febb80cc5d7fbd6ee17141cff9257319240e01a170af4ea996b680825ba36da50c55b30f217c4c27dc2cc05df3de1c866faa9924a2ba39247ac66eb39d8cecd0e9e9d96e5cb76947ce556b839635c9ab761b6af2945d1b748e6bf26a73b5dfdc6d3b9fc9db81bd7a50682a1fa5343f63b72d4f45eda79e4361587b756946d6744308c9f3df88c95b90b5dc098ca876eec138a26abb7bcb76de979603e72fefb98e92b739c322afcbcd5e848365eb1aba53a3576dd02d3f81103d43da1ca03d4130a88520525d7bcb70821e3c1d53e51b4320a078b8dbd5b3be8c8c15c83d8ff24ea797f746d180f091caf06f69329ff24d4e729a2f3a9cce40efcdb0bee4db092bc08686321037ec7915ecabefa93fef7a1d84aebe09f9a4a73a7af5b23419d9e5e816a267409b03b46a87b63b7432e139cf8fbebdda57460985077ab6aae682553df2d1dceeec72a7e63a2cad20a8b63b5740bca34bd7e077c93b12474f8df639d47428818c95d7080a673bd095d03703876e8356e9aa36ecb63fbf348c859bc3e892f395fd0e76476fd11d91d2de6b4364a2b6076859b7b43be464e4c98aacdba9d35eed2a6387dab82556f9b8bd0bb59a601aa73bde5eca20bee6af51b6ace9da7763ace171f226923953ac1ce667057075dd3cc337e5a446012573f67ca6c650c8d0d06c7b8e9be819d0e600ad02a75da38da547f668385b7bcb709b0d3c814a3d7adbaab4876ae5e686dacd2016a76d57a968936d860acebad63c356eb5d1b7ce7b639ac4729bdb735570b66bcde5f6f90a15cd19ea69c67f4354c3fc2a47d438fbeef41910fd70b53740ab1f9d9eb56a8b9ee5569403a5479bcb28d7c89c40556e9fdd69fc7768685cd7dccb9d95b98fe523ba352753dd97292276079a651233eea3bbbcd13435444e75a0e959abadddb3dc026f87a6b7b33277d9098832787a6baaeb69a41b0ce46a6cb3cdbe799597cb4a7733806fa89c3a1eef0dd1697e5ac0f04b9e6189723f662ec5905ae378767a0ec8c7c90679865d05a6f2b027cfd02f350da644ca33f4cc1a76e51bfea6a69848a51b4cb3865fb5564672ca19eaa5a71a43ed9c69e721769a77c8a1da460d3953f3c161695279a8993305869c7955ecbfbdae77189f4a4b79f3f41d8f478dbc2c81fd5793efb8ab0da9acb24dc5b0b74099ee79b126fb3aaa63f195a5b6099eb72a65d53c4ea21fa00ef51ff9c5272222c3ec4127211111b50303341191a118a089880cc5004d446428066822224331401311198a019a88c8500cd044448662802622321403341191a118a089880cc5004d446428066822224331401311198a019a88c8500cd044448662802622321403341191a118a089880cc5004d446428066822224331401311198a019a88c8500cd044448662802622321403341191a118a089880cc5004d4464a8ba01ba341f474747479d298ef4badee087643d8df8ae8e31876977fb69b9d43ceff98fcf9774eafe53fb512e5f1d57ade3b18f79fa9e5e24a2963556831e4ca1280484c822a993309595cb81b4a7c00d6067d350e12377b9b54058d5a104326b29c4f462f32298c8edeeec848666911ad40b4d28cda7db771ea4c2e305f48643f6c27a01f9c130c2f6924709e9b3fd98d44b44b43b0d04e85ea4ae26a07f9a55443092eed5f3fbad84658ccb9b4411290ca34b06ea992323728fdae850589e81678cacf98f260a7aa11d4a283c88217c482fca00bd702c5cf19d28cd8f62f8a65e20a25dab1ba043431348383fcc1a1a59676f84901852e158fe7b43d5e6053243b56f25cf871ca65f1ac6825e6a8f020a377bdd005d2ae4113b12a83fab9bc22dece269838882dad849e86d6fb5a7723b64a02df6deb4bb8ed5aee96debd54d1536f5c8ec6ce759bfe2b338d2f3e53c3b2e071eee3de5a9a95efba8bfddb77a4dd4d7361f2caf9ec0feb4d23e5dbd7c759e9d268649f4ebcf82eb069b857c9f7bd2cbe758e5a9f393535762010b892effb5783b83f8d5f167ef6983c864b2d6d984ac48ca4dd46698caea345b76ca4e4fe6e4422e69af83a4dc4273d3f4b66b29216b5bf6f2604a143d795b7948c574cc5a8ea58b9ef56322b5667feecbc3976765b9561e9293a7534605673ff5f139eb7bcbf5ed97de6f27ff0a15e7c2394e7bd9396fc1f3595614a9417b9de0315494bf5614c56ae75e72cbd1eb5acbeabc3be7ccba06956529aabcf2b22acf9f77f9f3ca6b4844ad6b5b0d3a72d16e6298e8930b87c23b3cea2691bde86d258ed56ce30e0d65cacd163bb605cb3cce79f3cca3608db89035bbab767dd2e9e00a85ed5c26af7a6bea8ef2face237c68683cd0095ac2f22dd5801043fc15956718e14160e1d67295fcaa8960c2ea5c9db0dacac3476a9fa9ea7628ff506887be026d2a6b9d4feb7add90e75d7584aafd51f3f27fe1637a3d8f1d3b08e5d340d7e371362d11ed81363671d8acc7e576b7815a4d02ad8c0e506da77a36e8a6fc4ccf56e306a40a4e9e0b187e493df277d91d6375f2ab64371fa8e682e6b4abfc20bb19aaff925eb4d8fba8d2262376f386756d6fda1db2aa8923775b5e954bfdf6679e6ba4d6e7503ba2dd695f80d6edaaa39885d8d5d0340fa76dfa7654d6385b19ce67d72eabaa3a4cac2c5fa85f1f968ff1560ddf9eec1a7123729755301b05ae0a14d3ad9fa956cbf7b3837047c732a2329fec944eb6a8ce5775dee5538f2e47ed6f2c5db4e6596b26da5b6d0ad0fea684d2dd4c5b6ad0b98fed9ab8d5dc706fb9851ab40c306fdb61dd09b86a0482927cbb5ab34a08d13376c0749b2c2aca8d20aa8358b9994405b9063bfae44d67c6aaa5aa51114e734533ea94ef6d5e92654dbb1d7935dc9bb36be0d60d2b87655f0d5a524d1a535137f8fb9a3b24a769cb9eca375175f3b09abb88a875f287d510a763ca3f953bcefc9d5029b7b3c8eefc2a771ed96929b733ca9a06e5b2677b275f5f99de6d021d5a765a522403793add5ac17dafd781e53d164cc97cdd6dcb9d63be75bc1d973e81e3b6f6c99b26b74b973b4fabed57ad7daf5dbee7bce873b0e3f17b3b5ae5f1a5dc75cbd760a70e423f761212b55387fa8ffc4111119161dade49484444edc1004d446428066822224331401311198a019a88c8500cd044448662802622321403341191a118a089880cc5004d446428066822224331401311198a019a88c8500cd044448662802622321403341191a118a089880cc5004d446428066822224331401311198a019a88c8500cd044448662802622321403341191a118a089880cc5004d44642806682222433140131119aa6e802ecdc7d1d1d151639a464eafb7a7d6d388abf22ecbd2e4fcf47c497fd002272f27bf06e52eeb6dcea6d170e99eb2a6efe9b43d5542fa6c1ce97539abcaf6eeebbd697dcdf4d4c4b113d1d3d1400dba17a935012104b2536a39a6978b480d5a2becb9d25d605c95f7a01f1d2f65107e25a43f69c1a104326b297914cd895ccc22a9e71b26cb9a4d3751d2bdb41d5c5b5640e1662fc287e4ec7a010bc7c270ce54eef6a49eb3c58e84f51c1199aa6e800e0d4d20a17ef0154248dc9840442feda5d0504296a3ca5337864c8dfd79c6a91a6f24a3175a2483727e300c157a4b85bc2708e7b08cac759375a6ccd02e6e7244b42fdad006ad1eab3d8fcece63b5fb482d1fb9e79d79d52492c3b45e37ee6daa083c823b4d02dea685b433ef7b3c2fe7679555ab06ea6d6e9035f2206f534e43cd11dea61239f98e65479efd75ce95caeba5612cc8ff0dbfa4f2fa7fe5732a8fd53e079ea60b677b39d9e5ea6ba0f2b8398c2e99de9590b92546f53632705f924f1fd636fbd42c4544bb276b530dcb4e41c88763915ad3094a2e29d3209239218ae9983bafd8ebcb692aebae07244556fe2fa9e60753a268ad5914a9416739f8995e9693cad7bf0fdeed9ccf54fe41d5d69393da2fc5da379da7355f2d0fff7e95cbd27957dd26784ef4ba56b9f67c2c2d735b93f3bee392dcf3a5b65565db9fed54aefacc2e47ad5f4e77f6c13b39d78888ccb5fb1a74df84f5c83c52885bb5b64a31a4ce951b4262e9912acd22baf9e24618731dfdf0b7966a83298cf4e979c7fa323237e5bfbaad357c44b5f74e623958030eac1739e76f83b6db67edda6b4744cde751a8d3161cb9a89a0a465038db85619577239cfdb06ab3f6760b8f0bc0a190d52c51d55416137d114ce8a69ddae59650781073db9f9da60e253494b1ae9135e5ec96f4c9ab4d747612d153d186260efb917d14b39035359dd63cbb89611951d142675c5b389d9f6a6aa09ddb6a921905aeb6d0592a83ae1b302feedc8a5fd19957b55cd5c4a102b6bec9b84d1d559a7cd40d5505694f0722119969d701ba343f23ebac31c45f01966f55ab413722873955fb9e8a22726fb97a0dba9a4351c455907a50b06a8385c7aafc24a2c19af6a1307ad5bf9796edf65735c241fdab454ea95b820c6e1fdbadb3a5f9e93aa3296440bc2af772308e2874adb811cefe5e9ad1f9cb9b5b53c3dd6a952b9f40aecaa702f9945194415fdd2863e9a27ba3f1b5614b255969f73ed51091a1642dae01e576606772db30ddb6d29848a5f5bc6aa7f5b4a1aa65bb8dd55e2f66b59dda93d506ebb6a7ca694aaeabe7cb6dceceb2673f745bb07fdf3c6db8416b2921ebf77a5bb90f81f5bde5d8fbe417fcdc5df61c5bc576de329d36e16a698aafcdd9733e02c754b35cb9bd53be5ac7d7c6ecbd16cefa4464bc0ef51ff9a3252222c3b4a10d9a8888f60203341191a118a089880cc5004d446428066822224331401311198a019a88c8500cd044448662802622321403341191a118a089880cc5004d446428066822224331401311198a019a88c8500cd044448662802622321403341191a118a089880cc5004d446428066822224331401311198a019a88c8500cd044448662802622321403341191a118a089880cc5004d44642806682222433140131119aa6e80ce5dee40474795e96c1a25bd4e7b94903e2bf3bd9c03ee4d63fa9e4e6ed47a1a716bdfa62173d899ccbfe1636866dd66b9c799c3b43a6e87536623c742443f580dd4a093c80a01b196424c2de5e4bc282275ccfeb47d0ac099228a4766d01101a27d3ab9518712189fd2f3f5f48d2035a8e7eb6968dd1cd2f3cd87ef923ce4f02139b32e678e84ad34eb86189904a6b2f23c4f409e0a227a4ed50dd0918bd5824408898b09f9df768a203114426828f3cc05a6dce57e64f47c330a8f3d013a2ccfa6ac39f75f0262e922c4458666a2e7ddaedaa04bf371fd282e27eb115d3eaaeb47f3b4fe2c2e6b964e33899ab7b88ff072d24d07ce3ad397834d0abae9c35abfda23bf53661c330f7492c5b39db7f9a08acae3d881bbef71a4d7ed6d55505d4874c9e3fbbfeebea4e7edf5541346adf3d47f6912fd2a4dd698272371fce97ff256112a2fb5ae7bbe88e8f9241ab5961231b97a32a797455624f572760a0248ca14218ae9989c8790b5409daed6298ad4a09c9fb2d6b0e6d5e7f6ba31915a93c93a7fb58e9d6ee767e53198925bf9e71de5757519defd50eb5af9ea325c7a5d2bafeac751b6c3ba6a5f73496bbfd5f1586bebe3579fa97592b95af9cb74eb7ca874cfb17a8fbb625f88e879b28b1a740413a288f0555513d449ae24c6877403c8600a234e7bf28382acd78690b82130feb80b5d8905fd4159f294f3689f4761bd8482af562cdd2ca8d66a57e1b1cc63308cb0cc37ec6917b7d26f0ea3eba5612cc8ff65eed6aa8dee741c01eb05b95790b55dbdeea565140ed96dc77e31a4ce4510b92830d1572d7f5583eec7e4a57eaba66cd7a4e358f9dfaa95df163e529e27a2e7d32e02b40a325d28bc5d6cbcc3cd62373dcc1c2942d612ebf0075d8b158c030241bb4c7770ca29e3dc302a347f1c561bb1956f236de5d5f28f60249d84acd5db9daf56876006bff93f7119dad58d49af56ed5889e8f961d5a3eb918ff16a5567b21fe7ed4777d544919cb21feb63e9bfea34393fa81ff503f36e73879a978ff656ba6e0eb0e6e5ba5653874e2f97a3a6605385e2fddc9efcfb674fe5a619c9733c4e1384ff383c8d28be753d4d186af2347bd89f7bcad4cd17d5cf936afed1cd17aa89c4535e39ff6ac74a44cf930ef51f19108888c830bb1ac54144447b87019a88c8500cd044448662802622321403341191a118a089880cc5004d446428066822224331401311198a019a88c8500cd044448662802622321403341191a118a089880cc5004d446428066822224331401311198a019a88c8500cd044448662802622321403341191a118a089880cc5004d446428066822224331401311198a019a88c8500cd044448662802622321403341191a118a089880cc5004d446428066822224331401311198a019a88c8500cd044448662802622321403341191a118a089880cc5004d446428066822224331401311198a019a88c8500cd044448662802622321403341191a118a089880cc5004d446428066822224331401311198a019a88c8500cd044448662802622321403341191a118a089880cc5004d446428066822224331401311198a019a88c8500cd044448662802622321403341191a118a089880cc5004d446428066822224331401311198a019a88c8500cd044448662802622321403341191a118a089880cc5004d446428066822224331401311198a019a88c8500cd044448662802622321403341191a118a089880cc5004d446428066822224331401311198a019a88c8500cd044448662802622321403341191a118a089888c04fc7f7f6afd9b3c6d11dc0000000049454e44ae426082504b03041400060008000000210028e1f61634050000c10f000011000000776f72642f73657474696e67732e786d6cb457598fdb36107e2fd0ff60f8b98e755192d53881ce2641b609ea2d0af48d96689b5d4914486abd4ed0ffde1125aed7bb4cb06990179b9c6f0e720ecee8e5ebbba69edd122e286bd773fb85359f91b664156df7ebf99fd7c5229ccf84c46d856bd692f5fc44c4fcf5ab9f7f7a798c049112d8c40c54b4226acaf5fc2065172d97a23c90068b17ac232d803bc61b2c61cbf7cb06f39bbe5b94ace9b0a45b5a53795a3a96e5cf27356c3def791b4d2a160d2d39136c27079188ed76b424d39f96e0cfb13b8a64acec1bd24a6571c9490d6760ad38d04e686dcdffd506e0412bb9fdda256e9b5af31d6deb19d73d325edd4b3ce7788340c7594984800035b53e206dcf86bd278aee6dbf00dbd315952a10b72db57a7872f46d0a9c270afc9256dfa6c39f742c41f2811e41be4d0dd26ac4a921775a91a89fe3da117a4fb71cf3317127bf3665f476df328eb7351c07fc3b0317cdd4e986dfe1c4afa0683e31d6cc8e51477809990315e759f3e50040bcd86e23b104f64874a4ae55099635c1a0fd18ed396ea0783445c9546487fb5a5ee3ed46b20e986e315c22b0c2113e9cba0369558aff0dc5ab71cf41235e1e30c7a5247cd3e112aca5ac959cd59aaf62bf339942a172c8a35162c7986c99241ff9c31d080c915cd8974c1359dd6ff95896b4d593cd233d9754ade642707c46ceabcdf82481488b1b08c3c53373c52a3278b2e7f4f9f93208286fd8dee434a321064f28a715b91ec2bf91a79a14e0cc0dfd44e2b67ad70b4941a38ac4779ce06b07803883e50f90b0d7a78e1404cb1ec2f6838ca9cc286ada5d51ce197fdb5690cb3fca582fc85fc00c75eb5e43bade244c4ad6bc39e7f677da5d3e4c23e88395d08b3f206335ab65255037f95439037a462cc77152df887856900446240992223721b665a56162441c84f2a9b61f215e808ac98b8f10dff213b3b6c2f73d23e2a4766eaf4c889b236f65bc8fe705d66a7aca1e2128b09dc2880408c5ae11897d3b4d8d4862fbabcc84201b15a1f104c8832b192307486a9991220842a3477d07a5993172be1f84a1634456769e1823e7a78e6f1bbd1320d7768cbe0e56d630309990c22bacd88484a19d59463be06ae418a31d431e98631a6776e118bd13e728fc829dc245aed1075faeac6465b9993147933c0031139286411c1aeda4899b2163be658e15b8c69b66ae9bfac67ccb422b30fb3a4b829567f44156042837c6345f05be67f4689e04f6ca18ed02d22034da29103c07669922c85cd5ca962304af5d130db3ebd051c7d5d0ba66cd2891e266cb299e5d0dd3ed72e0d8f29b84b61adf12988ec84364d36f35b8588c8068705d17f0786b40b9ba892a2aba8cecd4babec27c7fd63b71702315e69e77f7ba86398af0df38ebbb113d72dc8d2d49b3d8de386535116de57bda68bae8b71b2dd5c23cf700eadbeac32d577e3abbe71849682daab5bfc7aa45295e2216e987a1a9102c642c285ecfffc18b771f47ff9735df0c1d895ce1ae1b1bdb766fafe735dd1fa43d8849d855f05da436dbbd33618ec29c11531b5c0e9705ee6971a6399af680cfd534f74cf334cd3bd390a6a133cdd7347fa0c1204938cca337d063f572a0ef585db323a9de9cf127a4d1096a62887bc9f43cf991966a4251a838e08e64e3300bf9c846c234dd8ad96d44ee6054261595f031dad1aac1771054cb51193e71d7f8c47a79c13b60037377a9a1c212ebde7f21ac6ae2d1598621bba490bf9b53b33dcfc6bf8cd7aaa98079a583315a32aeb15f15667b70e9f22d941eac14ddf503af70a7e665a37b188df0671fe5569e7bf102d945bcf0ecd85e246e622d508c12d72d8a3cb48b7fa7cad5dfdeaffe030000ffff0300504b03041400060008000000210066c99af15b030000d910000012000000776f72642f6e756d626572696e672e786d6cbc96c96edb301086ef05fa0e82801e132d9665458813a4495da4488ba24d1f8096688b081781a4b7b7ef509b63cb092405f0c5b4c9998ff393c3f15cdf6e19b5d6582a22f8d4f62e5ddbc23c1129e1cba9fdef797611d996d288a7880a8ea7f60e2bfbf6e6f3a7eb4dcc576c8e25185ac0e02adee4c9d4ceb4ce63c75149861952978c245228b1d09789608e582c48829d8d90a9e3bb9e5b7ccba548b052c0b9477c8d945de1926d375a2ad1069c0d3070920c498db77b86d71b3276ae9ca80df2078040a1efb551a3dea8d03151b540c1201044d5228d87914e880b8791fc3669328c346a93a261a4563ab176828b1c73585c08c990869f72e930245f56f9058073a4c99c50a277c074c31a83087f191011783504364a7b13260e1329a6a3b4a688a9bd923caefc2f1a7f137a5cfa5743ed21bbe82f5d1e44b26298eb42b9233185b3105c65246f5e381b4a83c5ac86acdf13b166b4b6dbe45ec7e7f256797a288f720fec127e75fe8c9691bf4ff4dc0e3762108d4797100ef7ac23619085fb8d071dcdabc3f53a16901ae0b70061423aa674cd284f13f480e72b8ec2fd30e31aa3766cffd437f9f263d9f25d8a55bea7918fd11ef76f7f63fe867bb0aaac7bfd12d4c782f99ba11c4a024be2c7251712cd2944043964411a58c50d984fb815cb3c3afb067a0534575aa244ff5a31ebe0d7235c3af41ce0194b0c8d863493655b71b7d0587e9518bd181343e1ca30e335a230e3dfbbfed5b73bdb312b6c453579c26b4c9f7739ae6db2dd5c92f4a759a366adb4d52ca7b5c55d10460ff763b75ca16bb3406028838a754ea1e4fb817be7baeeac88a188b176f74a3fe88466ac994c714218aa3603d633de366b5fbccb66fe4752cf52bcd0e574fe5b9a8170a3d34c4fed895f849221be2c9ab2515844eb34c6b21a66826b652c09d7268a0502e1956961e314db1e0bf58e857a57c50c545b28d96b6c2cba09a76283e513d6706da7c5fbbdc57b41f0aefad392fc96a4af1f91f44730c44f2b1a9d5224c9327b5b92ef858792bca883a4d189741c26e9ddf40c7adf901f45036e28385fd28d7b4b020503248dcf967461ffa40b464755a453d285e749ba49ef1b1abb43cac2e47c4917f59734392a0b9d2445674bbaabfe49170647a5e18da4730e3a822a34abf834ed41a9e0a067a8f7af71dcb89563d93bdcfc070000ffff0300504b0304140006000800000021006af16fbb4d0e0000e38400000f000000776f72642f7374796c65732e786d6cec9ddb72e3361286efb76adf81a5abdd8b8975b06ccf549c948f3b53998333f26cae2112b210538496a4c6e3bccd3ec03e455e6c0110a4403541b241c4b5559b5c642c92f870e8fe1b688822bffff1db260ebed234633c391f4dbe1b8f029a843c62c9c3f9e8cbfdedabb35190e5248948cc137a3e7aa6d9e8c71ffefa97ef9fde64f9734cb3400092eccd263c1fadf37cfbe6e8280bd77443b2eff89626e2e48aa71b928b8fe9c3d186a48fbbedab906fb624674b16b3fcf9683a1e9f8c3426ed43e1ab150be9350f771b9ae4aafc514a6341e449b666dbaca43df5a13df134daa63ca459263abd890bde86b0a4c24c8e0168c3c294677c957f273aa35ba450a2f864acfedac47bc01c079802c049c8221ce344338e44498393511c665e62b2e70dfd360a36e19b770f094fc9321624313481e85da0c0f2ffb2b21f8473443cbca62bb28bf34c7e4cef52fd517f52ffdcf224cf82a737240b19bb178d11c40d13f0b71749c646e20c25597e9131d278722dff683c1366b971f892456c74246bcc7e1327bf92f87c349d9647ae640b6ac762923c94c768f6eaea93d912712879f565210f2d05f77c44d2578b0b59f04877acf8d7e8eef6f093aa784b42a6ea21ab9c0abf176e27a13193329b9e9e941f3eefe440935dce75250a50fc5b618fc0880b3908712c0a8d8ab374f59e878f345ae4e2c4f948d5250e7e797797329e0a1d9e8f5ebfd6071774c3deb228a2897161b26611fd654d932f198df6c77fbe555ad20742be4bc4dfb3d3b9f282388b6ebe85742b9529ce2644dae4a32c10cbab776c5fb92afeaf1236d196682abfa64486a760728850cd4721a6b24466f4b699b93be8bbba0a55d1eca52a3a7ea98ae62f559112c24b5474fa52159dbd54450af34756c492887e2b8408ab01d42e8e458d688e456c688e454b688e452a688e4509688ec5d1d11c8b1fa33916374570721edabcd070f699c5dbdbb9dd73841bb77b4a70e376cf006edcee80efc6ed8eef6edcee70eec6ed8ede6edcee608de7164bade09d9059920f56d98af33ce1390d72fa6d388d2482a572363f3c39e9d1d44b273d608ac8a627e2c1b490a8cfdd1ea244ea3e9fe732ab0bf82a58b1875d2a52fda10da7c9571a8ba43b205124781e8129cd77a965445c7c3aa52b9ad224a43e1ddb1f54668241b2db2c3df8e6963c7863d124f23c7c25d14b50a81c5ae4cf6b2912e6c1a937244cf9f0a671e22d3ebc67d9f0b19290e07217c7d413eba31f1753ace1b981c20c4f0d14667866a030c31303c366be8648d33c8d94a6791a304df3346e857ffa1a374df3346e9ae669dc346df8b8ddb33c5621de5c754cfaefdd5dc55ceeb20f6ec7823d24442c00864f377acf34b823297948c9761dc85de966acd9676c3d973c7a0eee7dcc6915c9d7ba5eb9c895e8354b76c307b446f325ae8ae7495e15cf93c02ade70897d10cb64b9407beb279f59ec9679a36815a997681724de150bdae16a23f9700fdb0be096a599371934633d78f047b99c95e6f411f9f6ad1cdeb03d6bb8ac0ea392d7e669a48756c63c7cf41386df3e6f692ad2b2c7c1a45b1ec7fc8946fe888b3ce585af99929f2a93f492fccd66bb261953b9520dd17faa2fbf9f0f3e90ede00eddc584257eec76f36a43581cf85b41bcbdfff03eb8e75b9966ca81f103bce479ce37de987a27f06fbfd0e5dffd34f04224c1c9b3a7de5e78da1e52b02be6619229483cf24412cb4c96302f73a8e2fd449f979ca4911fda5d4a8b5b6272ea89b8209b6db1e8f0a02d11179f44fcf1b01a52bc7f9294c97d215fa2baf70233b60db3ddf2571a0e0f751f79e06567e8d32e57fb8f6aa9ab4afbc30d5f26d470c39708ca9a627a90feeba1b335dcf0ced670be3a7b15932c63d6af509d79beba5bf27cf77778f2a7793ce6e96a17fb1bc012e86d044ba0b721e4f16e93643e7bac781e3bac78befbebd16514cfc3969ce2fd236591376328982f4b28982f3328982f1b289857030cbf43c7800dbf4dc7800dbf57a780795a0218305f7ee675faf7f42d8f01f3e5670ae6cbcf14cc979f29982f3f9b5d0774b5128b607f538c81f4e57306d2df4493e474b3e529499f3d216f62fa403c6c9016b4bb94afe46f257852dcc4ed0129f7a8638f8bed02e7cbc8bfd0a5b7a64996cf7679d8112571ccb9a7bdb5fd84a34a1a1b87f3d79dc5d42f390637e12e26215df338a2a9a54ff6b2225f5e143fcb386cbe6a46af6dcff7ec619d078b75b5db6f624ec69d25cb84bd56acbbc2a6313f297fcfd254ec038dd86e533614fe98e264d6bfb0f2e85ae1e3eec2fb9544ade4bc674958e74977c9fd2ab956f2b4674958e759cf924aa7b5926d7ab826e963a3239cb6f94f95e3599cefb4cd8baac28dd5b6395255b2c9054fdbbca82695e0220ce5b705d03afd34632fdf4f3cf6f21815d9291839d929bd756547b409ec33fdcae4cc8e099aaabeeaee89c3ea666a11dd2b72febce3c5be7ded0ba7fe3fea7a27164e49468346ceacff1757b528631fc7dee1c68ee81d77ec88de01c88ee81589acc55121c94ee91d9bec88de41ca8e40472b3823e0a2152c8f8b56b0bc4bb4821497683560156047f45e0ed81168a142045aa803560a76044aa8a0b8935021052d5488400b1522d042850b309c5061799c50617917a1428a8b5021052d5488400b1522d0428508b45021022d54c7b5bdb5b8935021052d5488400b1522d04255ebc5014285e5714285e55d840a292e428514b45021022d5488400b1522d0428508b4502102255450dc49a89082162a44a0850a1168a1163f3574172a2c8f132a2cef22544871112aa4a0850a1168a142045aa81081162a44a0850a1128a182e24e428514b45021022d5488400b557d593840a8b03c4ea8b0bc8b5021c545a89082162a44a0850a1168a142045aa81081162a44a0840a8a3b091552d0428508b45021a2cd3ff55794b6dbec27f85d4feb1dfbfdbfbad28dfa6cfe94db44cdfaa3ca56d959fd7f8b70c9f963d0f8c3c399ca37fa41d832665c6d515bbe5637b9ea9608d4179f9faeda7fe163d2073e7449795df1952958c61db7e9cf28380fa4180f4bcfdbe467943ea9ee2704849e0d3fb513da946710264131d368f981513e6e0ba906c7beb77edc16510d827d6bfdb82da09a66b41350f6b462f086b5a3d016b6a3dc4c0d7603d1a68604aca921016b6a48703235c0b89b1aa29c4d0d516ea606fb4968534302d6d4908035352438991a60dc4d0d51cea686283753c3a90c6b6a48c09a1a12b0a61e38215b31eea68628675343949ba9414e8b363524604d0d095853438293a901c6ddd410e56c6a88723335c88ad0a68604aca921016b6a48703235c0b89b1aa29c4d0d516da6565973cdd4280b1bc5718b30a3206e42360ae282b351d0215b324a3b664b06c1315b82b62a6d8ecb964ca3d9097dad6727f435a39d80b2a7158337ac1d85b6b01de5666a5cb6d4646a77a1da095853e3b225aba971d952aba971d952aba971d992ddd4b86ca9c9d4b86ca9c9d4eec1d94e7032352e5b6a35352e5b6a35352e5bb29b1a972d35991a972d35991a972d35997ae0846cc5b89b1a972db59a1a972dd94d8dcb969a4c8dcb969a4c8dcb969a4c8dcb96aca6c6654bada6c6654bada6c6654b7653e3b2a52653e3b2a52653e3b2a52653e3b225aba971d952aba971d952aba971d9d20751847978e4cf6243d23cf0f77cb0b7245be764f8c3e8be2429cd78fc954601baab474fb57714c93ad41bc5c4f5b9e8a87c4cb5f19b92a8784ca706aa0bdf45d5bb846461d9a240bfb5491f560dd7dfa91535aa821d5555f0fb7c17f30980efdf3fa4f84b22faf4498e09a83a91cfae6b382e6d581e2f2ab92269716aef5ae5055a3cfb6e3cbd493391cfebd3e3f17c32bf3dd3dad02f977aa474fb5154ae8ec90fef594233f569ffdea9a57ce613950257bf8dd1afa1d2205e3c54e7fdd7b8aa481b4d57d1fa0e2ff26bcb3bbce4c91b7d4c9eafbdc6ab5672ff1a2f79f8b27a8dd7b2f8ff55d1a3504ab46ce5ec647efb5af9882aaae47b3e224abcfbc3f20e0281bdbc2d78c66bc174b0abbd164c1d33deee8577a2a9d58974f4f0e144d36e27aa0bb1c3af8e2f4e265757ee7ea55f68d6e5576530f8dff6abe3dbb3c9e5b5cdaf0ebd484fdb352f52c7babd285c0b370af5b3ce2c51ef76276aa511dda62959f16d2afe94050e7dccf268638b8b94bda88277b3c7d85b9ecb29b3a5d5724a25495bc02e665dab0f6b27ee6aa168cf322ebc48fcf12e912efda45f3057b434fa460a94387f45e3f80329aee65bfba5315d49198ab393b17ac8c5c1f965f1bc466bf9542df4ac80a37a638a8fed9e52bcc141df716219f3054b62b19c210d03ae6e801a3ad63da361b8cbc4e0a889feb085da496dceab07af16986ec7e3f1990edd3a6ac8d723ca9feed3eb9beabae282fd998f8767a25f45b33e4bbb144e629e04af67345fce785c7d687e39a3258a9d8fae48cc96a98a412a3ad58e84d9fe230c4063f51f8834faf6c55aa451c79091a6c542fb15caa18dee7fff8f3c27d2986aea3998c82c91aa5014580559bdb1c90bcc65cf9f8b11c462049a51dd5bd7643ea77548cb3264a2ed655f745c4fc7a7b3fa62767b19a97fab08ab2e95af11d04fddfced7c543c7648ca5c4cd5ca5ac558774edb52b29a0f243fabbd91d5267a5957225f56b323b17e7a4877287821dfac79e3e454f823180bd972b501dde88bd5902882bed1f991a69587ec7db4ba482f694daf2d8e790e496d11c94b3ceaf262bbe7fe69f33fc8e62ac7b1197deac7ecba2f3da721334bfa7fcf5d9a279d3b35e8116d5e88aaddb6fde3439aac67ce36d02a33bd04b2cf29b39bf9f16bbd0faa8332530b3eb9a697f7fa6bd5b6c5716ca7173231961412c109d778ce942dc474f5e9fa6c7c3abea8f569d09215dbbf9b24244bfa5b53eff48b18bb2c69ea6e4f6bdbc3b06f62d4c7e6743e9b4cebf616b9a9da6114ff96d749ef2f82ce968b95f7f1b40c62c6352a69ab2e399b8fcba575c9fb83c6bc6f4cac8fdba121f667070746c3dc1dd6b199021d35986cd6034b60c8d0afe8c438d89ef6a783611cac3e6e87861067838806dbdfff2daf18ec6486c9073b59f957f6c37f010000ffff0300504b030414000600080000002100b95dd0d7c7010000e505000013000801646f6350726f70732f637573746f6d2e786d6c20a2040128a0000100000000000000000000000000000000000000000000000000000000000000000000000000000000000000000000000000000000000000000000000000000000000000000000000000000000000000000000000000000000000000000000000000000000000000000000000000000000000000000000000000000000000000000000000000000000000000000000000000000000000000000000000000000000000000000000000000000000000000000000000000000000000000000000000000000000000000000000000000000000000000000000000000000000000000000000000000000000000000000000000000000000000000000000000000000000b494c18adb301086ef85be83d1a93d682dc9b123193b4b126761a15b1692eda197a048e38dc1968cada40da5ef5e65bbdb90422f2e3e8e66e69fef17d264b7df9b3a3842d757d6e488de101480515657e639474f9b3bcc51d03b69b4acad811c9da047b7b3f7efb2c7ceb6d0b90afac04b983e477be7da340c7bb58746f6373e6d7ca6b45d239d0fbbe7d09665a5a0b0ead0807121232409d5a177b6c1ed1f39f45b2f3dbaa192daaa335dff65736abdde2c7b153f0565e32a9da31f45bc2c8a98c498adc4125342175844628a0927842dd8f24ecc573f51d09e8b190a8c6cbcf587f5fde3f693dc41bda54c88692414963ad2782208c79c2480275a501a5399008db62b237735683fffe8d2bafdd6bb6ee6ba0364e125cec237b6ffa48c8652aec115d2c11525238cf97998d10d4dd2384e99f83a0af56428f503b8bdbdbedaf5cb2bedf428a0f150d0cfbeeb0a735ed7c1aa696b7b02ff753e3c990efc71a51ce88fa3a027835f46e5e0fefa8ed54e3115718a59c95eaa232ca8a638268912114da482e92826a6434dcc95f39bed2f1bbe93f1e43c590b892754469827a0712c6819f924e73b328a0d3ed4c6d21ae7f7dba272e77d7621fb276678d9cfb35f000000ffff0300504b030414000600080000002100743f397ac2000000280100001e000801637573746f6d586d6c2f5f72656c732f6974656d312e786d6c2e72656c7320a2040128a00001000000000000000000000000000000000000000000000000000000000000000000000000000000000000000000000000000000000000000000000000000000000000000000000000000000000000000000000000000000000000000000000000000000000000000000000000000000000000000000000000000000000000000000000000000000000000000000000000000000000000000000000000000000000000000000000000000000000000000000000000000000000000000000000000000000000000000000000000000000000000000000000000000000000000000000000000000000000000000000000000000000000000000000000000000000008ccfb18ac3300c06e0fde0dec1686f9cdc50ca11a74b29743b4a0eba1a47494c63cb586a69dfbee6a62b74e82889fffb51bbbd85455d31b3a768a0a96a50181d0d3e4e067efbfd6a038ac5c6c12e14d1c01d19b6dde7477bc4c54a09f1ec13aba24436308ba46fadd9cd182c57943096cb48395829639e74b2ee6c27d45f75bdd6f9bf01dd93a90e83817c181a50fd3de13b368da377b823770918e545857617160aa7b0fc642a8daab7794231e005c3dfaaa98a09ba6bf5d37fdd030000ffff0300504b03041400060008000000210023cd6bb4e20000005501000018002800637573746f6d586d6c2f6974656d50726f7073312e786d6c20a2240028a0200000000000000000000000000000000000000000000000000000000000000000009c90c16ac3300c86ef83bd83d1dd75da74f152e294a449a1d7b1c1aeaee32486d80eb65336c6de7d0e3b75c79dc427217d3f2a8e1f7a4237e9bcb286c17693009246d84e9981c1dbeb193f03f2819b8e4fd64806c6c2b17c7c283a7fe878e03e58272f416a141b2ad64bc3e0abde9e4e7546535cd5bb16efebb6c239adce384f5bdad0279ae579fa0d28aa4d3ce3198c21cc0742bc18a5e67e636769e2b0b74ef310d10dc4f6bd12b2b162d1d204b24b928c8825eaf5bb9ea05cf3fc6ebfc8dedfe31a6d71eabf96abba4eca0e8ecfe32790b2207f542bdfbda2fc010000ffff0300504b030414000600080000002100b7f1ae24af0000000e01000013002800637573746f6d586d6c2f6974656d312e786d6c20a2240028a020000000000000000000000000000000000000000000000000000000000000000000ac8fc10ac23010447f25ecdda67a10296da5209e44842a78f092a6db3690ec96248afebd41c42ff0386fe00d536e9fce8a07fa60982a5866390824cdbda1b182cb79bfd880085151af2c1356400cdbbaec8a96ef5e63102d5ad411fb36be6caa6fcda9c9aeed01c4071c954b303110698742d15530c5381752063da15321e3192975037ba7628a7e943c0c46e38ef5dd2145b9caf3b5ec4c670d8f5ecdd3eb2bfb8baa2ee5ef4cfd060000ffff0300504b0304140006000800000021008c1bd7966f010000bb02000011000801646f6350726f70732f636f72652e786d6c20a2040128a00001000000000000000000000000000000000000000000000000000000000000000000000000000000000000000000000000000000000000000000000000000000000000000000000000000000000000000000000000000000000000000000000000000000000000000000000000000000000000000000000000000000000000000000000000000000000000000000000000000000000000000000000000000000000000000000000000000000000000000000000000000000000000000000000000000000000000000000000000000000000000000000000000000000000000000000000000000000000000000000000000000000000000000000000000000000007c92cb6ec2301045f795fa0f91f7c68f50405648d5e78a5648a46ac5ceb5076a357122db85f2f74d02097da02ec7737c3473ede4f2b3c8a30d386f4a3b456c4051045695dad8f5143d65f77882221fa4d5322f2d4cd10e3cba4ccfcf125509553a98bbb202170cf8a836592f5435456f21548210afdea0907e5013b66eae4a57c850976e4d2aa9dee51a08a774440a0852cb204923c4556f4407a556bdb2fa70792bd08a400e05d8e0091b30726403b8c29fbcd076be918509bb0a4ea25db3a73fbde9c1ed763bd8c62d5acfcfc8cbc36cd1ae8a8d6db25280d2442ba11cc850baf4d6c0ba8c66608d8f96f255e6f5be09f9063461e6d287873af795017dbd4b17778f5709f97bdea00e36a679af341eb6485f779eb93336804e396531a6634c27191b093e16942e7b69072587c8f6d3808eea55c53e98aef31cdfdc66f7a8f1714c8798c719e3820ef7be5ff78fc2e230f6bf46ce31a398b38c73115ffc347682b41dfae7774bbf000000ffff0300504b03041400060008000000210038e51473a0020000fa08000012000000776f72642f666f6e745461626c652e786d6cc494bb6edb301486f7027d07817b224a91af8812e4e6a24332b4ee03d034651115498194e3784df6ce1dda47283ab44097bc8d81ac79851e52b263c0561c15686bc1067578f893e7f37f78787c2332ef9a69c3958c51b08f91c72455632e2731fa301cec7591670a22c7245392c568ce0c3a3e7afdea70d64f942c8c07eba5e90b1aa3b428f2beef1b9a3241ccbeca9984c94469410a78d5135f10fd719aef51257252f011cf7831f7438cdba892d12f515149c2293b57742a982cdc7a5fb30c14953429cfcd526df612b599d2e35c2bca8c819a4556ea09c2e54a2688368404a75a199514fb504c75222705cb03ec46227b12683513083704da948f9b69b42b0d1f56aee918d64ca6b5943173c16e902768ffed442a4d461928011a0faaf39cb0fdb59b1d55def0667d4904640db960c6bb6233ef9d1244ba849c4865580039d7248b110ee169e303dcc2117c431845c8b7893425da302b5626e2329c10c1b3f932aa9dae9bc87941d365fc9a686e4f5a4e193e8189a919e1185d608cc38bc100959120466710e9745ba75524b47bb94faf8a1cac22d846a8d371af41a9439dce2a07f6f44b121b44ce48c6479ad790183802f6898043d888849971639a9188b69108a3ce3f22210004a92161bd507ac27aa319893ff3046eaf9388424b6215b124c2a7ba9f27d16b48e2f2bdf7461529a78e05c98a2b082f0ffd78ffedf1fe87b7b8fdb9b8fdb5b8bb5bdc7eaf4adb60760aac7ab803a316eed632eb6e6526d498e96dd0127ec3c635c4c27562ed93b3cee07cb0ee9daec311ee20065c9b123b813f32ab718ea510555de43ae9eff6902de0bfdd26e09c4b2e69aa9e71cec3e74f0f5fbed679c6debd3dc7cb7aa6eeeeddee99b53e93aa18ea291bce73f6620b55f5054fe8e0049d25967574c1aea673adb9035d353047bf010000ffff0300504b030414000600080000002100bdd48dbf270100008f02000014000000776f72642f77656253657474696e67732e786d6c94d2cd6a02311000e07ba1ef1072d7ac52a52cae4229965e4aa1ed03c4ecac8666322113bbdaa76fdc6a7ff0e25e4226c97cc984992d76e8c40744b6e42b391a16528037545bbfaee4dbeb72702b0527ed6bedc84325f7c07231bfbe9ab5650bab1748299f649115cf259a4a6e520aa5526c36809a8714c0e7cd8622ea94c3b856a8e3fb360c0c61d0c9aeacb369afc645319547265ea250d35803f764b6083e75f92a82cb2279ded8c027adbd446b29d6219201e65c0fba6f0fb5f53fcce8e60c426b22313569988b39bea8a372faa8e866e87e81493f607c064c8dadfb19d3a3a172e61f87a11f333931bc47d84981a67c5c7b8a7ae5b294bf46e4ea44071fc6c365f3dc21149245fb094b8a77915a86a80ecbda396a9f9f1e72a0feb5d1fc0b0000ffff0300504b0304140006000800000021006db36335ea010000e303000010000801646f6350726f70732f6170702e786d6c20a2040128a00001000000000000000000000000000000000000000000000000000000000000000000000000000000000000000000000000000000000000000000000000000000000000000000000000000000000000000000000000000000000000000000000000000000000000000000000000000000000000000000000000000000000000000000000000000000000000000000000000000000000000000000000000000000000000000000000000000000000000000000000000000000000000000000000000000000000000000000000000000000000000000000000000000000000000000000000000000000000000000000000000000000000000000000000000000000009c53c18ed33010bd23f10f91ef5ba72d2dcbcaf50a7585f6006ca56677cfc699b4168e6dd9d36acb3ff115fc18938406173891d39b3793e7e799b1b87d696d7184988c772b369d94ac00a77d6ddc6ec51eab0f57d7ac48a85cadac77b0622748ec56be7e2536d1078868201524e1d28aed11c30de749efa1556942694799c6c756218571c77dd3180d775e1f5a70c86765b9e4f082e06aa8afc228c806c59b23feaf68ed75e72f3d55a7407a5254d006ab10e4e7ee4f3ba93db6828faca83c2a5b9916e462bea0c4188a8dda41926f051f8078f6b14e7251be137c8062bd575169a41ecad97539173c23c4fb10acd10aa9bdf293d1d127df60f1d07b2e3a01c1f31241f7d8823e448327590a9e87e2a371e46046270c88bc45b58b2aec935c7606c7486cb5b2b0a616c846d90482ff26c43da86ebc1b653a8347bc3982461f8b64bed18067acf8a212748d5bb1a38a46396443d910f4d8868451563fbee3c17ac147a68779618ecd1b39ed0b085c16f641ef82f0a5bfcaa085f4d0d0edf01f76a7b9dddec36036b3933b3b9ff187eadab741396a311f11b5f86b7a0c95bfeb16e457172fc96cf2cf06f7dba0344d653e2f97f90e6429b125166a1aea38969110f7748568bb03e85fb783fa5cf377a2dbaaa7e1cdcae97252d2d7afd199a35d181f93fc090000ffff0300504b01022d001400060008000000210084ad3f96af010000600800001300000000000000000000000000000000005b436f6e74656e745f54797065735d2e786d6c504b01022d001400060008000000210099557e05fe000000e10200000b00000000000000000000000000e80300005f72656c732f2e72656c73504b01022d0014000600080000002100f351d49e610100005c0700001c0000000000000000000000000017070000776f72642f5f72656c732f646f63756d656e742e786d6c2e72656c73504b01022d00140006000800000021002d7adb3ced1e0000055901001100000000000000000000000000ba090000776f72642f646f63756d656e742e786d6c504b01022d00140006000800000021009948361988020000840a00001000000000000000000000000000d6280000776f72642f666f6f746572312e786d6c504b01022d0014000600080000002100235bc41285020000a20a000012000000000000000000000000008c2b0000776f72642f666f6f746e6f7465732e786d6c504b01022d0014000600080000002100cd4af62a850200009c0a00001100000000000000000000000000412e0000776f72642f656e646e6f7465732e786d6c504b01022d000a000000000000002100bd9103b6e8c70000e8c700001500000000000000000000000000f5300000776f72642f6d656469612f696d616765332e706e67504b01022d000a0000000000000021001c5d564cc81b0000c81b0000150000000000000000000000000010f90000776f72642f6d656469612f696d616765322e706e67504b01022d0014000600080000002100c3737a1904060000a61b000015000000000000000000000000000b150100776f72642f7468656d652f7468656d65312e786d6c504b01022d000a000000000000002100ee9c5ffdb72f0000b72f00001500000000000000000000000000421b0100776f72642f6d656469612f696d616765312e706e67504b01022d001400060008000000210028e1f61634050000c10f000011000000000000000000000000002c4b0100776f72642f73657474696e67732e786d6c504b01022d001400060008000000210066c99af15b030000d910000012000000000000000000000000008f500100776f72642f6e756d626572696e672e786d6c504b01022d00140006000800000021006af16fbb4d0e0000e38400000f000000000000000000000000001a540100776f72642f7374796c65732e786d6c504b01022d0014000600080000002100b95dd0d7c7010000e5050000130000000000000000000000000094620100646f6350726f70732f637573746f6d2e786d6c504b01022d0014000600080000002100743f397ac2000000280100001e0000000000000000000000000094650100637573746f6d586d6c2f5f72656c732f6974656d312e786d6c2e72656c73504b01022d001400060008000000210023cd6bb4e20000005501000018000000000000000000000000009a670100637573746f6d586d6c2f6974656d50726f7073312e786d6c504b01022d0014000600080000002100b7f1ae24af0000000e0100001300000000000000000000000000da680100637573746f6d586d6c2f6974656d312e786d6c504b01022d00140006000800000021008c1bd7966f010000bb0200001100000000000000000000000000e2690100646f6350726f70732f636f72652e786d6c504b01022d001400060008000000210038e51473a0020000fa0800001200000000000000000000000000886c0100776f72642f666f6e745461626c652e786d6c504b01022d0014000600080000002100bdd48dbf270100008f0200001400000000000000000000000000586f0100776f72642f77656253657474696e67732e786d6c504b01022d00140006000800000021006db36335ea010000e30300001000000000000000000000000000b1700100646f6350726f70732f6170702e786d6c504b050600000000160016009b050000d17301000000, 2, 1, '2022-10-28 15:48:33', NULL);
INSERT INTO `madsoporte` (`id`, `nombre`, `archivo`, `cliente`, `estado`, `fregistro`, `factualizado`) VALUES
(2, 'tarea.txt', 0x383034, 2, 1, '2022-10-28 16:03:58', NULL);

-- --------------------------------------------------------

--
-- Estructura de tabla para la tabla `madtiparametros`
--

CREATE TABLE `madtiparametros` (
  `id` int(11) NOT NULL COMMENT 'Identificador único del registro',
  `nombre` varchar(45) DEFAULT NULL COMMENT 'Nombre del tipo de parametro que se registra',
  `estado` int(1) DEFAULT NULL COMMENT '0 inactivo, 1 activo',
  `fregistro` timestamp NOT NULL DEFAULT current_timestamp() COMMENT 'Fecha de registro del tipo de parametro',
  `factualizado` timestamp NULL DEFAULT NULL COMMENT 'Fecha en que se hizo una modificación al campo nombre'
) ENGINE=InnoDB DEFAULT CHARSET=latin1;

--
-- Volcado de datos para la tabla `madtiparametros`
--

INSERT INTO `madtiparametros` (`id`, `nombre`, `estado`, `fregistro`, `factualizado`) VALUES
(1, 'identificacion', 1, '2022-10-18 23:12:04', NULL),
(2, 'plataforma', 1, '2022-10-18 23:12:04', NULL);

-- --------------------------------------------------------

--
-- Estructura de tabla para la tabla `madusuarioroles`
--

CREATE TABLE `madusuarioroles` (
  `id` int(11) NOT NULL COMMENT 'Identificador único del registro',
  `usuario` int(11) NOT NULL COMMENT 'Identificador del usuario al que se le asigna el rol',
  `rol` int(11) NOT NULL COMMENT 'Identificador del rol que se le otorga al usuario',
  `estado` int(1) DEFAULT NULL COMMENT '0 inactivo, 1 activo',
  `fregistro` timestamp NOT NULL DEFAULT current_timestamp() COMMENT 'Fecha de asignacion del rol al usuario',
  `factualizado` timestamp NULL DEFAULT NULL COMMENT 'Fecha en que se hizo una modificación al campo estado'
) ENGINE=InnoDB DEFAULT CHARSET=latin1;

--
-- Volcado de datos para la tabla `madusuarioroles`
--

INSERT INTO `madusuarioroles` (`id`, `usuario`, `rol`, `estado`, `fregistro`, `factualizado`) VALUES
(1, 1, 1, 1, '2022-10-23 16:12:16', '2022-10-27 16:28:27'),
(2, 2, 2, 0, '2022-10-23 23:22:59', '2022-10-24 02:36:50'),
(3, 3, 3, 1, '2022-10-24 04:18:46', '2022-10-24 22:03:31'),
(4, 4, 1, 1, '2022-10-24 21:46:13', '2022-10-24 22:26:13'),
(5, 5, 2, 1, '2022-10-24 22:06:34', '2022-10-27 16:07:36'),
(6, 6, 1, 1, '2022-10-26 04:39:03', NULL),
(7, 7, 1, 1, '2022-10-27 16:27:32', NULL),
(8, 8, 1, 1, '2022-11-09 13:30:16', NULL);

-- --------------------------------------------------------

--
-- Estructura de tabla para la tabla `mclclientes`
--

CREATE TABLE `mclclientes` (
  `id` int(11) NOT NULL COMMENT 'Identificador único del registro',
  `login` varchar(45) NOT NULL COMMENT 'Nombre identificador del cliente',
  `contrasenia` varchar(255) NOT NULL COMMENT 'Contraseña del cliente que se registra ',
  `persona` int(11) NOT NULL COMMENT 'Identificador de los datos de la tabla persona relacionada a el cliente',
  `estado` int(1) DEFAULT NULL COMMENT '0 inactivo, 1 activo',
  `fregistro` timestamp NOT NULL DEFAULT current_timestamp() COMMENT 'Fecha de registro del cliente',
  `factualizado` timestamp NULL DEFAULT NULL COMMENT 'Fecha en que se hizo una modificación al campo login o contrasenia'
) ENGINE=InnoDB DEFAULT CHARSET=latin1;

--
-- Volcado de datos para la tabla `mclclientes`
--

INSERT INTO `mclclientes` (`id`, `login`, `contrasenia`, `persona`, `estado`, `fregistro`, `factualizado`) VALUES
(1, 'hammer@gmail.com', '$2a$12$5NWsEao.qXDNLS/7I1SmK.YCjzrYVWNwanYMy/v0sDcoG5/AHRMpm', 1, 1, '2022-08-25 10:56:34', '2022-08-25 10:56:34'),
(2, 'juang@gmail.com', '$2a$12$eddOp2fvV/JIAGP2K7aozeqSP1TRKlF2ijMLZhjRuW4GR.7egjkIq', 9, 1, '2022-10-27 14:32:27', NULL);

-- --------------------------------------------------------

--
-- Estructura de tabla para la tabla `mcllistadeseos`
--

CREATE TABLE `mcllistadeseos` (
  `id` int(11) NOT NULL COMMENT 'Identificador único del registro',
  `cliente` int(11) NOT NULL COMMENT 'Identificador del cliente al que pertenece la lista de deseos\n',
  `combo` int(11) DEFAULT NULL COMMENT 'Identificador del combo agregado a la lista de deseos',
  `articulo` int(11) DEFAULT NULL COMMENT 'Identificador del articulo agregado a la lista de deseos',
  `producto` int(11) DEFAULT NULL COMMENT 'Identificador del producto agregado a la lista de deseos',
  `estado` int(1) DEFAULT NULL COMMENT '0 inactivo, 1 activo\n',
  `fregistro` timestamp NOT NULL DEFAULT current_timestamp() COMMENT 'Fecha de registro de producto o combo en la lista de deseos',
  `factualizado` timestamp NULL DEFAULT NULL COMMENT 'Fecha en que se hizo una modificación al campo estado'
) ENGINE=InnoDB DEFAULT CHARSET=latin1;

-- --------------------------------------------------------

--
-- Estructura de tabla para la tabla `mprarticulos`
--

CREATE TABLE `mprarticulos` (
  `id` int(11) NOT NULL COMMENT 'Identificador único del registro',
  `nombre` varchar(45) NOT NULL COMMENT 'Nombre de la decoracion que se registra ',
  `descripcion` varchar(500) DEFAULT NULL COMMENT 'Decripción de la decoración que se registra ',
  `precio` int(11) NOT NULL COMMENT 'Valor de la unidad del artículo que se registra',
  `existencia` int(11) DEFAULT NULL COMMENT 'Número de unidades del producto en el inventario',
  `vista` int(11) NOT NULL COMMENT 'Numero de vistas que tiene el articulo',
  `compra` int(11) DEFAULT NULL COMMENT 'Numero de veces que fue comprado el articulo',
  `marca` int(11) DEFAULT NULL COMMENT 'Identificador de la marca que tiene el articulo',
  `tipoarticulo` int(11) NOT NULL COMMENT 'Identificador del tipo de articulo al que pertenece el articulo',
  `estado` int(1) DEFAULT NULL COMMENT '0 inactivo, 1 activo',
  `fregistro` timestamp NOT NULL DEFAULT current_timestamp() COMMENT 'Fecha de registro de la decoración',
  `factualizado` timestamp NULL DEFAULT NULL COMMENT 'Fecha en que se hizo una modificación al titulo, descripción, imagen o precio'
) ENGINE=InnoDB DEFAULT CHARSET=latin1;

--
-- Volcado de datos para la tabla `mprarticulos`
--

INSERT INTO `mprarticulos` (`id`, `nombre`, `descripcion`, `precio`, `existencia`, `vista`, `compra`, `marca`, `tipoarticulo`, `estado`, `fregistro`, `factualizado`) VALUES
(1, 'tornillo', 'tornillo para atornillar', 500, 20, 3, 0, 1, 1, 1, '2022-09-04 19:48:06', '2022-11-17 08:42:53'),
(2, 'puff', 'puff de balon de futbol', 100000, 30, 5, 0, 1, 1, 1, '2022-09-04 19:51:49', NULL),
(3, 'tapete', 'tapeque de bienvenida', 30000, 30, 7, 0, 1, 1, 1, '2022-09-04 19:53:28', NULL),
(4, 'puff 5', 'es comodo pero no tanto', 100000, 40, 0, 0, 1, 1, 0, '2022-11-16 03:40:23', '2022-11-17 08:46:50'),
(5, 'puff 5', 'es comodo pero no tanto', 100000, 40, 0, 0, 1, 1, 1, '2022-11-16 03:41:39', '2022-11-16 03:41:39');

-- --------------------------------------------------------

--
-- Estructura de tabla para la tabla `mprbanners`
--

CREATE TABLE `mprbanners` (
  `id` int(11) NOT NULL COMMENT 'Identificador único del registro',
  `nombre` varchar(45) DEFAULT NULL COMMENT 'Nombre del banner que se registra ',
  `descripcion` varchar(100) DEFAULT NULL COMMENT 'Descripción del banner que se registra',
  `producto` int(11) DEFAULT NULL COMMENT 'Identificador del producto al que está relacionado el banner',
  `combo` int(11) DEFAULT NULL COMMENT 'Identificador del combo al que está relacionado el banner',
  `estado` int(1) DEFAULT NULL,
  `fregistro` timestamp NOT NULL DEFAULT current_timestamp() COMMENT 'Fecha de registro del banner',
  `factualizado` timestamp NULL DEFAULT NULL COMMENT 'Fecha en que se hizo una modificación al campo nombre o imagen'
) ENGINE=InnoDB DEFAULT CHARSET=latin1;

-- --------------------------------------------------------

--
-- Estructura de tabla para la tabla `mprcategorias`
--

CREATE TABLE `mprcategorias` (
  `id` int(11) NOT NULL COMMENT 'Identificador único del registro\n',
  `nombre` varchar(45) DEFAULT NULL COMMENT 'Nombre de la categoria que se registra',
  `estado` int(1) DEFAULT NULL COMMENT '0 inactivo, 1 activo',
  `fregistro` timestamp NOT NULL DEFAULT current_timestamp() COMMENT 'Fecha de registro de la categoria',
  `factualizado` timestamp NULL DEFAULT NULL COMMENT 'Fecha en que se hizo una modificación al campo nombre\n'
) ENGINE=InnoDB DEFAULT CHARSET=latin1;

--
-- Volcado de datos para la tabla `mprcategorias`
--

INSERT INTO `mprcategorias` (`id`, `nombre`, `estado`, `fregistro`, `factualizado`) VALUES
(1, 'cama', 1, '2022-09-04 11:31:54', '2022-11-17 08:35:50'),
(2, 'escritorios', 0, '2022-11-17 12:56:59', '2022-11-17 12:59:41'),
(3, 'repisa', 1, '2022-11-17 13:00:00', '2022-11-17 13:00:00');

-- --------------------------------------------------------

--
-- Estructura de tabla para la tabla `mprcombos`
--

CREATE TABLE `mprcombos` (
  `id` int(11) NOT NULL COMMENT 'Identificador único del registro',
  `nombre` varchar(45) NOT NULL COMMENT 'Nombre del combo que se registra ',
  `vistas` int(11) DEFAULT NULL COMMENT 'Numero de vistas que tiene el combo',
  `compras` int(11) DEFAULT NULL COMMENT 'Numero de compras que tenga el producto',
  `estado` int(1) DEFAULT NULL COMMENT '0 inactivo, 1 activo',
  `descuento` int(11) DEFAULT NULL COMMENT 'Porcentaje que se descuenta del valor total de combo que se registra ',
  `total` int(11) DEFAULT NULL COMMENT 'Valor de la unidad del combo que se registra ',
  `fregistro` timestamp NOT NULL DEFAULT current_timestamp() COMMENT 'Fecha de creación del combo',
  `factualizado` timestamp NULL DEFAULT NULL COMMENT 'Fecha en que se hizo una modificación el campo vistas, nombre o compras'
) ENGINE=InnoDB DEFAULT CHARSET=latin1;

--
-- Volcado de datos para la tabla `mprcombos`
--

INSERT INTO `mprcombos` (`id`, `nombre`, `vistas`, `compras`, `estado`, `descuento`, `total`, `fregistro`, `factualizado`) VALUES
(1, 'combo1', 2, NULL, 0, 10, 200000, '2022-09-11 09:26:32', '2022-09-11 14:15:12'),
(2, 'combo22', 30, NULL, 1, 10, 2070000, '2022-09-11 09:31:53', '2022-11-16 06:05:18'),
(3, 'Combo3', 6, NULL, 0, 0, 2301000, '2022-09-11 09:33:47', '2022-11-16 06:05:25'),
(4, 'combo44', 5, NULL, 0, 0, 0, '2022-09-11 09:39:16', '2022-11-16 06:05:28'),
(5, 'combo4', 13, NULL, 0, 10, 739148, '2022-09-11 09:40:56', '2022-11-16 06:05:30'),
(6, 'combo554', 12, NULL, 0, 10, 5247900, '2022-09-11 09:42:42', '2022-11-16 06:05:32'),
(7, 'Combo7', 4, NULL, 0, 10, 2645955, '2022-09-11 09:48:34', '2022-11-16 06:05:36'),
(8, 'combo4', 1, NULL, 0, 25, 2628325, '2022-09-11 16:45:33', '2022-11-16 06:05:38'),
(9, 'why', NULL, NULL, 0, 0, 2900000, '2022-09-17 11:39:50', '2022-11-16 06:05:40'),
(10, 'el combo papa', NULL, NULL, 0, 90, 190000, '2022-09-17 11:43:51', '2022-09-17 07:19:27'),
(11, 'the combb', NULL, NULL, 0, 10, 1080450, '2022-09-17 11:48:10', '2022-11-16 06:05:42'),
(12, 'No Combo', NULL, NULL, 0, 10, 900000, '2022-09-17 13:25:25', '2022-11-14 06:17:46'),
(13, 'coco', NULL, NULL, 1, 10, 1620000, '2022-09-17 13:27:26', '2022-11-16 06:06:12'),
(14, 'hola hola', NULL, NULL, 1, 6, 6580000, '2022-09-17 13:27:55', '2022-11-16 06:06:32'),
(15, 'combo 1515', NULL, NULL, 1, 10, 2610000, '2022-11-11 05:16:19', '2022-11-16 06:06:46'),
(16, 'combo16', NULL, NULL, 1, 10, 1260000, '2022-11-11 05:21:24', '2022-11-16 06:07:03'),
(17, 'combo 1717', NULL, NULL, 0, 11, 1335000, '2022-11-11 18:06:38', '2022-11-16 06:07:10'),
(18, 'combo 1717', NULL, NULL, 0, 11, 1335000, '2022-11-11 18:13:02', '2022-11-16 06:07:15'),
(19, 'combo 1818', NULL, NULL, 0, 0, 3900000, '2022-11-13 19:28:39', '2022-11-16 06:07:17'),
(20, 'combo 2020', NULL, NULL, 0, 10, 117450, '2022-11-14 02:14:37', '2022-11-16 06:07:19'),
(21, 'Combo 21', NULL, NULL, 0, 10, 117000, '2022-11-14 10:54:58', '2022-11-16 06:07:20'),
(22, 'combo 22', NULL, NULL, 0, 10, 1800000, '2022-11-14 11:43:33', '2022-11-16 06:07:22'),
(23, 'combo 23', NULL, NULL, 0, 10, 1800000, '2022-11-14 11:44:04', '2022-11-16 06:07:24'),
(24, 'combo 25', NULL, NULL, 0, 14, 1634000, '2022-11-14 22:00:06', '2022-11-16 06:07:25'),
(25, 'combo 25', NULL, NULL, 0, 14, 1634000, '2022-11-14 22:00:22', '2022-11-16 06:07:27'),
(26, 'combo 29', NULL, NULL, 0, 10, 540000, '2022-11-14 22:40:36', '2022-11-16 06:07:29'),
(27, 'combo 30', NULL, NULL, 0, 0, 1400000, '2022-11-16 09:59:56', '2022-11-16 06:07:31'),
(28, 'combo 30', NULL, NULL, 0, 0, 1400000, '2022-11-16 10:00:00', '2022-11-16 06:07:33'),
(29, 'combo 30', NULL, NULL, 0, 0, 1400000, '2022-11-16 10:00:09', '2022-11-16 06:07:35'),
(30, 'combo 30', NULL, NULL, 0, 0, 2000000, '2022-11-16 10:02:14', '2022-11-16 06:07:36'),
(31, 'combo 31', NULL, NULL, 0, 30, 420000, '2022-11-16 10:03:25', '2022-11-16 06:07:38'),
(32, 'combo 32', NULL, NULL, 0, 10, 1080000, '2022-11-16 10:11:05', '2022-11-16 06:07:39'),
(33, 'como 33', NULL, NULL, 0, 12, 2200000, '2022-11-16 10:21:50', '2022-11-16 06:07:45'),
(34, 'como 34', NULL, NULL, 1, 12, 2552000, '2022-11-16 10:25:00', '2022-11-16 06:08:23'),
(35, 'como 35', NULL, NULL, 1, 10, 1710000, '2022-11-16 10:34:38', '2022-11-16 06:25:40'),
(36, 'combo 1818', NULL, NULL, 1, 11, 2492000, '2022-11-18 04:51:27', '2022-11-18 04:51:27');

-- --------------------------------------------------------

--
-- Estructura de tabla para la tabla `mprcomproductos`
--

CREATE TABLE `mprcomproductos` (
  `id` int(11) NOT NULL COMMENT '\nIdentificador único del registro\n',
  `valor` int(11) DEFAULT NULL COMMENT 'Valor del item',
  `cantidad` int(11) DEFAULT NULL COMMENT 'Cantidad de unidades del producto o articulos en el combo',
  `combo` int(11) NOT NULL COMMENT 'Identificador del combo al que pertenece la lista de producto',
  `articulo` int(11) DEFAULT NULL COMMENT 'Identificador de los articulo que pertenece al combo',
  `producto` int(11) DEFAULT NULL COMMENT 'Identificador de los productos que pertenece al combo',
  `estado` int(1) DEFAULT NULL COMMENT '0 inactivo, 1 activo',
  `fregistro` timestamp NOT NULL DEFAULT current_timestamp() COMMENT 'Fecha de registro del combo',
  `factualizado` timestamp NULL DEFAULT NULL COMMENT 'Fecha en que se hizo una modificación al campo total o descuento'
) ENGINE=InnoDB DEFAULT CHARSET=latin1;

--
-- Volcado de datos para la tabla `mprcomproductos`
--

INSERT INTO `mprcomproductos` (`id`, `valor`, `cantidad`, `combo`, `articulo`, `producto`, `estado`, `fregistro`, `factualizado`) VALUES
(1, 900000, 2, 2, NULL, 2, 1, '2022-09-11 09:31:53', '2022-11-16 06:05:18'),
(2, 500000, 1, 2, NULL, 3, 1, '2022-09-11 09:31:53', '2022-11-16 06:05:18'),
(3, 900000, 2, 3, NULL, 2, 1, '2022-09-11 09:33:47', '2022-09-17 05:23:42'),
(4, 500000, 1, 3, NULL, 3, 1, '2022-09-11 09:33:47', '2022-09-17 05:23:42'),
(5, 500, 20, 3, 1, NULL, 1, '2022-09-11 09:33:47', '2022-09-17 05:23:42'),
(6, 100000, 3, 4, 2, NULL, 0, '2022-09-11 09:39:16', '2022-09-12 12:36:36'),
(7, 500000, 7, 4, NULL, 3, 1, '2022-09-11 09:39:16', '2022-09-12 12:30:30'),
(8, 100000, 2, 5, 2, NULL, 1, '2022-09-11 09:40:56', '2022-09-11 09:40:56'),
(9, 500000, 1, 5, NULL, 3, 1, '2022-09-11 09:40:56', '2022-09-11 09:40:56'),
(10, 1000000, 3, 6, NULL, 1, 1, '2022-09-11 09:42:42', '2022-09-17 08:23:53'),
(11, 900000, 3, 6, NULL, 2, 1, '2022-09-11 09:42:42', '2022-09-17 08:23:53'),
(12, 500, 2, 6, 1, NULL, 1, '2022-09-11 09:42:42', '2022-09-17 08:23:53'),
(13, 900000, 1, 7, NULL, 2, 1, '2022-09-11 09:48:34', '2022-09-11 09:48:34'),
(14, 500, 1, 7, 1, NULL, 1, '2022-09-11 09:48:34', '2022-09-11 09:48:34'),
(15, 500000, 1, 7, NULL, 3, 1, '2022-09-11 09:48:34', '2022-09-11 09:48:34'),
(16, 500000, 2, 8, NULL, 3, 1, '2022-09-11 16:45:33', '2022-09-11 16:45:33'),
(17, 1000000, 1, 8, NULL, 1, 1, '2022-09-11 16:45:33', '2022-09-11 16:45:33'),
(18, 900000, 1, 8, NULL, 2, 1, '2022-09-11 16:45:33', '2022-09-11 16:45:33'),
(19, 900000, 1, 4, NULL, 2, 0, '2022-09-12 12:21:36', '2022-09-12 12:30:21'),
(20, 900000, 2, 4, NULL, 2, 1, '2022-09-12 12:30:30', '2022-09-12 12:36:21'),
(21, 500, 2, 4, 1, NULL, 1, '2022-09-12 12:36:21', '2022-09-12 12:36:54'),
(22, 100000, 1, 4, 2, NULL, 1, '2022-09-12 12:36:41', '2022-09-12 12:36:54'),
(23, 30000, 1, 4, 3, NULL, 1, '2022-09-12 12:36:54', '2022-09-12 12:36:54'),
(24, 100000, 1, 6, 2, NULL, 0, '2022-09-12 12:57:53', '2022-09-17 08:22:47'),
(25, 100000, 1, 2, 2, NULL, 0, '2022-09-17 05:25:32', '2022-09-17 07:16:13'),
(26, 1000000, 2, 9, NULL, 1, 1, '2022-09-17 11:39:50', '2022-09-17 08:25:04'),
(27, 900000, 1, 9, NULL, 2, 1, '2022-09-17 11:39:50', '2022-09-17 08:25:04'),
(28, 1000000, 1, 10, NULL, 1, 1, '2022-09-17 11:43:51', '2022-09-17 11:43:51'),
(29, 900000, 1, 10, NULL, 2, 1, '2022-09-17 11:43:51', '2022-09-17 11:43:51'),
(30, 1000000, 1, 11, NULL, 1, 1, '2022-09-17 11:48:10', '2022-09-17 11:48:10'),
(31, 500, 1, 11, 1, NULL, 1, '2022-09-17 11:48:10', '2022-09-17 11:48:10'),
(32, 100000, 2, 11, 2, NULL, 1, '2022-09-17 11:48:10', '2022-09-17 11:48:10'),
(33, 100000, 0, 6, 2, NULL, 0, '2022-09-17 08:23:24', '2022-09-17 08:23:29'),
(34, 100000, 1, 6, 2, NULL, 1, '2022-09-17 08:23:39', '2022-09-17 08:23:53'),
(35, 30000, 1, 6, 3, NULL, 1, '2022-09-17 08:23:39', '2022-09-17 08:23:53'),
(36, 1000000, 1, 12, NULL, 1, 1, '2022-09-17 13:25:25', '2022-09-17 13:25:25'),
(37, 900000, 2, 13, NULL, 2, 1, '2022-09-17 13:27:26', '2022-11-16 06:06:12'),
(38, 1000000, 7, 14, NULL, 1, 1, '2022-09-17 13:27:55', '2022-11-16 06:06:32'),
(39, 900000, 1, 15, NULL, 2, 1, '2022-11-11 05:16:19', '2022-11-16 06:06:46'),
(40, 1000000, 2, 15, NULL, 1, 1, '2022-11-11 05:16:19', '2022-11-16 06:06:46'),
(41, 500000, 1, 16, NULL, 3, 1, '2022-11-11 05:21:24', '2022-11-16 06:07:03'),
(42, 900000, 1, 16, NULL, 2, 1, '2022-11-11 05:21:24', '2022-11-16 06:07:03'),
(43, 500000, 1, 17, NULL, 3, 1, '2022-11-11 18:06:38', '2022-11-11 18:06:38'),
(44, 1000000, 1, 17, NULL, 1, 1, '2022-11-11 18:06:38', '2022-11-11 18:06:38'),
(45, 500000, 1, 18, NULL, 3, 1, '2022-11-11 18:13:02', '2022-11-11 18:13:02'),
(46, 1000000, 1, 18, NULL, 1, 1, '2022-11-11 18:13:02', '2022-11-11 18:13:02'),
(47, 1000000, 3, 19, NULL, 1, 1, '2022-11-13 19:28:39', '2022-11-13 19:28:39'),
(48, 900000, 1, 19, NULL, 2, 1, '2022-11-13 19:28:39', '2022-11-13 19:28:39'),
(49, 30000, 1, 20, 3, NULL, 1, '2022-11-14 02:14:37', '2022-11-14 06:36:00'),
(50, 100000, 1, 20, 2, NULL, 1, '2022-11-14 02:14:37', '2022-11-14 06:36:00'),
(51, 500, 1, 20, 1, NULL, 1, '2022-11-14 02:14:37', '2022-11-14 06:36:00'),
(52, 30000, 1, 21, 3, NULL, 1, '2022-11-14 10:54:58', '2022-11-14 10:54:58'),
(53, 100000, 1, 21, 2, NULL, 1, '2022-11-14 10:54:58', '2022-11-14 10:54:58'),
(54, 1000000, 2, 22, NULL, 1, 1, '2022-11-14 11:43:33', '2022-11-14 11:43:33'),
(55, 1000000, 2, 23, NULL, 1, 1, '2022-11-14 11:44:04', '2022-11-14 11:44:04'),
(56, 900000, 1, 24, NULL, 2, 1, '2022-11-14 22:00:06', '2022-11-14 22:00:06'),
(57, 1000000, 1, 24, NULL, 1, 1, '2022-11-14 22:00:06', '2022-11-14 22:00:06'),
(58, 900000, 1, 25, NULL, 2, 1, '2022-11-14 22:00:22', '2022-11-14 22:00:22'),
(59, 1000000, 1, 25, NULL, 1, 1, '2022-11-14 22:00:22', '2022-11-14 22:00:22'),
(60, 200000, 1, 26, NULL, 6, 1, '2022-11-14 22:40:36', '2022-11-14 22:40:36'),
(61, 200000, 1, 26, NULL, 5, 1, '2022-11-14 22:40:36', '2022-11-14 22:40:36'),
(62, 200000, 1, 26, NULL, 4, 1, '2022-11-14 22:40:36', '2022-11-14 22:40:36'),
(63, 200000, 2, 27, NULL, 4, 1, '2022-11-16 09:59:56', '2022-11-16 09:59:56'),
(64, 900000, 1, 27, NULL, 2, 1, '2022-11-16 09:59:56', '2022-11-16 09:59:56'),
(65, 100000, 1, 27, 4, NULL, 1, '2022-11-16 09:59:56', '2022-11-16 09:59:56'),
(66, 200000, 2, 28, NULL, 4, 1, '2022-11-16 10:00:00', '2022-11-16 10:00:00'),
(67, 900000, 1, 28, NULL, 2, 1, '2022-11-16 10:00:00', '2022-11-16 10:00:00'),
(68, 100000, 1, 28, 4, NULL, 1, '2022-11-16 10:00:00', '2022-11-16 10:00:00'),
(69, 200000, 2, 29, NULL, 4, 1, '2022-11-16 10:00:09', '2022-11-16 10:00:09'),
(70, 900000, 1, 29, NULL, 2, 1, '2022-11-16 10:00:09', '2022-11-16 10:00:09'),
(71, 100000, 1, 29, 4, NULL, 1, '2022-11-16 10:00:09', '2022-11-16 10:00:09'),
(72, 1000000, 1, 30, NULL, 1, 1, '2022-11-16 10:02:14', '2022-11-16 10:02:14'),
(73, 500000, 2, 30, NULL, 3, 1, '2022-11-16 10:02:14', '2022-11-16 10:02:14'),
(74, 200000, 2, 31, NULL, 5, 1, '2022-11-16 10:03:25', '2022-11-16 10:03:25'),
(75, 200000, 1, 31, NULL, 4, 1, '2022-11-16 10:03:25', '2022-11-16 10:03:25'),
(76, 500000, 2, 32, NULL, 3, 1, '2022-11-16 10:11:05', '2022-11-16 10:11:05'),
(77, 200000, 1, 32, NULL, 6, 1, '2022-11-16 10:11:05', '2022-11-16 10:11:05'),
(78, 500000, 1, 33, NULL, 3, 1, '2022-11-16 10:21:50', '2022-11-16 10:21:50'),
(79, 900000, 2, 33, NULL, 2, 1, '2022-11-16 10:21:50', '2022-11-16 10:21:50'),
(80, 100000, 2, 33, 5, NULL, 1, '2022-11-16 10:21:50', '2022-11-16 10:21:50'),
(81, 1000000, 2, 34, NULL, 1, 1, '2022-11-16 10:25:00', '2022-11-16 06:08:23'),
(82, 900000, 1, 34, NULL, 2, 1, '2022-11-16 10:25:00', '2022-11-16 06:08:23'),
(83, 200000, 3, 35, NULL, 5, 1, '2022-11-16 10:34:38', '2022-11-16 06:25:40'),
(84, 900000, 1, 35, NULL, 2, 1, '2022-11-16 10:34:38', '2022-11-16 06:25:40'),
(85, 100000, 3, 35, 4, NULL, 1, '2022-11-16 06:25:40', '2022-11-16 06:25:40'),
(86, 100000, 1, 35, 2, NULL, 1, '2022-11-16 06:25:40', '2022-11-16 06:25:40'),
(87, 1000000, 1, 36, NULL, 1, 1, '2022-11-18 04:51:27', '2022-11-18 04:51:27'),
(88, 900000, 2, 36, NULL, 2, 1, '2022-11-18 04:51:27', '2022-11-18 04:51:27');

-- --------------------------------------------------------

--
-- Estructura de tabla para la tabla `mprimagen`
--

CREATE TABLE `mprimagen` (
  `id` int(11) NOT NULL COMMENT 'Identificador único del registro',
  `ruta` varchar(200) NOT NULL COMMENT 'Ruta de almacenamiento de la imagen',
  `articulo` int(11) DEFAULT NULL COMMENT 'Identificador del articulo al cual esta asignada la imagen',
  `banner` int(11) DEFAULT NULL COMMENT 'Identificador del banner al cual esta asignada la imagen',
  `combo` int(11) DEFAULT NULL COMMENT 'Identificador del combo al cual esta asignada la imagen',
  `producto` int(11) DEFAULT NULL COMMENT 'Identificador del producto al cual esta asignada la imagen',
  `estado` int(11) DEFAULT NULL COMMENT '0 inactivo, 1 activo',
  `fregistro` timestamp NOT NULL DEFAULT current_timestamp() COMMENT 'Fecha en que se agrego una imagen al productos articulo o combos',
  `factualizado` timestamp NULL DEFAULT NULL COMMENT 'Fecha en que se hizo una modificación en la asignacion de la imagen del productos articulo o combos'
) ENGINE=InnoDB DEFAULT CHARSET=latin1;

--
-- Volcado de datos para la tabla `mprimagen`
--

INSERT INTO `mprimagen` (`id`, `ruta`, `articulo`, `banner`, `combo`, `producto`, `estado`, `fregistro`, `factualizado`) VALUES
(1, 'img/combos/cama1.jfif', NULL, NULL, 20, NULL, 1, '2022-11-14 10:33:48', '2022-11-14 10:50:42'),
(2, 'img/combos/5593.jpg', NULL, NULL, 20, NULL, 1, '2022-11-14 10:35:15', '2022-11-14 10:50:42'),
(3, 'img/combos/cama1.jfif', NULL, NULL, 20, NULL, 1, '2022-11-14 10:43:13', '2022-11-14 10:50:42'),
(4, 'img/combos/5593.jpg', NULL, NULL, 20, NULL, 1, '2022-11-14 10:44:28', '2022-11-14 10:50:42'),
(5, 'img/combos/cama2.jfif', NULL, NULL, 20, NULL, 1, '2022-11-14 10:45:13', '2022-11-14 10:50:42'),
(6, 'img/combos/5593.jpg', NULL, NULL, 20, NULL, 1, '2022-11-14 10:45:38', '2022-11-14 10:50:42'),
(7, 'img/combos/cama1.jfif', NULL, NULL, 20, NULL, 1, '2022-11-14 10:48:19', '2022-11-14 10:50:42'),
(8, 'img/combos/5593.jpg', NULL, NULL, 20, NULL, 1, '2022-11-14 10:50:38', '2022-11-14 10:50:42'),
(9, 'img/combos/5593.jpg', NULL, NULL, 20, NULL, 1, '2022-11-14 10:51:49', '2022-11-14 10:51:53'),
(10, 'img/combos/camarote1.jfif', NULL, NULL, 20, NULL, 1, '2022-11-14 10:52:39', '2022-11-14 10:52:42'),
(11, 'img/combos/cama2.jfif', NULL, NULL, 20, NULL, 1, '2022-11-14 10:52:56', '2022-11-14 10:52:58'),
(12, 'img/combos/5593.jpg', NULL, NULL, 21, NULL, 1, '2022-11-14 10:55:32', '2022-11-14 10:55:38'),
(13, 'img/combos/cama1.jfif', NULL, NULL, 21, NULL, 0, '2022-11-14 10:55:32', '2022-11-14 11:25:05'),
(14, 'img/combos/5593.jpg', NULL, NULL, 23, NULL, 1, '2022-11-14 11:43:39', '2022-11-14 11:44:11'),
(15, 'img/combos/cama1.jfif', NULL, NULL, 23, NULL, 1, '2022-11-14 11:43:39', '2022-11-14 11:44:11'),
(16, 'img/combos/5593.jpg', NULL, NULL, 25, NULL, 1, '2022-11-14 22:00:14', '2022-11-14 22:02:36'),
(17, 'img/combos/cama1.jfif', NULL, NULL, 25, NULL, 1, '2022-11-14 22:00:14', '2022-11-14 22:02:36'),
(18, 'img/combos/camarote1.jfif', NULL, NULL, 26, NULL, 1, '2022-11-14 22:40:46', '2022-11-14 22:40:49'),
(19, 'img/combos/escritorio1.jfif', NULL, NULL, 26, NULL, 1, '2022-11-14 22:40:46', '2022-11-14 22:40:49'),
(23, 'img/productos/cama1.jfif', NULL, NULL, NULL, NULL, 0, '2022-11-14 22:54:55', '2022-11-14 23:26:42'),
(24, 'img/productos/5593.jpg', NULL, NULL, NULL, NULL, 0, '2022-11-14 22:54:55', '2022-11-14 23:26:45'),
(25, 'img/productos/5593.jpg', NULL, NULL, NULL, NULL, 0, '2022-11-14 23:26:51', '2022-11-14 23:27:40'),
(26, 'img/productos/5593.jpg', NULL, NULL, NULL, 7, 0, '2022-11-14 23:27:50', '2022-11-15 07:34:05'),
(27, 'img/productos/cama1.jfif', NULL, NULL, NULL, 7, 1, '2022-11-14 23:27:50', '2022-11-15 06:50:56'),
(28, 'img/productos/cama1.jfif', NULL, NULL, NULL, NULL, 0, '2022-11-15 02:56:01', '2022-11-15 03:11:05'),
(29, 'img/productos/cama1.jfif', NULL, NULL, NULL, NULL, 1, '2022-11-15 07:07:40', '2022-11-15 07:07:40'),
(30, 'img/camapro.jfif', NULL, NULL, NULL, NULL, 1, '2022-11-15 07:11:59', '2022-11-15 07:11:59'),
(31, 'img/camapro3.jfif', NULL, NULL, NULL, NULL, 1, '2022-11-15 07:14:38', '2022-11-15 07:14:38'),
(32, 'img/productos/camarote1.jfif', NULL, NULL, NULL, NULL, 1, '2022-11-15 07:22:17', '2022-11-15 07:22:17'),
(33, 'img/productos/escritorio1.jfif', NULL, NULL, NULL, 7, 1, '2022-11-15 07:24:56', '2022-11-15 07:24:56'),
(34, 'img/productos/5593.jpg', NULL, NULL, NULL, 7, 1, '2022-11-15 07:34:31', '2022-11-15 07:34:31'),
(35, 'img/productos/escritorio1.jfif', NULL, NULL, NULL, 1, 1, '2022-11-15 07:39:03', '2022-11-15 07:39:03'),
(36, 'img/productos/escritorio2.jfif', NULL, NULL, NULL, 1, 0, '2022-11-15 07:39:03', '2022-11-16 00:48:28'),
(37, 'img/productos/camarote1.jfif', NULL, NULL, NULL, 2, 1, '2022-11-15 07:39:25', '2022-11-15 07:39:25'),
(38, 'img/productos/camapro3.jfif', NULL, NULL, NULL, 2, 1, '2022-11-15 07:39:25', '2022-11-15 07:39:25'),
(39, 'img/productos/cama2.jfif', NULL, NULL, NULL, 3, 1, '2022-11-15 07:39:50', '2022-11-15 07:39:50'),
(40, 'img/productos/camapro.jfif', NULL, NULL, NULL, 3, 1, '2022-11-15 07:39:50', '2022-11-15 07:39:50'),
(41, 'img/productos/camapro1.jfif', NULL, NULL, NULL, 3, 1, '2022-11-15 07:39:50', '2022-11-15 07:39:50'),
(42, 'img/productos/camapro2.jfif', NULL, NULL, NULL, 3, 1, '2022-11-15 07:39:50', '2022-11-15 07:39:50'),
(43, 'img/productos/camapro3.jfif', NULL, NULL, NULL, 3, 1, '2022-11-15 07:39:51', '2022-11-15 07:39:51'),
(44, 'img/productos/camapro3.jfif', NULL, NULL, NULL, 8, 1, '2022-11-15 07:51:05', '2022-11-15 07:58:33'),
(45, 'img/productos/escritorio2.jfif', NULL, NULL, NULL, NULL, 0, '2022-11-15 07:52:21', '2022-11-15 07:58:30'),
(46, 'img/productos/1escritorio2.jfif', NULL, NULL, NULL, 8, 0, '2022-11-15 07:53:19', '2022-11-15 21:17:43'),
(47, 'img/productos/47escritorio2.jfif', NULL, NULL, NULL, 8, 1, '2022-11-15 07:55:27', '2022-11-15 07:58:33'),
(48, 'img/productos/4escritorio2.jfif', NULL, NULL, NULL, 4, 1, '2022-11-15 20:26:33', '2022-11-15 20:26:33'),
(49, 'img/productos/5camarote1.jfif', NULL, NULL, NULL, 5, 1, '2022-11-15 20:26:51', '2022-11-15 20:26:51'),
(50, 'img/productos/5camapro3.jfif', NULL, NULL, NULL, 5, 1, '2022-11-15 20:26:51', '2022-11-15 20:26:51'),
(51, 'img/productos/65593.jpg', NULL, NULL, NULL, 6, 1, '2022-11-15 20:27:13', '2022-11-15 20:27:13'),
(52, 'img/productos/6cama1.jfif', NULL, NULL, NULL, 6, 1, '2022-11-15 20:27:13', '2022-11-15 20:27:13'),
(53, 'img/productos/6cama2.jfif', NULL, NULL, NULL, 6, 1, '2022-11-15 20:27:15', '2022-11-15 20:27:15'),
(54, 'img/productos/8camapro2.jfif', NULL, NULL, NULL, 8, 1, '2022-11-15 21:17:53', '2022-11-15 21:17:53'),
(55, 'img/productos/1escritorio1.jfif', NULL, NULL, NULL, 1, 0, '2022-11-16 00:48:25', '2022-11-16 00:49:05'),
(56, 'img/productos/1cama1.jfif', NULL, NULL, NULL, 1, 1, '2022-11-16 00:49:14', '2022-11-16 00:49:14'),
(57, 'img/57puff 2.jfif', 4, NULL, NULL, NULL, 1, '2022-11-16 03:34:46', '2022-11-16 03:40:23'),
(58, 'img/58puff 3.jfif', 4, NULL, NULL, NULL, 1, '2022-11-16 03:34:46', '2022-11-16 03:40:23'),
(59, 'img/articulos/1puff.jfif', NULL, NULL, NULL, NULL, 1, '2022-11-16 04:10:21', '2022-11-16 04:10:21'),
(60, 'img/articulos/1silla.jfif', NULL, NULL, NULL, NULL, 1, '2022-11-16 04:10:21', '2022-11-16 04:10:21'),
(61, 'img/articulos/25593.jpg', NULL, NULL, NULL, NULL, 1, '2022-11-16 04:16:46', '2022-11-16 04:16:46'),
(62, 'img/articulos/2cama1.jfif', NULL, NULL, NULL, NULL, 1, '2022-11-16 04:16:46', '2022-11-16 04:16:46'),
(63, 'img/articulos/2puff.jfif', 2, NULL, NULL, NULL, 1, '2022-11-16 04:18:49', '2022-11-16 04:18:49'),
(64, 'img/articulos/2silla.jfif', 2, NULL, NULL, NULL, 1, '2022-11-16 04:18:49', '2022-11-16 04:18:49'),
(65, 'img/65puff.jfif', NULL, NULL, NULL, NULL, 0, '2022-11-16 06:13:04', '2022-11-16 06:15:21'),
(66, 'img/articulos/1puff 3.jfif', 1, NULL, NULL, NULL, 1, '2022-11-16 07:00:10', '2022-11-16 07:00:10'),
(67, 'img/articulos/1puff 2.jfif', 1, NULL, NULL, NULL, 1, '2022-11-16 07:00:14', '2022-11-16 07:00:14'),
(68, 'img/articulos/1escritorio2.jfif', 1, NULL, NULL, NULL, 1, '2022-11-16 07:00:14', '2022-11-16 07:00:14'),
(69, 'img/articulos/5art1.jfif', 5, NULL, NULL, NULL, 1, '2022-11-16 07:44:18', '2022-11-16 07:44:18'),
(70, 'img/articulos/5art2.jfif', 5, NULL, NULL, NULL, 1, '2022-11-16 07:44:18', '2022-11-16 07:44:18'),
(71, 'img/articulos/3art2.jfif', 3, NULL, NULL, NULL, 1, '2022-11-16 07:45:01', '2022-11-16 07:45:01'),
(72, 'img/articulos/3silla.jfif', 3, NULL, NULL, NULL, 1, '2022-11-16 07:45:01', '2022-11-16 07:45:01'),
(73, 'img/silla.jfif73', NULL, NULL, NULL, NULL, 0, '2022-11-16 09:59:26', '2022-11-16 10:10:42'),
(74, 'img/puff.jfif74', NULL, NULL, 32, NULL, 1, '2022-11-16 09:59:26', '2022-11-16 10:11:05'),
(75, 'img/cama1.jfif75', NULL, NULL, 32, NULL, 1, '2022-11-16 10:10:46', '2022-11-16 10:11:05'),
(76, 'img/camapro1.jfif76', NULL, NULL, 33, NULL, 1, '2022-11-16 10:21:37', '2022-11-16 10:21:50'),
(77, 'img/camapro2.jfif76', NULL, NULL, 33, NULL, 1, '2022-11-16 10:21:37', '2022-11-16 10:21:50'),
(78, 'img/78camapro2.jfif', NULL, NULL, NULL, NULL, 0, '2022-11-16 10:32:15', '2022-11-16 10:33:51'),
(79, 'img/articulos/79camapro1.jfif', NULL, NULL, NULL, NULL, 0, '2022-11-16 10:33:21', '2022-11-16 10:33:52'),
(80, 'img/combos/80camapro1.jfif', NULL, NULL, 35, NULL, 1, '2022-11-16 10:33:55', '2022-11-16 10:34:38'),
(81, 'img/combos/35camapro2.jfif', NULL, NULL, 35, NULL, 1, '2022-11-16 10:44:01', '2022-11-16 10:44:01'),
(82, 'img/combos/82puff 2.jfif', NULL, NULL, 2, NULL, 1, '2022-11-16 11:05:12', '2022-11-16 11:05:12'),
(83, 'img/combos/83art1.jfif', NULL, NULL, 13, NULL, 1, '2022-11-16 11:05:51', '2022-11-16 11:05:51'),
(84, 'img/combos/845593.jpg', NULL, NULL, 13, NULL, 1, '2022-11-16 11:05:51', '2022-11-16 11:05:51'),
(85, 'img/combos/85art2.jfif', NULL, NULL, 13, NULL, 1, '2022-11-16 11:05:53', '2022-11-16 11:05:53'),
(86, 'img/combos/86cama1.jfif', NULL, NULL, 13, NULL, 1, '2022-11-16 11:05:53', '2022-11-16 11:05:53'),
(87, 'img/combos/87cama2.jfif', NULL, NULL, 13, NULL, 1, '2022-11-16 11:05:54', '2022-11-16 11:05:54'),
(88, 'img/combos/88camapro3.jfif', NULL, NULL, 14, NULL, 1, '2022-11-16 11:06:29', '2022-11-16 11:06:29'),
(89, 'img/combos/88camarote1.jfif', NULL, NULL, 14, NULL, 1, '2022-11-16 11:06:29', '2022-11-16 11:06:29'),
(90, 'img/combos/90escritorio1.jfif', NULL, NULL, 14, NULL, 1, '2022-11-16 11:06:29', '2022-11-16 11:06:29'),
(91, 'img/combos/91puff 2.jfif', NULL, NULL, 15, NULL, 1, '2022-11-16 11:06:44', '2022-11-16 11:06:44'),
(92, 'img/combos/92puff 3.jfif', NULL, NULL, 15, NULL, 1, '2022-11-16 11:06:44', '2022-11-16 11:06:44'),
(93, 'img/combos/93camapro3.jfif', NULL, NULL, 16, NULL, 1, '2022-11-16 11:07:00', '2022-11-16 11:07:00'),
(94, 'img/combos/94camarote1.jfif', NULL, NULL, 16, NULL, 1, '2022-11-16 11:07:00', '2022-11-16 11:07:00'),
(95, 'img/combos/95escritorio1.jfif', NULL, NULL, 16, NULL, 1, '2022-11-16 11:07:00', '2022-11-16 11:07:00'),
(96, 'img/combos/96puff.jfif', NULL, NULL, 34, NULL, 1, '2022-11-16 11:08:21', '2022-11-16 11:08:21'),
(97, 'img/combos/97silla.jfif', NULL, NULL, 34, NULL, 1, '2022-11-16 11:08:21', '2022-11-16 11:08:21'),
(98, 'img/productos/98puff 3.jfif', NULL, NULL, 36, NULL, 1, '2022-11-18 04:49:36', '2022-11-18 04:51:27'),
(99, 'img/productos/98puff.jfif', NULL, NULL, 36, NULL, 1, '2022-11-18 04:49:36', '2022-11-18 04:51:27'),
(100, 'img/productos/100puff 2.jfif', NULL, NULL, 36, NULL, 1, '2022-11-18 04:49:36', '2022-11-18 04:51:27'),
(101, 'img/combos/101ENTLAPIA img.png', NULL, NULL, 36, NULL, 1, '2022-11-18 04:50:38', '2022-11-18 04:51:27');

-- --------------------------------------------------------

--
-- Estructura de tabla para la tabla `mprlineas`
--

CREATE TABLE `mprlineas` (
  `id` int(11) NOT NULL COMMENT 'Identificador único del registro',
  `nombre` varchar(45) NOT NULL COMMENT 'Nombre del tipo de linea que se registra (juvenil, infantil, ) ',
  `estado` int(1) DEFAULT NULL COMMENT '0 inactivo, 1 activo',
  `fregistro` timestamp(6) NULL DEFAULT NULL COMMENT 'Fecha de registro de la linea',
  `factualizado` timestamp NULL DEFAULT NULL COMMENT 'Fecha en que se hizo una modificación al campo nombre'
) ENGINE=InnoDB DEFAULT CHARSET=latin1;

--
-- Volcado de datos para la tabla `mprlineas`
--

INSERT INTO `mprlineas` (`id`, `nombre`, `estado`, `fregistro`, `factualizado`) VALUES
(1, 'niño', 1, '2022-09-04 11:28:18.000000', '2022-11-17 13:11:06'),
(2, 'hola', 1, '2022-11-13 22:51:33.000000', '2022-11-13 22:51:33'),
(3, 'hola', 1, '2022-11-13 22:51:33.000000', '2022-11-13 22:51:33'),
(4, 'hola', 1, '2022-11-13 22:51:34.000000', '2022-11-13 22:51:34'),
(5, 'star wars 1', 1, NULL, NULL),
(6, '19', 1, '2022-11-13 23:04:29.000000', '2022-11-13 23:04:29'),
(7, '19', 0, '2022-11-13 23:04:29.000000', '2022-11-17 13:09:25'),
(8, 'jabon', 1, '2022-11-17 13:09:47.000000', '2022-11-17 13:09:47');

-- --------------------------------------------------------

--
-- Estructura de tabla para la tabla `mprmarcas`
--

CREATE TABLE `mprmarcas` (
  `id` int(11) NOT NULL COMMENT 'Identificador único del registro',
  `nombre` varchar(45) DEFAULT NULL COMMENT 'Nombre de la marca que se registra ',
  `estado` int(1) DEFAULT NULL COMMENT '0 inactivo, 1 activo',
  `fregistro` timestamp NOT NULL DEFAULT current_timestamp() COMMENT 'Fecha de registro de la marca',
  `factualizado` timestamp NULL DEFAULT NULL COMMENT 'Fecha en que se hizo una modificación al campo nombre\n'
) ENGINE=InnoDB DEFAULT CHARSET=latin1;

--
-- Volcado de datos para la tabla `mprmarcas`
--

INSERT INTO `mprmarcas` (`id`, `nombre`, `estado`, `fregistro`, `factualizado`) VALUES
(1, 'adove', 2, '2022-09-04 19:31:59', '2022-11-17 13:20:33'),
(2, 'hp', 1, '2022-11-17 13:20:22', '2022-11-17 13:20:22');

-- --------------------------------------------------------

--
-- Estructura de tabla para la tabla `mprproductos`
--

CREATE TABLE `mprproductos` (
  `id` int(11) NOT NULL COMMENT 'Identificador único del registro',
  `nombre` varchar(45) NOT NULL COMMENT 'Nombre del producto que se registra ',
  `precio` int(11) NOT NULL COMMENT 'Valor de la unidad del producto que se registra ',
  `iva` int(11) DEFAULT NULL COMMENT 'Valor del iva del producto que se registra ',
  `descuento` int(11) DEFAULT NULL COMMENT 'Valor del descuento del producto que se registra ',
  `existencia` int(11) DEFAULT NULL COMMENT 'Número de unidades del producto en el inventario',
  `estilo` varchar(45) DEFAULT NULL COMMENT 'Estilo del producto que se registra ',
  `dimension` varchar(45) NOT NULL COMMENT 'Medidas del producto que se registra ',
  `peso` varchar(45) NOT NULL COMMENT 'Peso del producto que se registra ',
  `material` varchar(45) NOT NULL COMMENT 'Material con el que esta hecho el producto que se registra ',
  `color` varchar(45) DEFAULT NULL COMMENT 'Color general del producto\n',
  `tipopintura` varchar(45) DEFAULT NULL COMMENT 'poliuretano o colores naturales\n',
  `acabado` varchar(20) DEFAULT NULL COMMENT 'brillante, semi mate o mate',
  `detalle` varchar(1000) NOT NULL COMMENT 'Detalles del producto que se registra ',
  `vista` int(11) NOT NULL COMMENT 'Numero de vistas que tenga el producto',
  `compra` int(11) NOT NULL COMMENT 'Numero de veces que fue comprado el producto',
  `garantia` varchar(45) DEFAULT NULL COMMENT 'Tiempo de garantia del producto',
  `proveedor` int(11) DEFAULT NULL COMMENT 'Identificador del proveedro que proporciona este producto',
  `linea` int(11) DEFAULT NULL COMMENT 'Identificador de la linea a la que pertenece el producto',
  `categoria` int(11) NOT NULL COMMENT 'Identificador de la categoria a la que pertenece el producto',
  `estado` int(1) DEFAULT NULL COMMENT '0 inactivo, 1 activo',
  `fregistro` timestamp NOT NULL DEFAULT current_timestamp() COMMENT 'Fecha de registro del producto',
  `factualizado` timestamp NULL DEFAULT NULL COMMENT 'Fecha en que se hizo una modificación al campo nombre, valor, material, iva, descuanto, existencia, estilo, dimension, peso, imagen, vistas, compras o proveedor\n'
) ENGINE=InnoDB DEFAULT CHARSET=latin1;

--
-- Volcado de datos para la tabla `mprproductos`
--

INSERT INTO `mprproductos` (`id`, `nombre`, `precio`, `iva`, `descuento`, `existencia`, `estilo`, `dimension`, `peso`, `material`, `color`, `tipopintura`, `acabado`, `detalle`, `vista`, `compra`, `garantia`, `proveedor`, `linea`, `categoria`, `estado`, `fregistro`, `factualizado`) VALUES
(1, 'cama doble', 1000000, 12, 5, 11, 'azul Mate', '20x30x40', '50kg', 'pino', 'azul', 'solido', 'si', 'esta buena comprela', 12, 3, 'tres años', 1, 1, 1, 1, '2022-09-04 11:33:20', NULL),
(2, 'cama persona', 900000, 12, 5, 11, 'verde', '80x80x80', '100kg', 'roble', 'azul', 'claro', 'si', 'esta pero no se comprela', 12, 3, 'cuatro años', 1, 1, 1, 1, '2022-09-04 11:39:20', NULL),
(3, 'Armario', 500000, 12, 5, 11, 'cafe', '70x70x70', '70kg', 'pino', 'azul', 'claro', 'si', 'aqui que cab de todo papa', 12, 3, 'cinco años', 1, 1, 1, 1, '2022-09-04 11:39:20', NULL),
(4, 'cama', 200000, 10, 10, 6, 'rojo', '10X20X29', '50kg', 'madera', 'verde', 'black', 'si', 'no', 0, 0, '2024', 1, 1, 1, 1, '2022-11-14 22:37:52', '2022-11-15 20:26:36'),
(5, 'cama55', 200000, 10, 10, 6, 'rojo', '10X20X29', '50kg', 'madera', 'verde', 'black', 'si', 'no', 0, 0, '2024', 1, 1, 1, 1, '2022-11-14 22:39:18', '2022-11-15 20:26:53'),
(6, 'cama6', 200000, 10, 10, 6, 'rojo', '10X20X29', '50kg', 'madera', 'verde', 'black', 'si', 'no', 0, 0, '2024', 1, 1, 1, 1, '2022-11-14 22:40:02', '2022-11-15 20:27:23'),
(7, 'colchon', 100000, 10, 10, 20, 'color', '29x20x20', '40kg', 'rojo', 'rojo', 'rojo', 'si', 'no', 0, 0, '2024', 1, 1, 1, 1, '2022-11-14 23:43:50', '2022-11-15 07:36:43'),
(8, 'caballo', 10000, 20, 0, 20, 'azul', '20x30x40', '50kg', 'madera', 'red', 'no', 'no', 'no', 0, 0, '20', 1, 1, 1, 1, '2022-11-15 07:58:33', '2022-11-15 21:47:35');

-- --------------------------------------------------------

--
-- Estructura de tabla para la tabla `mprproveedores`
--

CREATE TABLE `mprproveedores` (
  `id` int(11) NOT NULL COMMENT 'Identificador único del registro',
  `persona` int(11) NOT NULL COMMENT 'Identificador de los datos de la tabla persona relacionada a el proveedor',
  `estado` int(1) DEFAULT NULL COMMENT '0 inactivo, 1 activo',
  `fregistro` timestamp NOT NULL DEFAULT current_timestamp() COMMENT 'Fecha de registro del proveedor',
  `factualizado` timestamp NULL DEFAULT NULL COMMENT 'Fecha en que se hizo una modificación al campo de estado'
) ENGINE=InnoDB DEFAULT CHARSET=latin1;

--
-- Volcado de datos para la tabla `mprproveedores`
--

INSERT INTO `mprproveedores` (`id`, `persona`, `estado`, `fregistro`, `factualizado`) VALUES
(1, 2, 1, '2022-10-18 23:18:34', NULL),
(2, 8, 1, '2022-10-26 21:19:38', '2022-10-26 23:48:42');

-- --------------------------------------------------------

--
-- Estructura de tabla para la tabla `mprsucategorias`
--

CREATE TABLE `mprsucategorias` (
  `id` int(11) NOT NULL COMMENT 'Identificador único del registro',
  `nombre` varchar(45) NOT NULL COMMENT 'Nombre de la subcategoria que se registra ',
  `categoria` int(11) NOT NULL COMMENT 'Identificador de la categoria a la que pertenece la subcategoria',
  `estado` int(1) DEFAULT NULL COMMENT '0 inactivo, 1 activo',
  `fregistro` timestamp NOT NULL DEFAULT current_timestamp() COMMENT 'Fecha de registro de la subcategoria',
  `factualizado` timestamp NULL DEFAULT NULL COMMENT 'Fecha en que se hizo una modificación al campo nombre'
) ENGINE=InnoDB DEFAULT CHARSET=latin1;

--
-- Volcado de datos para la tabla `mprsucategorias`
--

INSERT INTO `mprsucategorias` (`id`, `nombre`, `categoria`, `estado`, `fregistro`, `factualizado`) VALUES
(1, 'cama familiar', 1, 1, '2022-09-04 11:32:40', NULL),
(2, 'camarote', 1, 1, '2022-11-17 12:49:10', '2022-11-17 12:49:10');

-- --------------------------------------------------------

--
-- Estructura de tabla para la tabla `mprtparticulos`
--

CREATE TABLE `mprtparticulos` (
  `id` int(11) NOT NULL COMMENT 'Identificador único del registro',
  `nombre` varchar(45) NOT NULL COMMENT 'Nombre del tipo de articulo que se registra',
  `estado` int(1) DEFAULT NULL COMMENT '0 inactivo, 1 activo',
  `fregistro` timestamp NOT NULL DEFAULT current_timestamp() COMMENT 'Fecha de registro del tipo de articulo',
  `factualizado` timestamp NULL DEFAULT NULL COMMENT 'Fecha en que se hizo una modificación al campo nombre'
) ENGINE=InnoDB DEFAULT CHARSET=latin1;

--
-- Volcado de datos para la tabla `mprtparticulos`
--

INSERT INTO `mprtparticulos` (`id`, `nombre`, `estado`, `fregistro`, `factualizado`) VALUES
(1, 'herramientas', 1, '2022-09-04 19:31:34', NULL);

-- --------------------------------------------------------

--
-- Estructura de tabla para la tabla `mususuarios`
--

CREATE TABLE `mususuarios` (
  `id` int(11) NOT NULL COMMENT 'Identificador único del registro',
  `login` varchar(45) NOT NULL COMMENT 'Nombre para identificar el usuario que se registra ',
  `contrasenia` varchar(255) NOT NULL COMMENT 'Contraseña del usuario que se registra ',
  `persona` int(11) NOT NULL COMMENT 'Identificador de los datos de la tabla persona relacionada a el usuario',
  `estado` int(1) DEFAULT NULL COMMENT '0 inactivo, 1 activo',
  `fregistro` timestamp NOT NULL DEFAULT current_timestamp() COMMENT 'Fecha de registro del usuario',
  `factualizado` timestamp NULL DEFAULT NULL COMMENT 'Fecha en que se hizo una modificación al campo de login, contrasenia o persona'
) ENGINE=InnoDB DEFAULT CHARSET=latin1;

--
-- Volcado de datos para la tabla `mususuarios`
--

INSERT INTO `mususuarios` (`id`, `login`, `contrasenia`, `persona`, `estado`, `fregistro`, `factualizado`) VALUES
(1, 'Alfredo@gmail.com', '$2a$12$5NWsEao.qXDNLS/7I1SmK.YCjzrYVWNwanYMy/v0sDcoG5/AHRMpm', 2, 1, '2022-10-09 03:05:16', '2022-10-27 16:28:27'),
(2, 'juan@gmail.com', 'carlos', 3, 0, '2022-10-23 23:22:58', '2022-10-24 02:36:50'),
(3, 'maicol@gmail.com', 'juju', 4, 1, '2022-10-24 04:18:46', '2022-10-24 22:03:31'),
(4, 'maso@gmail.com', 'maso1', 5, 1, '2022-10-24 21:46:13', '2022-10-24 22:26:13'),
(5, 'cris@gmail.com', '$2a$12$8Z1i3dKLtAhlQSkiJIZVDeIdXzHsqP2D7IZAuHAteXYyeSnuzbQhO', 6, 1, '2022-10-24 22:06:33', '2022-10-27 16:07:36'),
(6, 'hagi@gmail.com', '1234', 7, 1, '2022-10-26 04:39:03', NULL),
(7, 'will@gmail.com', '$2a$12$.UTjjt/OVpJxzcQRTfhIZ.k2EI7dDhSBNt40iykpNpxHYGiqMx0HO', 11, 1, '2022-10-27 16:27:31', NULL),
(8, 'cdss2911@gmail.com', '$2a$12$ZfkeBrzMa0x5.mbHAGZA9uINxTdYhcsB4LhQxSvZzGLBvQPFfP0RC', 12, 1, '2022-11-09 13:30:15', NULL);

-- --------------------------------------------------------

--
-- Estructura de tabla para la tabla `mvecarritos`
--

CREATE TABLE `mvecarritos` (
  `id` int(11) NOT NULL COMMENT 'Identificador único del registro\n',
  `cliente` int(11) NOT NULL COMMENT 'Identificador del cliente al que pertenece el carrito',
  `estado` int(1) DEFAULT NULL COMMENT '0 inactivo, 1 activo',
  `fregistro` timestamp NOT NULL DEFAULT current_timestamp() COMMENT 'Fecha de creacion del carriro',
  `factualizado` timestamp NULL DEFAULT NULL COMMENT 'Fecha de inhabilitación del carrito'
) ENGINE=InnoDB DEFAULT CHARSET=latin1;

-- --------------------------------------------------------

--
-- Estructura de tabla para la tabla `mvecomprobantes`
--

CREATE TABLE `mvecomprobantes` (
  `id` int(11) NOT NULL COMMENT 'Identificador único del registro',
  `archivo` varchar(255) DEFAULT NULL COMMENT 'Ruta en la que almacenara el comprobante',
  `factura` int(11) NOT NULL COMMENT 'Identificador de la factura a la que pertenece el comprobante',
  `estado` int(1) DEFAULT NULL COMMENT '0 inactivo, 1 activo',
  `fregistro` timestamp NOT NULL DEFAULT current_timestamp() COMMENT 'Fecha de creacion del comprobante',
  `factualizado` timestamp NULL DEFAULT NULL COMMENT 'Fecha en que se subio el comprobante'
) ENGINE=InnoDB DEFAULT CHARSET=latin1;

-- --------------------------------------------------------

--
-- Estructura de tabla para la tabla `mvedetcarritos`
--

CREATE TABLE `mvedetcarritos` (
  `id` int(11) NOT NULL COMMENT 'Identificador único del registro',
  `cantidad` int(11) DEFAULT NULL COMMENT 'Cantidad de unidades del producto o combo',
  `combo` int(11) DEFAULT NULL COMMENT 'Identificador del combo agregado al carrito',
  `producto` int(11) DEFAULT NULL COMMENT 'Identificador del producto agregado al carrito',
  `articulo` int(11) DEFAULT NULL COMMENT 'Identificador del articulo agregado al carrito',
  `carrito` int(11) NOT NULL COMMENT 'Identificador del carrito al que corresponden los detalles de los productos o combos agregados al carrito',
  `estado` int(1) DEFAULT NULL COMMENT '0 inactivo, 1 activo',
  `fregistro` timestamp NOT NULL DEFAULT current_timestamp() COMMENT 'Fecha en que se agrega un producto o combo al carrito',
  `factualizado` timestamp NULL DEFAULT NULL COMMENT 'Fecha en que se hizo una modificación en la cantidad de productos o combos'
) ENGINE=InnoDB DEFAULT CHARSET=latin1;

-- --------------------------------------------------------

--
-- Estructura de tabla para la tabla `mvedetfacturas`
--

CREATE TABLE `mvedetfacturas` (
  `id` int(11) NOT NULL COMMENT 'Identificador único del registro',
  `subtotal` int(11) NOT NULL COMMENT 'Subtotal del producto o combo',
  `impuesto` int(11) NOT NULL COMMENT 'Valor del iva del producto o combo',
  `descuento` int(11) NOT NULL COMMENT 'Descuento del producto o combo',
  `detalles` varchar(5000) NOT NULL COMMENT 'Detalle de compra',
  `cantidad` int(11) NOT NULL COMMENT 'numero de unidades de los productos o productos',
  `preciounidad` int(11) DEFAULT NULL COMMENT 'Precio de la unidad ',
  `carrito` int(11) NOT NULL COMMENT 'Identificador del carrito al que pertenece los detalles de la factura',
  `factura` int(11) NOT NULL COMMENT 'Identificador de la factura al que pertenece los detalles de la factura',
  `combo` int(11) DEFAULT NULL COMMENT 'Identificador del combo que se va facturar',
  `producto` int(11) DEFAULT NULL COMMENT 'Identificador del producto que se va facturar',
  `articulo` int(11) DEFAULT NULL COMMENT 'Identificador del articulo que se va facturar',
  `estado` int(1) DEFAULT NULL COMMENT '0 inactivo, 1 activo',
  `fregistro` timestamp NOT NULL DEFAULT current_timestamp() COMMENT 'Fecha de realización de factura',
  `factualizado` timestamp NULL DEFAULT NULL COMMENT 'Fecha en que se hizo una modificación de la factura'
) ENGINE=InnoDB DEFAULT CHARSET=latin1;

-- --------------------------------------------------------

--
-- Estructura de tabla para la tabla `mvefacturas`
--

CREATE TABLE `mvefacturas` (
  `id` int(11) NOT NULL COMMENT 'Identificador único del registro',
  `total` int(11) DEFAULT NULL COMMENT 'Valor total de la factura',
  `cliente` int(11) NOT NULL,
  `estadoenvio` varchar(45) NOT NULL COMMENT '0 creado,1 enviado, 2 entregado, 3 cancelado',
  `estado` int(1) DEFAULT NULL COMMENT '0 inactivo, 1 activo',
  `fregistro` timestamp NOT NULL DEFAULT current_timestamp() COMMENT 'Fecha de registro de la factura',
  `factualizado` timestamp NULL DEFAULT NULL COMMENT 'Fecha en que se hizo una modificación a la factura',
  `metodo_pago` varchar(45) DEFAULT NULL COMMENT 'Selección del método de pago'
) ENGINE=InnoDB DEFAULT CHARSET=latin1;

--
-- Índices para tablas volcadas
--

--
-- Indices de la tabla `departamentos`
--
ALTER TABLE `departamentos`
  ADD PRIMARY KEY (`id`),
  ADD KEY `fk_departamentos_paises1_idx` (`pais`);

--
-- Indices de la tabla `madciudades`
--
ALTER TABLE `madciudades`
  ADD PRIMARY KEY (`id`),
  ADD KEY `fk_ciudades_departamentos1_idx` (`departamento`);

--
-- Indices de la tabla `madcomentarios`
--
ALTER TABLE `madcomentarios`
  ADD PRIMARY KEY (`id`),
  ADD KEY `fk_COMENTARIO_PRODUCTO1_idx` (`producto`),
  ADD KEY `fk_comentarios_clientes1_idx` (`clientes`),
  ADD KEY `fk_madcomentarios_mprarticulos1_idx` (`articulo`),
  ADD KEY `fk_madcomentarios_mprcombos1_idx` (`combo`);

--
-- Indices de la tabla `madpaises`
--
ALTER TABLE `madpaises`
  ADD PRIMARY KEY (`id`);

--
-- Indices de la tabla `madparametros`
--
ALTER TABLE `madparametros`
  ADD PRIMARY KEY (`id`),
  ADD KEY `fk_madparametros_madtiparametros1_idx` (`tiparametro`);

--
-- Indices de la tabla `madpersonas`
--
ALTER TABLE `madpersonas`
  ADD PRIMARY KEY (`id`),
  ADD UNIQUE KEY `correo_UNIQUE` (`correo`),
  ADD UNIQUE KEY `identificacion_UNIQUE` (`identificacion`),
  ADD KEY `fk_personas_ciudades1_idx` (`ciudad`);

--
-- Indices de la tabla `madrecursos`
--
ALTER TABLE `madrecursos`
  ADD PRIMARY KEY (`id`),
  ADD UNIQUE KEY `codigo_UNIQUE` (`codigo`),
  ADD UNIQUE KEY `nombre_UNIQUE` (`nombre`);

--
-- Indices de la tabla `madroles`
--
ALTER TABLE `madroles`
  ADD PRIMARY KEY (`id`),
  ADD UNIQUE KEY `nomRol_UNIQUE` (`nombre`),
  ADD UNIQUE KEY `codigo_UNIQUE` (`codigo`);

--
-- Indices de la tabla `madrolrecursos`
--
ALTER TABLE `madrolrecursos`
  ADD PRIMARY KEY (`id`),
  ADD KEY `fk_madrecursos_has_madroles_madroles1_idx` (`rol`),
  ADD KEY `fk_madrecursos_has_madroles_madrecursos1_idx` (`recurso`);

--
-- Indices de la tabla `madsesion`
--
ALTER TABLE `madsesion`
  ADD PRIMARY KEY (`id`),
  ADD KEY `fk_LOGS_USUARIO1_idx` (`usuario`),
  ADD KEY `fk_logs_clientes1_idx` (`cliente`);

--
-- Indices de la tabla `madsoporte`
--
ALTER TABLE `madsoporte`
  ADD PRIMARY KEY (`id`),
  ADD KEY `cliente` (`cliente`);

--
-- Indices de la tabla `madtiparametros`
--
ALTER TABLE `madtiparametros`
  ADD PRIMARY KEY (`id`);

--
-- Indices de la tabla `madusuarioroles`
--
ALTER TABLE `madusuarioroles`
  ADD PRIMARY KEY (`id`),
  ADD KEY `fk_usuarios_has_roles_roles1_idx` (`rol`),
  ADD KEY `fk_usuarios_has_roles_usuarios1_idx` (`usuario`);

--
-- Indices de la tabla `mclclientes`
--
ALTER TABLE `mclclientes`
  ADD PRIMARY KEY (`id`),
  ADD UNIQUE KEY `login_UNIQUE` (`login`),
  ADD KEY `fk_clientes_muspersonas1_idx` (`persona`);

--
-- Indices de la tabla `mcllistadeseos`
--
ALTER TABLE `mcllistadeseos`
  ADD PRIMARY KEY (`id`),
  ADD KEY `fk_lista_deseos_producto1_idx` (`producto`),
  ADD KEY `fk_lista_deseos_clientes1_idx` (`cliente`),
  ADD KEY `fk_mcllistadeseos_mprcombos1_idx` (`combo`),
  ADD KEY `fk_mcllistadeseos_mprarticulos1_idx` (`articulo`);

--
-- Indices de la tabla `mprarticulos`
--
ALTER TABLE `mprarticulos`
  ADD PRIMARY KEY (`id`),
  ADD KEY `fk_mprarticulos_mprtparticulos1_idx` (`tipoarticulo`),
  ADD KEY `fk_mprarticulos_mprmarcas1_idx` (`marca`);

--
-- Indices de la tabla `mprbanners`
--
ALTER TABLE `mprbanners`
  ADD PRIMARY KEY (`id`),
  ADD KEY `fk_mprbanners_mprproductos1_idx` (`producto`),
  ADD KEY `fk_mprbanners_mprcombos1_idx` (`combo`);

--
-- Indices de la tabla `mprcategorias`
--
ALTER TABLE `mprcategorias`
  ADD PRIMARY KEY (`id`),
  ADD UNIQUE KEY `nombre_UNIQUE` (`nombre`);

--
-- Indices de la tabla `mprcombos`
--
ALTER TABLE `mprcombos`
  ADD PRIMARY KEY (`id`);

--
-- Indices de la tabla `mprcomproductos`
--
ALTER TABLE `mprcomproductos`
  ADD PRIMARY KEY (`id`),
  ADD KEY `fk_Combos_has_PRODUCTOS_Combos1_idx` (`combo`),
  ADD KEY `fk_COMBOS_PRODUCTOS_PRODUCTOS1_idx` (`producto`),
  ADD KEY `fk_mprcomproductos_mprarticulos1_idx` (`articulo`);

--
-- Indices de la tabla `mprimagen`
--
ALTER TABLE `mprimagen`
  ADD PRIMARY KEY (`id`),
  ADD KEY `fk_mprimagen_mprarticulos1_idx` (`articulo`),
  ADD KEY `fk_mprimagen_mprcombos1_idx` (`combo`),
  ADD KEY `fk_mprimagen_mprproductos1_idx` (`producto`),
  ADD KEY `fk_mprimagen_mprbanners1_idx` (`banner`);

--
-- Indices de la tabla `mprlineas`
--
ALTER TABLE `mprlineas`
  ADD PRIMARY KEY (`id`);

--
-- Indices de la tabla `mprmarcas`
--
ALTER TABLE `mprmarcas`
  ADD PRIMARY KEY (`id`),
  ADD UNIQUE KEY `nombre_UNIQUE` (`nombre`);

--
-- Indices de la tabla `mprproductos`
--
ALTER TABLE `mprproductos`
  ADD PRIMARY KEY (`id`),
  ADD KEY `fk_producto_proveedor1_idx` (`proveedor`),
  ADD KEY `fk_productos_categorias1_idx` (`categoria`),
  ADD KEY `fk_mprproductos_mprlineas1_idx` (`linea`);

--
-- Indices de la tabla `mprproveedores`
--
ALTER TABLE `mprproveedores`
  ADD PRIMARY KEY (`id`),
  ADD KEY `fk_PROVEEDORES_Personas1_idx` (`persona`);

--
-- Indices de la tabla `mprsucategorias`
--
ALTER TABLE `mprsucategorias`
  ADD PRIMARY KEY (`id`),
  ADD KEY `fk_subcategorias_categorias1_idx` (`categoria`);

--
-- Indices de la tabla `mprtparticulos`
--
ALTER TABLE `mprtparticulos`
  ADD PRIMARY KEY (`id`);

--
-- Indices de la tabla `mususuarios`
--
ALTER TABLE `mususuarios`
  ADD PRIMARY KEY (`id`),
  ADD UNIQUE KEY `login_UNIQUE` (`login`),
  ADD KEY `fk_Usuario_Personas1_idx` (`persona`);

--
-- Indices de la tabla `mvecarritos`
--
ALTER TABLE `mvecarritos`
  ADD PRIMARY KEY (`id`),
  ADD KEY `fk_carritos_clientes1_idx` (`cliente`);

--
-- Indices de la tabla `mvecomprobantes`
--
ALTER TABLE `mvecomprobantes`
  ADD PRIMARY KEY (`id`),
  ADD KEY `fk_mvecomprobantes_mvefacturas1_idx` (`factura`);

--
-- Indices de la tabla `mvedetcarritos`
--
ALTER TABLE `mvedetcarritos`
  ADD PRIMARY KEY (`id`),
  ADD KEY `fk_Detalle_carritos_Combos1_idx` (`combo`),
  ADD KEY `fk_Detalle_carritos_PRODUCTOS1_idx` (`producto`),
  ADD KEY `fk_Detalle_carritos_CARRITOS1_idx` (`carrito`),
  ADD KEY `fk_mvedetcarritos_mprarticulos1_idx` (`articulo`);

--
-- Indices de la tabla `mvedetfacturas`
--
ALTER TABLE `mvedetfacturas`
  ADD PRIMARY KEY (`id`),
  ADD KEY `fk_detalle_factura_producto_carrito1_idx` (`carrito`),
  ADD KEY `fk_DETALLE_FACTURAS_FACTURAS1_idx` (`factura`),
  ADD KEY `fk_DETALLE_FACTURAS_PRODUCTOS1_idx` (`producto`),
  ADD KEY `fk_detalle_facturas_combos1_idx` (`combo`),
  ADD KEY `fk_mvedetfacturas_mprarticulos1_idx` (`articulo`);

--
-- Indices de la tabla `mvefacturas`
--
ALTER TABLE `mvefacturas`
  ADD PRIMARY KEY (`id`),
  ADD KEY `fk_facturas_clientes1_idx` (`cliente`);

--
-- AUTO_INCREMENT de las tablas volcadas
--

--
-- AUTO_INCREMENT de la tabla `departamentos`
--
ALTER TABLE `departamentos`
  MODIFY `id` int(11) NOT NULL AUTO_INCREMENT COMMENT 'Identificador único del registro', AUTO_INCREMENT=100;

--
-- AUTO_INCREMENT de la tabla `madciudades`
--
ALTER TABLE `madciudades`
  MODIFY `id` int(11) NOT NULL AUTO_INCREMENT COMMENT 'Identificador unico del registro', AUTO_INCREMENT=1101;

--
-- AUTO_INCREMENT de la tabla `madcomentarios`
--
ALTER TABLE `madcomentarios`
  MODIFY `id` int(11) NOT NULL AUTO_INCREMENT COMMENT 'Identificador único del registro', AUTO_INCREMENT=8;

--
-- AUTO_INCREMENT de la tabla `madpaises`
--
ALTER TABLE `madpaises`
  MODIFY `id` int(11) NOT NULL AUTO_INCREMENT COMMENT 'Identificador único del registro', AUTO_INCREMENT=247;

--
-- AUTO_INCREMENT de la tabla `madparametros`
--
ALTER TABLE `madparametros`
  MODIFY `id` int(11) NOT NULL AUTO_INCREMENT COMMENT 'Identificador único del registro', AUTO_INCREMENT=6;

--
-- AUTO_INCREMENT de la tabla `madpersonas`
--
ALTER TABLE `madpersonas`
  MODIFY `id` int(11) NOT NULL AUTO_INCREMENT COMMENT 'Identificador único del registro', AUTO_INCREMENT=13;

--
-- AUTO_INCREMENT de la tabla `madrecursos`
--
ALTER TABLE `madrecursos`
  MODIFY `id` int(11) NOT NULL AUTO_INCREMENT COMMENT 'Identificador único del registro', AUTO_INCREMENT=8;

--
-- AUTO_INCREMENT de la tabla `madroles`
--
ALTER TABLE `madroles`
  MODIFY `id` int(11) NOT NULL AUTO_INCREMENT COMMENT 'Identificador único del registro', AUTO_INCREMENT=4;

--
-- AUTO_INCREMENT de la tabla `madrolrecursos`
--
ALTER TABLE `madrolrecursos`
  MODIFY `id` int(11) NOT NULL AUTO_INCREMENT COMMENT 'Identificador único del registro', AUTO_INCREMENT=22;

--
-- AUTO_INCREMENT de la tabla `madsesion`
--
ALTER TABLE `madsesion`
  MODIFY `id` int(11) NOT NULL AUTO_INCREMENT COMMENT 'Identificador único del registro', AUTO_INCREMENT=246;

--
-- AUTO_INCREMENT de la tabla `madsoporte`
--
ALTER TABLE `madsoporte`
  MODIFY `id` int(11) NOT NULL AUTO_INCREMENT COMMENT 'identificador del soporte que se añade', AUTO_INCREMENT=3;

--
-- AUTO_INCREMENT de la tabla `madtiparametros`
--
ALTER TABLE `madtiparametros`
  MODIFY `id` int(11) NOT NULL AUTO_INCREMENT COMMENT 'Identificador único del registro', AUTO_INCREMENT=3;

--
-- AUTO_INCREMENT de la tabla `madusuarioroles`
--
ALTER TABLE `madusuarioroles`
  MODIFY `id` int(11) NOT NULL AUTO_INCREMENT COMMENT 'Identificador único del registro', AUTO_INCREMENT=9;

--
-- AUTO_INCREMENT de la tabla `mclclientes`
--
ALTER TABLE `mclclientes`
  MODIFY `id` int(11) NOT NULL AUTO_INCREMENT COMMENT 'Identificador único del registro', AUTO_INCREMENT=3;

--
-- AUTO_INCREMENT de la tabla `mcllistadeseos`
--
ALTER TABLE `mcllistadeseos`
  MODIFY `id` int(11) NOT NULL AUTO_INCREMENT COMMENT 'Identificador único del registro';

--
-- AUTO_INCREMENT de la tabla `mprarticulos`
--
ALTER TABLE `mprarticulos`
  MODIFY `id` int(11) NOT NULL AUTO_INCREMENT COMMENT 'Identificador único del registro', AUTO_INCREMENT=6;

--
-- AUTO_INCREMENT de la tabla `mprbanners`
--
ALTER TABLE `mprbanners`
  MODIFY `id` int(11) NOT NULL AUTO_INCREMENT COMMENT 'Identificador único del registro';

--
-- AUTO_INCREMENT de la tabla `mprcategorias`
--
ALTER TABLE `mprcategorias`
  MODIFY `id` int(11) NOT NULL AUTO_INCREMENT COMMENT 'Identificador único del registro\n', AUTO_INCREMENT=4;

--
-- AUTO_INCREMENT de la tabla `mprcombos`
--
ALTER TABLE `mprcombos`
  MODIFY `id` int(11) NOT NULL AUTO_INCREMENT COMMENT 'Identificador único del registro', AUTO_INCREMENT=37;

--
-- AUTO_INCREMENT de la tabla `mprcomproductos`
--
ALTER TABLE `mprcomproductos`
  MODIFY `id` int(11) NOT NULL AUTO_INCREMENT COMMENT '\nIdentificador único del registro\n', AUTO_INCREMENT=89;

--
-- AUTO_INCREMENT de la tabla `mprimagen`
--
ALTER TABLE `mprimagen`
  MODIFY `id` int(11) NOT NULL AUTO_INCREMENT COMMENT 'Identificador único del registro', AUTO_INCREMENT=102;

--
-- AUTO_INCREMENT de la tabla `mprlineas`
--
ALTER TABLE `mprlineas`
  MODIFY `id` int(11) NOT NULL AUTO_INCREMENT COMMENT 'Identificador único del registro', AUTO_INCREMENT=9;

--
-- AUTO_INCREMENT de la tabla `mprmarcas`
--
ALTER TABLE `mprmarcas`
  MODIFY `id` int(11) NOT NULL AUTO_INCREMENT COMMENT 'Identificador único del registro', AUTO_INCREMENT=3;

--
-- AUTO_INCREMENT de la tabla `mprproductos`
--
ALTER TABLE `mprproductos`
  MODIFY `id` int(11) NOT NULL AUTO_INCREMENT COMMENT 'Identificador único del registro', AUTO_INCREMENT=9;

--
-- AUTO_INCREMENT de la tabla `mprproveedores`
--
ALTER TABLE `mprproveedores`
  MODIFY `id` int(11) NOT NULL AUTO_INCREMENT COMMENT 'Identificador único del registro', AUTO_INCREMENT=3;

--
-- AUTO_INCREMENT de la tabla `mprsucategorias`
--
ALTER TABLE `mprsucategorias`
  MODIFY `id` int(11) NOT NULL AUTO_INCREMENT COMMENT 'Identificador único del registro', AUTO_INCREMENT=3;

--
-- AUTO_INCREMENT de la tabla `mprtparticulos`
--
ALTER TABLE `mprtparticulos`
  MODIFY `id` int(11) NOT NULL AUTO_INCREMENT COMMENT 'Identificador único del registro', AUTO_INCREMENT=2;

--
-- AUTO_INCREMENT de la tabla `mususuarios`
--
ALTER TABLE `mususuarios`
  MODIFY `id` int(11) NOT NULL AUTO_INCREMENT COMMENT 'Identificador único del registro', AUTO_INCREMENT=9;

--
-- AUTO_INCREMENT de la tabla `mvecarritos`
--
ALTER TABLE `mvecarritos`
  MODIFY `id` int(11) NOT NULL AUTO_INCREMENT COMMENT 'Identificador único del registro\n';

--
-- AUTO_INCREMENT de la tabla `mvecomprobantes`
--
ALTER TABLE `mvecomprobantes`
  MODIFY `id` int(11) NOT NULL AUTO_INCREMENT COMMENT 'Identificador único del registro';

--
-- AUTO_INCREMENT de la tabla `mvedetcarritos`
--
ALTER TABLE `mvedetcarritos`
  MODIFY `id` int(11) NOT NULL AUTO_INCREMENT COMMENT 'Identificador único del registro';

--
-- AUTO_INCREMENT de la tabla `mvedetfacturas`
--
ALTER TABLE `mvedetfacturas`
  MODIFY `id` int(11) NOT NULL AUTO_INCREMENT COMMENT 'Identificador único del registro';

--
-- AUTO_INCREMENT de la tabla `mvefacturas`
--
ALTER TABLE `mvefacturas`
  MODIFY `id` int(11) NOT NULL AUTO_INCREMENT COMMENT 'Identificador único del registro';

--
-- Restricciones para tablas volcadas
--

--
-- Filtros para la tabla `departamentos`
--
ALTER TABLE `departamentos`
  ADD CONSTRAINT `fk_departamentos_paises1` FOREIGN KEY (`pais`) REFERENCES `madpaises` (`id`) ON DELETE NO ACTION ON UPDATE NO ACTION;

--
-- Filtros para la tabla `madciudades`
--
ALTER TABLE `madciudades`
  ADD CONSTRAINT `fk_ciudades_departamentos1` FOREIGN KEY (`departamento`) REFERENCES `departamentos` (`id`) ON DELETE NO ACTION ON UPDATE NO ACTION;

--
-- Filtros para la tabla `madcomentarios`
--
ALTER TABLE `madcomentarios`
  ADD CONSTRAINT `fk_COMENTARIO_PRODUCTO1` FOREIGN KEY (`producto`) REFERENCES `mprproductos` (`id`) ON DELETE NO ACTION ON UPDATE NO ACTION,
  ADD CONSTRAINT `fk_comentarios_clientes1` FOREIGN KEY (`clientes`) REFERENCES `mclclientes` (`id`) ON DELETE NO ACTION ON UPDATE NO ACTION,
  ADD CONSTRAINT `fk_madcomentarios_mprarticulos1` FOREIGN KEY (`articulo`) REFERENCES `mprarticulos` (`id`) ON DELETE NO ACTION ON UPDATE NO ACTION,
  ADD CONSTRAINT `fk_madcomentarios_mprcombos1` FOREIGN KEY (`combo`) REFERENCES `mprcombos` (`id`) ON DELETE NO ACTION ON UPDATE NO ACTION;

--
-- Filtros para la tabla `madparametros`
--
ALTER TABLE `madparametros`
  ADD CONSTRAINT `fk_madparametros_madtiparametros1` FOREIGN KEY (`tiparametro`) REFERENCES `madtiparametros` (`id`) ON DELETE NO ACTION ON UPDATE NO ACTION;

--
-- Filtros para la tabla `madpersonas`
--
ALTER TABLE `madpersonas`
  ADD CONSTRAINT `fk_personas_ciudades1` FOREIGN KEY (`ciudad`) REFERENCES `madciudades` (`id`) ON DELETE NO ACTION ON UPDATE NO ACTION;

--
-- Filtros para la tabla `madrolrecursos`
--
ALTER TABLE `madrolrecursos`
  ADD CONSTRAINT `fk_madrecursos_has_madroles_madrecursos1` FOREIGN KEY (`recurso`) REFERENCES `madrecursos` (`id`) ON DELETE NO ACTION ON UPDATE NO ACTION,
  ADD CONSTRAINT `fk_madrecursos_has_madroles_madroles1` FOREIGN KEY (`rol`) REFERENCES `madroles` (`id`) ON DELETE NO ACTION ON UPDATE NO ACTION;

--
-- Filtros para la tabla `madsesion`
--
ALTER TABLE `madsesion`
  ADD CONSTRAINT `fk_LOGS_USUARIO1` FOREIGN KEY (`usuario`) REFERENCES `mususuarios` (`id`) ON DELETE NO ACTION ON UPDATE NO ACTION,
  ADD CONSTRAINT `fk_logs_clientes1` FOREIGN KEY (`cliente`) REFERENCES `mclclientes` (`id`) ON DELETE NO ACTION ON UPDATE NO ACTION;

--
-- Filtros para la tabla `madsoporte`
--
ALTER TABLE `madsoporte`
  ADD CONSTRAINT `madsoporte_ibfk_1` FOREIGN KEY (`cliente`) REFERENCES `mclclientes` (`id`);

--
-- Filtros para la tabla `madusuarioroles`
--
ALTER TABLE `madusuarioroles`
  ADD CONSTRAINT `fk_usuarios_has_roles_roles1` FOREIGN KEY (`rol`) REFERENCES `madroles` (`id`) ON DELETE NO ACTION ON UPDATE NO ACTION,
  ADD CONSTRAINT `fk_usuarios_has_roles_usuarios1` FOREIGN KEY (`usuario`) REFERENCES `mususuarios` (`id`) ON DELETE NO ACTION ON UPDATE NO ACTION;

--
-- Filtros para la tabla `mclclientes`
--
ALTER TABLE `mclclientes`
  ADD CONSTRAINT `fk_clientes_muspersonas1` FOREIGN KEY (`persona`) REFERENCES `madpersonas` (`id`) ON DELETE NO ACTION ON UPDATE NO ACTION;

--
-- Filtros para la tabla `mcllistadeseos`
--
ALTER TABLE `mcllistadeseos`
  ADD CONSTRAINT `fk_lista_deseos_clientes1` FOREIGN KEY (`cliente`) REFERENCES `mclclientes` (`id`) ON DELETE NO ACTION ON UPDATE NO ACTION,
  ADD CONSTRAINT `fk_lista_deseos_producto1` FOREIGN KEY (`producto`) REFERENCES `mprproductos` (`id`) ON DELETE NO ACTION ON UPDATE NO ACTION,
  ADD CONSTRAINT `fk_mcllistadeseos_mprarticulos1` FOREIGN KEY (`articulo`) REFERENCES `mprarticulos` (`id`) ON DELETE NO ACTION ON UPDATE NO ACTION,
  ADD CONSTRAINT `fk_mcllistadeseos_mprcombos1` FOREIGN KEY (`combo`) REFERENCES `mprcombos` (`id`) ON DELETE NO ACTION ON UPDATE NO ACTION;

--
-- Filtros para la tabla `mprarticulos`
--
ALTER TABLE `mprarticulos`
  ADD CONSTRAINT `fk_mprarticulos_mprmarcas1` FOREIGN KEY (`marca`) REFERENCES `mprmarcas` (`id`) ON DELETE NO ACTION ON UPDATE NO ACTION,
  ADD CONSTRAINT `fk_mprarticulos_mprtparticulos1` FOREIGN KEY (`tipoarticulo`) REFERENCES `mprtparticulos` (`id`) ON DELETE NO ACTION ON UPDATE NO ACTION;

--
-- Filtros para la tabla `mprbanners`
--
ALTER TABLE `mprbanners`
  ADD CONSTRAINT `fk_mprbanners_mprcombos1` FOREIGN KEY (`combo`) REFERENCES `mprcombos` (`id`) ON DELETE NO ACTION ON UPDATE NO ACTION,
  ADD CONSTRAINT `fk_mprbanners_mprproductos1` FOREIGN KEY (`producto`) REFERENCES `mprproductos` (`id`) ON DELETE NO ACTION ON UPDATE NO ACTION;

--
-- Filtros para la tabla `mprcomproductos`
--
ALTER TABLE `mprcomproductos`
  ADD CONSTRAINT `fk_COMBOS_PRODUCTOS_PRODUCTOS1` FOREIGN KEY (`producto`) REFERENCES `mprproductos` (`id`) ON DELETE NO ACTION ON UPDATE NO ACTION,
  ADD CONSTRAINT `fk_Combos_has_PRODUCTOS_Combos1` FOREIGN KEY (`combo`) REFERENCES `mprcombos` (`id`) ON DELETE NO ACTION ON UPDATE NO ACTION,
  ADD CONSTRAINT `fk_mprcomproductos_mprarticulos1` FOREIGN KEY (`articulo`) REFERENCES `mprarticulos` (`id`) ON DELETE NO ACTION ON UPDATE NO ACTION;

--
-- Filtros para la tabla `mprimagen`
--
ALTER TABLE `mprimagen`
  ADD CONSTRAINT `fk_mprimagen_mprarticulos1` FOREIGN KEY (`articulo`) REFERENCES `mprarticulos` (`id`) ON DELETE NO ACTION ON UPDATE NO ACTION,
  ADD CONSTRAINT `fk_mprimagen_mprbanners1` FOREIGN KEY (`banner`) REFERENCES `mprbanners` (`id`) ON DELETE NO ACTION ON UPDATE NO ACTION,
  ADD CONSTRAINT `fk_mprimagen_mprcombos1` FOREIGN KEY (`combo`) REFERENCES `mprcombos` (`id`) ON DELETE NO ACTION ON UPDATE NO ACTION,
  ADD CONSTRAINT `fk_mprimagen_mprproductos1` FOREIGN KEY (`producto`) REFERENCES `mprproductos` (`id`) ON DELETE NO ACTION ON UPDATE NO ACTION;

--
-- Filtros para la tabla `mprproductos`
--
ALTER TABLE `mprproductos`
  ADD CONSTRAINT `fk_mprproductos_mprlineas1` FOREIGN KEY (`linea`) REFERENCES `mprlineas` (`id`) ON DELETE NO ACTION ON UPDATE NO ACTION,
  ADD CONSTRAINT `fk_producto_proveedor1` FOREIGN KEY (`proveedor`) REFERENCES `mprproveedores` (`id`) ON DELETE NO ACTION ON UPDATE NO ACTION,
  ADD CONSTRAINT `fk_productos_categorias1` FOREIGN KEY (`categoria`) REFERENCES `mprsucategorias` (`id`) ON DELETE NO ACTION ON UPDATE NO ACTION;

--
-- Filtros para la tabla `mprproveedores`
--
ALTER TABLE `mprproveedores`
  ADD CONSTRAINT `fk_PROVEEDORES_Personas1` FOREIGN KEY (`persona`) REFERENCES `madpersonas` (`id`) ON DELETE NO ACTION ON UPDATE NO ACTION;

--
-- Filtros para la tabla `mprsucategorias`
--
ALTER TABLE `mprsucategorias`
  ADD CONSTRAINT `fk_subcategorias_categorias1` FOREIGN KEY (`categoria`) REFERENCES `mprcategorias` (`id`) ON DELETE NO ACTION ON UPDATE NO ACTION;

--
-- Filtros para la tabla `mususuarios`
--
ALTER TABLE `mususuarios`
  ADD CONSTRAINT `fk_Usuario_Personas1` FOREIGN KEY (`persona`) REFERENCES `madpersonas` (`id`) ON DELETE NO ACTION ON UPDATE NO ACTION;

--
-- Filtros para la tabla `mvecarritos`
--
ALTER TABLE `mvecarritos`
  ADD CONSTRAINT `fk_carritos_clientes1` FOREIGN KEY (`cliente`) REFERENCES `mclclientes` (`id`) ON DELETE NO ACTION ON UPDATE NO ACTION;

--
-- Filtros para la tabla `mvecomprobantes`
--
ALTER TABLE `mvecomprobantes`
  ADD CONSTRAINT `fk_mvecomprobantes_mvefacturas1` FOREIGN KEY (`factura`) REFERENCES `mvefacturas` (`id`) ON DELETE NO ACTION ON UPDATE NO ACTION;

--
-- Filtros para la tabla `mvedetcarritos`
--
ALTER TABLE `mvedetcarritos`
  ADD CONSTRAINT `fk_Detalle_carritos_CARRITOS1` FOREIGN KEY (`carrito`) REFERENCES `mvecarritos` (`id`) ON DELETE NO ACTION ON UPDATE NO ACTION,
  ADD CONSTRAINT `fk_Detalle_carritos_Combos1` FOREIGN KEY (`combo`) REFERENCES `mprcombos` (`id`) ON DELETE NO ACTION ON UPDATE NO ACTION,
  ADD CONSTRAINT `fk_Detalle_carritos_PRODUCTOS1` FOREIGN KEY (`producto`) REFERENCES `mprproductos` (`id`) ON DELETE NO ACTION ON UPDATE NO ACTION,
  ADD CONSTRAINT `fk_mvedetcarritos_mprarticulos1` FOREIGN KEY (`articulo`) REFERENCES `mprarticulos` (`id`) ON DELETE NO ACTION ON UPDATE NO ACTION;

--
-- Filtros para la tabla `mvedetfacturas`
--
ALTER TABLE `mvedetfacturas`
  ADD CONSTRAINT `fk_DETALLE_FACTURAS_FACTURAS1` FOREIGN KEY (`factura`) REFERENCES `mvefacturas` (`id`) ON DELETE NO ACTION ON UPDATE NO ACTION,
  ADD CONSTRAINT `fk_DETALLE_FACTURAS_PRODUCTOS1` FOREIGN KEY (`producto`) REFERENCES `mprproductos` (`id`) ON DELETE NO ACTION ON UPDATE NO ACTION,
  ADD CONSTRAINT `fk_detalle_factura_producto_carrito1` FOREIGN KEY (`carrito`) REFERENCES `mvecarritos` (`id`) ON DELETE NO ACTION ON UPDATE NO ACTION,
  ADD CONSTRAINT `fk_detalle_facturas_combos1` FOREIGN KEY (`combo`) REFERENCES `mprcombos` (`id`) ON DELETE NO ACTION ON UPDATE NO ACTION,
  ADD CONSTRAINT `fk_mvedetfacturas_mprarticulos1` FOREIGN KEY (`articulo`) REFERENCES `mprarticulos` (`id`) ON DELETE NO ACTION ON UPDATE NO ACTION;

--
-- Filtros para la tabla `mvefacturas`
--
ALTER TABLE `mvefacturas`
  ADD CONSTRAINT `fk_facturas_clientes1` FOREIGN KEY (`cliente`) REFERENCES `mclclientes` (`id`) ON DELETE NO ACTION ON UPDATE NO ACTION;
COMMIT;

/*!40101 SET CHARACTER_SET_CLIENT=@OLD_CHARACTER_SET_CLIENT */;
/*!40101 SET CHARACTER_SET_RESULTS=@OLD_CHARACTER_SET_RESULTS */;
/*!40101 SET COLLATION_CONNECTION=@OLD_COLLATION_CONNECTION */;
